episode,brief,trigger,action,reward
0,form-to-endpoint,emailReadImap,readWriteFile,0.0
1,morning-metrics,scheduleTrigger,slack,0.5
2,email-archiver,webhook,httpRequest,0.0
3,rss-alert,webhook,slack,0.5
4,form-to-endpoint,rssFeedTrigger,googleSheets,0.0
5,morning-metrics,rssFeedTrigger,googleSheets,0.5
6,email-archiver,emailReadImap,slack,0.5
7,rss-alert,emailReadImap,readWriteFile,0.0
8,form-to-endpoint,emailReadImap,readWriteFile,0.0
9,morning-metrics,rssFeedTrigger,httpRequest,0.0
10,email-archiver,rssFeedTrigger,readWriteFile,0.5
11,rss-alert,webhook,readWriteFile,0.0
12,form-to-endpoint,rssFeedTrigger,googleSheets,0.0
13,morning-metrics,webhook,readWriteFile,0.0
14,email-archiver,emailReadImap,googleSheets,0.5
15,rss-alert,webhook,readWriteFile,0.0
16,form-to-endpoint,rssFeedTrigger,httpRequest,0.5
17,morning-metrics,scheduleTrigger,googleSheets,1.0
18,email-archiver,emailReadImap,googleSheets,0.5
19,rss-alert,scheduleTrigger,googleSheets,0.0
20,form-to-endpoint,webhook,readWriteFile,0.5
21,morning-metrics,webhook,googleSheets,0.5
22,email-archiver,emailReadImap,readWriteFile,1.0
23,rss-alert,emailReadImap,slack,0.5
24,form-to-endpoint,scheduleTrigger,slack,0.0
25,morning-metrics,scheduleTrigger,googleSheets,1.0
26,email-archiver,rssFeedTrigger,readWriteFile,0.5
27,rss-alert,rssFeedTrigger,readWriteFile,0.5
28,form-to-endpoint,emailReadImap,httpRequest,0.5
29,morning-metrics,scheduleTrigger,slack,0.5
30,email-archiver,emailReadImap,readWriteFile,1.0
31,rss-alert,emailReadImap,httpRequest,0.0
32,form-to-endpoint,webhook,googleSheets,0.5
33,morning-metrics,scheduleTrigger,googleSheets,1.0
34,email-archiver,emailReadImap,readWriteFile,1.0
35,rss-alert,scheduleTrigger,slack,0.5
36,form-to-endpoint,webhook,httpRequest,1.0
37,morning-metrics,emailReadImap,googleSheets,0.5
38,email-archiver,emailReadImap,readWriteFile,1.0
39,rss-alert,emailReadImap,httpRequest,0.0
40,form-to-endpoint,webhook,httpRequest,1.0
41,morning-metrics,scheduleTrigger,googleSheets,1.0
42,email-archiver,emailReadImap,readWriteFile,1.0
43,rss-alert,emailReadImap,slack,0.5
44,form-to-endpoint,webhook,readWriteFile,0.5
45,morning-metrics,emailReadImap,googleSheets,0.5
46,email-archiver,emailReadImap,readWriteFile,1.0
47,rss-alert,rssFeedTrigger,slack,1.0
48,form-to-endpoint,webhook,httpRequest,1.0
49,morning-metrics,scheduleTrigger,googleSheets,1.0
50,email-archiver,emailReadImap,readWriteFile,1.0
51,rss-alert,scheduleTrigger,slack,0.5
52,form-to-endpoint,emailReadImap,httpRequest,0.5
53,morning-metrics,scheduleTrigger,googleSheets,1.0
54,email-archiver,emailReadImap,readWriteFile,1.0
55,rss-alert,scheduleTrigger,googleSheets,0.0
56,form-to-endpoint,webhook,googleSheets,0.5
57,morning-metrics,scheduleTrigger,googleSheets,1.0
58,email-archiver,emailReadImap,readWriteFile,1.0
59,rss-alert,webhook,slack,0.5
60,form-to-endpoint,webhook,httpRequest,1.0
61,morning-metrics,scheduleTrigger,httpRequest,0.5
62,email-archiver,scheduleTrigger,readWriteFile,0.5
63,rss-alert,rssFeedTrigger,slack,1.0
64,form-to-endpoint,webhook,httpRequest,1.0
65,morning-metrics,scheduleTrigger,googleSheets,1.0
66,email-archiver,emailReadImap,readWriteFile,1.0
67,rss-alert,rssFeedTrigger,slack,1.0
68,form-to-endpoint,webhook,httpRequest,1.0
69,morning-metrics,scheduleTrigger,slack,0.5
70,email-archiver,emailReadImap,readWriteFile,1.0
71,rss-alert,rssFeedTrigger,slack,1.0
72,form-to-endpoint,webhook,googleSheets,0.5
73,morning-metrics,rssFeedTrigger,googleSheets,0.5
74,email-archiver,emailReadImap,readWriteFile,1.0
75,rss-alert,rssFeedTrigger,httpRequest,0.5
76,form-to-endpoint,webhook,httpRequest,1.0
77,morning-metrics,rssFeedTrigger,googleSheets,0.5
78,email-archiver,emailReadImap,readWriteFile,1.0
79,rss-alert,rssFeedTrigger,slack,1.0
80,form-to-endpoint,webhook,httpRequest,1.0
81,morning-metrics,scheduleTrigger,googleSheets,1.0
82,email-archiver,emailReadImap,readWriteFile,1.0
83,rss-alert,rssFeedTrigger,slack,1.0
84,form-to-endpoint,webhook,httpRequest,1.0
85,morning-metrics,scheduleTrigger,googleSheets,1.0
86,email-archiver,emailReadImap,readWriteFile,1.0
87,rss-alert,rssFeedTrigger,slack,1.0
88,form-to-endpoint,webhook,httpRequest,1.0
89,morning-metrics,scheduleTrigger,googleSheets,1.0
90,email-archiver,emailReadImap,readWriteFile,1.0
91,rss-alert,rssFeedTrigger,slack,1.0
92,form-to-endpoint,webhook,httpRequest,1.0
93,morning-metrics,scheduleTrigger,httpRequest,0.5
94,email-archiver,rssFeedTrigger,readWriteFile,0.5
95,rss-alert,rssFeedTrigger,slack,1.0
96,form-to-endpoint,webhook,httpRequest,1.0
97,morning-metrics,emailReadImap,googleSheets,0.5
98,email-archiver,emailReadImap,readWriteFile,1.0
99,rss-alert,rssFeedTrigger,slack,1.0
100,form-to-endpoint,webhook,httpRequest,1.0
101,morning-metrics,scheduleTrigger,googleSheets,1.0
102,email-archiver,emailReadImap,readWriteFile,1.0
103,rss-alert,rssFeedTrigger,slack,1.0
104,form-to-endpoint,webhook,httpRequest,1.0
105,morning-metrics,scheduleTrigger,googleSheets,1.0
106,email-archiver,emailReadImap,readWriteFile,1.0
107,rss-alert,rssFeedTrigger,slack,1.0
108,form-to-endpoint,webhook,slack,0.5
109,morning-metrics,scheduleTrigger,googleSheets,1.0
110,email-archiver,emailReadImap,readWriteFile,1.0
111,rss-alert,webhook,readWriteFile,0.0
112,form-to-endpoint,webhook,httpRequest,1.0
113,morning-metrics,webhook,googleSheets,0.5
114,email-archiver,emailReadImap,readWriteFile,1.0
115,rss-alert,rssFeedTrigger,slack,1.0
116,form-to-endpoint,emailReadImap,httpRequest,0.5
117,morning-metrics,scheduleTrigger,googleSheets,1.0
118,email-archiver,emailReadImap,readWriteFile,1.0
119,rss-alert,emailReadImap,slack,0.5
120,form-to-endpoint,webhook,httpRequest,1.0
121,morning-metrics,scheduleTrigger,googleSheets,1.0
122,email-archiver,emailReadImap,readWriteFile,1.0
123,rss-alert,rssFeedTrigger,slack,1.0
124,form-to-endpoint,webhook,httpRequest,1.0
125,morning-metrics,scheduleTrigger,googleSheets,1.0
126,email-archiver,emailReadImap,readWriteFile,1.0
127,rss-alert,rssFeedTrigger,slack,1.0
128,form-to-endpoint,webhook,httpRequest,1.0
129,morning-metrics,scheduleTrigger,googleSheets,1.0
130,email-archiver,emailReadImap,readWriteFile,1.0
131,rss-alert,rssFeedTrigger,slack,1.0
132,form-to-endpoint,webhook,readWriteFile,0.5
133,morning-metrics,scheduleTrigger,googleSheets,1.0
134,email-archiver,emailReadImap,readWriteFile,1.0
135,rss-alert,rssFeedTrigger,slack,1.0
136,form-to-endpoint,webhook,httpRequest,1.0
137,morning-metrics,scheduleTrigger,googleSheets,1.0
138,email-archiver,emailReadImap,readWriteFile,1.0
139,rss-alert,rssFeedTrigger,slack,1.0
140,form-to-endpoint,webhook,httpRequest,1.0
141,morning-metrics,scheduleTrigger,googleSheets,1.0
142,email-archiver,emailReadImap,readWriteFile,1.0
143,rss-alert,rssFeedTrigger,slack,1.0
144,form-to-endpoint,webhook,httpRequest,1.0
145,morning-metrics,scheduleTrigger,googleSheets,1.0
146,email-archiver,scheduleTrigger,readWriteFile,0.5
147,rss-alert,rssFeedTrigger,slack,1.0
148,form-to-endpoint,webhook,httpRequest,1.0
149,morning-metrics,scheduleTrigger,googleSheets,1.0
150,email-archiver,webhook,slack,0.0
151,rss-alert,rssFeedTrigger,slack,1.0
152,form-to-endpoint,webhook,httpRequest,1.0
153,morning-metrics,scheduleTrigger,googleSheets,1.0
154,email-archiver,emailReadImap,readWriteFile,1.0
155,rss-alert,rssFeedTrigger,slack,1.0
156,form-to-endpoint,emailReadImap,httpRequest,0.5
157,morning-metrics,scheduleTrigger,googleSheets,1.0
158,email-archiver,emailReadImap,readWriteFile,1.0
159,rss-alert,emailReadImap,slack,0.5
160,form-to-endpoint,webhook,httpRequest,1.0
161,morning-metrics,scheduleTrigger,slack,0.5
162,email-archiver,emailReadImap,readWriteFile,1.0
163,rss-alert,rssFeedTrigger,slack,1.0
164,form-to-endpoint,webhook,httpRequest,1.0
165,morning-metrics,scheduleTrigger,googleSheets,1.0
166,email-archiver,emailReadImap,readWriteFile,1.0
167,rss-alert,rssFeedTrigger,slack,1.0
168,form-to-endpoint,webhook,httpRequest,1.0
169,morning-metrics,scheduleTrigger,slack,0.5
170,email-archiver,emailReadImap,readWriteFile,1.0
171,rss-alert,rssFeedTrigger,slack,1.0
172,form-to-endpoint,webhook,httpRequest,1.0
173,morning-metrics,scheduleTrigger,googleSheets,1.0
174,email-archiver,emailReadImap,readWriteFile,1.0
175,rss-alert,rssFeedTrigger,slack,1.0
176,form-to-endpoint,webhook,httpRequest,1.0
177,morning-metrics,emailReadImap,googleSheets,0.5
178,email-archiver,emailReadImap,slack,0.5
179,rss-alert,rssFeedTrigger,slack,1.0
180,form-to-endpoint,webhook,httpRequest,1.0
181,morning-metrics,scheduleTrigger,googleSheets,1.0
182,email-archiver,emailReadImap,readWriteFile,1.0
183,rss-alert,rssFeedTrigger,slack,1.0
184,form-to-endpoint,webhook,httpRequest,1.0
185,morning-metrics,scheduleTrigger,googleSheets,1.0
186,email-archiver,emailReadImap,slack,0.5
187,rss-alert,rssFeedTrigger,slack,1.0
188,form-to-endpoint,webhook,httpRequest,1.0
189,morning-metrics,scheduleTrigger,googleSheets,1.0
190,email-archiver,emailReadImap,readWriteFile,1.0
191,rss-alert,rssFeedTrigger,slack,1.0
192,form-to-endpoint,webhook,httpRequest,1.0
193,morning-metrics,scheduleTrigger,googleSheets,1.0
194,email-archiver,rssFeedTrigger,httpRequest,0.0
195,rss-alert,rssFeedTrigger,slack,1.0
196,form-to-endpoint,webhook,httpRequest,1.0
197,morning-metrics,scheduleTrigger,googleSheets,1.0
198,email-archiver,rssFeedTrigger,readWriteFile,0.5
199,rss-alert,rssFeedTrigger,slack,1.0
200,form-to-endpoint,webhook,httpRequest,1.0
201,morning-metrics,scheduleTrigger,googleSheets,1.0
202,email-archiver,emailReadImap,readWriteFile,1.0
203,rss-alert,rssFeedTrigger,slack,1.0
204,form-to-endpoint,webhook,httpRequest,1.0
205,morning-metrics,scheduleTrigger,googleSheets,1.0
206,email-archiver,emailReadImap,readWriteFile,1.0
207,rss-alert,emailReadImap,slack,0.5
208,form-to-endpoint,webhook,httpRequest,1.0
209,morning-metrics,scheduleTrigger,googleSheets,1.0
210,email-archiver,emailReadImap,readWriteFile,1.0
211,rss-alert,rssFeedTrigger,slack,1.0
212,form-to-endpoint,webhook,httpRequest,1.0
213,morning-metrics,scheduleTrigger,googleSheets,1.0
214,email-archiver,emailReadImap,readWriteFile,1.0
215,rss-alert,rssFeedTrigger,slack,1.0
216,form-to-endpoint,webhook,httpRequest,1.0
217,morning-metrics,scheduleTrigger,googleSheets,1.0
218,email-archiver,emailReadImap,readWriteFile,1.0
219,rss-alert,rssFeedTrigger,slack,1.0
220,form-to-endpoint,scheduleTrigger,httpRequest,0.5
221,morning-metrics,scheduleTrigger,readWriteFile,0.5
222,email-archiver,emailReadImap,readWriteFile,1.0
223,rss-alert,emailReadImap,slack,0.5
224,form-to-endpoint,webhook,httpRequest,1.0
225,morning-metrics,scheduleTrigger,googleSheets,1.0
226,email-archiver,emailReadImap,readWriteFile,1.0
227,rss-alert,rssFeedTrigger,slack,1.0
228,form-to-endpoint,webhook,httpRequest,1.0
229,morning-metrics,scheduleTrigger,googleSheets,1.0
230,email-archiver,emailReadImap,readWriteFile,1.0
231,rss-alert,rssFeedTrigger,slack,1.0
232,form-to-endpoint,webhook,httpRequest,1.0
233,morning-metrics,scheduleTrigger,readWriteFile,0.5
234,email-archiver,emailReadImap,readWriteFile,1.0
235,rss-alert,rssFeedTrigger,slack,1.0
236,form-to-endpoint,webhook,httpRequest,1.0
237,morning-metrics,scheduleTrigger,googleSheets,1.0
238,email-archiver,emailReadImap,readWriteFile,1.0
239,rss-alert,rssFeedTrigger,httpRequest,0.5
240,form-to-endpoint,webhook,httpRequest,1.0
241,morning-metrics,emailReadImap,googleSheets,0.5
242,email-archiver,emailReadImap,readWriteFile,1.0
243,rss-alert,rssFeedTrigger,slack,1.0
244,form-to-endpoint,webhook,httpRequest,1.0
245,morning-metrics,scheduleTrigger,googleSheets,1.0
246,email-archiver,emailReadImap,readWriteFile,1.0
247,rss-alert,rssFeedTrigger,slack,1.0
248,form-to-endpoint,webhook,httpRequest,1.0
249,morning-metrics,scheduleTrigger,googleSheets,1.0
250,email-archiver,emailReadImap,readWriteFile,1.0
251,rss-alert,rssFeedTrigger,googleSheets,0.5
252,form-to-endpoint,rssFeedTrigger,httpRequest,0.5
253,morning-metrics,scheduleTrigger,googleSheets,1.0
254,email-archiver,emailReadImap,readWriteFile,1.0
255,rss-alert,rssFeedTrigger,slack,1.0
256,form-to-endpoint,webhook,httpRequest,1.0
257,morning-metrics,scheduleTrigger,googleSheets,1.0
258,email-archiver,emailReadImap,readWriteFile,1.0
259,rss-alert,rssFeedTrigger,slack,1.0
260,form-to-endpoint,webhook,httpRequest,1.0
261,morning-metrics,scheduleTrigger,googleSheets,1.0
262,email-archiver,emailReadImap,readWriteFile,1.0
263,rss-alert,rssFeedTrigger,httpRequest,0.5
264,form-to-endpoint,webhook,httpRequest,1.0
265,morning-metrics,scheduleTrigger,googleSheets,1.0
266,email-archiver,emailReadImap,readWriteFile,1.0
267,rss-alert,rssFeedTrigger,slack,1.0
268,form-to-endpoint,webhook,httpRequest,1.0
269,morning-metrics,webhook,googleSheets,0.5
270,email-archiver,emailReadImap,readWriteFile,1.0
271,rss-alert,rssFeedTrigger,slack,1.0
272,form-to-endpoint,webhook,httpRequest,1.0
273,morning-metrics,scheduleTrigger,googleSheets,1.0
274,email-archiver,emailReadImap,readWriteFile,1.0
275,rss-alert,rssFeedTrigger,slack,1.0
276,form-to-endpoint,webhook,googleSheets,0.5
277,morning-metrics,scheduleTrigger,googleSheets,1.0
278,email-archiver,rssFeedTrigger,readWriteFile,0.5
279,rss-alert,rssFeedTrigger,slack,1.0
280,form-to-endpoint,webhook,httpRequest,1.0
281,morning-metrics,scheduleTrigger,googleSheets,1.0
282,email-archiver,emailReadImap,readWriteFile,1.0
283,rss-alert,rssFeedTrigger,slack,1.0
284,form-to-endpoint,webhook,httpRequest,1.0
285,morning-metrics,scheduleTrigger,googleSheets,1.0
286,email-archiver,emailReadImap,readWriteFile,1.0
287,rss-alert,rssFeedTrigger,slack,1.0
288,form-to-endpoint,webhook,httpRequest,1.0
289,morning-metrics,scheduleTrigger,googleSheets,1.0
290,email-archiver,emailReadImap,readWriteFile,1.0
291,rss-alert,emailReadImap,httpRequest,0.0
292,form-to-endpoint,webhook,httpRequest,1.0
293,morning-metrics,scheduleTrigger,readWriteFile,0.5
294,email-archiver,emailReadImap,readWriteFile,1.0
295,rss-alert,rssFeedTrigger,slack,1.0
296,form-to-endpoint,webhook,httpRequest,1.0
297,morning-metrics,scheduleTrigger,googleSheets,1.0
298,email-archiver,emailReadImap,readWriteFile,1.0
299,rss-alert,rssFeedTrigger,slack,1.0
300,form-to-endpoint,webhook,httpRequest,1.0
301,morning-metrics,scheduleTrigger,googleSheets,1.0
302,email-archiver,scheduleTrigger,readWriteFile,0.5
303,rss-alert,rssFeedTrigger,slack,1.0
304,form-to-endpoint,webhook,httpRequest,1.0
305,morning-metrics,scheduleTrigger,googleSheets,1.0
306,email-archiver,emailReadImap,readWriteFile,1.0
307,rss-alert,rssFeedTrigger,slack,1.0
308,form-to-endpoint,rssFeedTrigger,httpRequest,0.5
309,morning-metrics,scheduleTrigger,googleSheets,1.0
310,email-archiver,emailReadImap,readWriteFile,1.0
311,rss-alert,rssFeedTrigger,slack,1.0
312,form-to-endpoint,webhook,httpRequest,1.0
313,morning-metrics,scheduleTrigger,googleSheets,1.0
314,email-archiver,emailReadImap,readWriteFile,1.0
315,rss-alert,rssFeedTrigger,slack,1.0
316,form-to-endpoint,webhook,httpRequest,1.0
317,morning-metrics,scheduleTrigger,googleSheets,1.0
318,email-archiver,emailReadImap,readWriteFile,1.0
319,rss-alert,rssFeedTrigger,readWriteFile,0.5
320,form-to-endpoint,webhook,httpRequest,1.0
321,morning-metrics,scheduleTrigger,googleSheets,1.0
322,email-archiver,emailReadImap,slack,0.5
323,rss-alert,rssFeedTrigger,httpRequest,0.5
324,form-to-endpoint,webhook,httpRequest,1.0
325,morning-metrics,scheduleTrigger,googleSheets,1.0
326,email-archiver,emailReadImap,readWriteFile,1.0
327,rss-alert,rssFeedTrigger,googleSheets,0.5
328,form-to-endpoint,webhook,httpRequest,1.0
329,morning-metrics,scheduleTrigger,googleSheets,1.0
330,email-archiver,emailReadImap,readWriteFile,1.0
331,rss-alert,rssFeedTrigger,slack,1.0
332,form-to-endpoint,webhook,httpRequest,1.0
333,morning-metrics,webhook,googleSheets,0.5
334,email-archiver,emailReadImap,readWriteFile,1.0
335,rss-alert,rssFeedTrigger,slack,1.0
336,form-to-endpoint,webhook,httpRequest,1.0
337,morning-metrics,scheduleTrigger,googleSheets,1.0
338,email-archiver,emailReadImap,readWriteFile,1.0
339,rss-alert,rssFeedTrigger,slack,1.0
340,form-to-endpoint,webhook,httpRequest,1.0
341,morning-metrics,scheduleTrigger,googleSheets,1.0
342,email-archiver,emailReadImap,readWriteFile,1.0
343,rss-alert,rssFeedTrigger,slack,1.0
344,form-to-endpoint,webhook,httpRequest,1.0
345,morning-metrics,scheduleTrigger,googleSheets,1.0
346,email-archiver,emailReadImap,readWriteFile,1.0
347,rss-alert,rssFeedTrigger,slack,1.0
348,form-to-endpoint,webhook,httpRequest,1.0
349,morning-metrics,rssFeedTrigger,googleSheets,0.5
350,email-archiver,emailReadImap,readWriteFile,1.0
351,rss-alert,rssFeedTrigger,slack,1.0
352,form-to-endpoint,webhook,httpRequest,1.0
353,morning-metrics,scheduleTrigger,googleSheets,1.0
354,email-archiver,emailReadImap,readWriteFile,1.0
355,rss-alert,rssFeedTrigger,slack,1.0
356,form-to-endpoint,webhook,httpRequest,1.0
357,morning-metrics,scheduleTrigger,googleSheets,1.0
358,email-archiver,emailReadImap,readWriteFile,1.0
359,rss-alert,rssFeedTrigger,googleSheets,0.5
360,form-to-endpoint,webhook,httpRequest,1.0
361,morning-metrics,scheduleTrigger,googleSheets,1.0
362,email-archiver,emailReadImap,readWriteFile,1.0
363,rss-alert,rssFeedTrigger,slack,1.0
364,form-to-endpoint,webhook,googleSheets,0.5
365,morning-metrics,webhook,googleSheets,0.5
366,email-archiver,emailReadImap,readWriteFile,1.0
367,rss-alert,rssFeedTrigger,slack,1.0
368,form-to-endpoint,rssFeedTrigger,httpRequest,0.5
369,morning-metrics,scheduleTrigger,googleSheets,1.0
370,email-archiver,emailReadImap,readWriteFile,1.0
371,rss-alert,rssFeedTrigger,slack,1.0
372,form-to-endpoint,webhook,httpRequest,1.0
373,morning-metrics,scheduleTrigger,googleSheets,1.0
374,email-archiver,emailReadImap,readWriteFile,1.0
375,rss-alert,rssFeedTrigger,slack,1.0
376,form-to-endpoint,webhook,httpRequest,1.0
377,morning-metrics,scheduleTrigger,readWriteFile,0.5
378,email-archiver,emailReadImap,readWriteFile,1.0
379,rss-alert,rssFeedTrigger,slack,1.0
380,form-to-endpoint,webhook,httpRequest,1.0
381,morning-metrics,scheduleTrigger,googleSheets,1.0
382,email-archiver,emailReadImap,readWriteFile,1.0
383,rss-alert,rssFeedTrigger,slack,1.0
384,form-to-endpoint,webhook,httpRequest,1.0
385,morning-metrics,scheduleTrigger,googleSheets,1.0
386,email-archiver,emailReadImap,readWriteFile,1.0
387,rss-alert,rssFeedTrigger,slack,1.0
388,form-to-endpoint,webhook,httpRequest,1.0
389,morning-metrics,scheduleTrigger,googleSheets,1.0
390,email-archiver,emailReadImap,readWriteFile,1.0
391,rss-alert,rssFeedTrigger,slack,1.0
392,form-to-endpoint,webhook,httpRequest,1.0
393,morning-metrics,scheduleTrigger,slack,0.5
394,email-archiver,emailReadImap,readWriteFile,1.0
395,rss-alert,rssFeedTrigger,slack,1.0
396,form-to-endpoint,webhook,httpRequest,1.0
397,morning-metrics,scheduleTrigger,googleSheets,1.0
398,email-archiver,emailReadImap,readWriteFile,1.0
399,rss-alert,rssFeedTrigger,slack,1.0
400,form-to-endpoint,webhook,googleSheets,0.5
401,morning-metrics,scheduleTrigger,readWriteFile,0.5
402,email-archiver,emailReadImap,readWriteFile,1.0
403,rss-alert,webhook,slack,0.5
404,form-to-endpoint,webhook,httpRequest,1.0
405,morning-metrics,rssFeedTrigger,googleSheets,0.5
406,email-archiver,emailReadImap,readWriteFile,1.0
407,rss-alert,rssFeedTrigger,slack,1.0
408,form-to-endpoint,webhook,httpRequest,1.0
409,morning-metrics,scheduleTrigger,googleSheets,1.0
410,email-archiver,emailReadImap,readWriteFile,1.0
411,rss-alert,rssFeedTrigger,slack,1.0
412,form-to-endpoint,rssFeedTrigger,httpRequest,0.5
413,morning-metrics,scheduleTrigger,googleSheets,1.0
414,email-archiver,rssFeedTrigger,readWriteFile,0.5
415,rss-alert,rssFeedTrigger,slack,1.0
416,form-to-endpoint,webhook,slack,0.5
417,morning-metrics,scheduleTrigger,googleSheets,1.0
418,email-archiver,emailReadImap,readWriteFile,1.0
419,rss-alert,rssFeedTrigger,googleSheets,0.5
420,form-to-endpoint,webhook,httpRequest,1.0
421,morning-metrics,scheduleTrigger,googleSheets,1.0
422,email-archiver,emailReadImap,readWriteFile,1.0
423,rss-alert,rssFeedTrigger,slack,1.0
424,form-to-endpoint,webhook,httpRequest,1.0
425,morning-metrics,scheduleTrigger,googleSheets,1.0
426,email-archiver,emailReadImap,readWriteFile,1.0
427,rss-alert,rssFeedTrigger,slack,1.0
428,form-to-endpoint,webhook,httpRequest,1.0
429,morning-metrics,scheduleTrigger,googleSheets,1.0
430,email-archiver,emailReadImap,readWriteFile,1.0
431,rss-alert,rssFeedTrigger,slack,1.0
432,form-to-endpoint,webhook,httpRequest,1.0
433,morning-metrics,scheduleTrigger,googleSheets,1.0
434,email-archiver,emailReadImap,readWriteFile,1.0
435,rss-alert,rssFeedTrigger,slack,1.0
436,form-to-endpoint,webhook,httpRequest,1.0
437,morning-metrics,scheduleTrigger,googleSheets,1.0
438,email-archiver,emailReadImap,readWriteFile,1.0
439,rss-alert,rssFeedTrigger,slack,1.0
440,form-to-endpoint,webhook,httpRequest,1.0
441,morning-metrics,scheduleTrigger,googleSheets,1.0
442,email-archiver,emailReadImap,readWriteFile,1.0
443,rss-alert,rssFeedTrigger,slack,1.0
444,form-to-endpoint,webhook,httpRequest,1.0
445,morning-metrics,scheduleTrigger,googleSheets,1.0
446,email-archiver,emailReadImap,readWriteFile,1.0
447,rss-alert,rssFeedTrigger,slack,1.0
448,form-to-endpoint,webhook,httpRequest,1.0
449,morning-metrics,scheduleTrigger,googleSheets,1.0
450,email-archiver,emailReadImap,readWriteFile,1.0
451,rss-alert,rssFeedTrigger,slack,1.0
452,form-to-endpoint,webhook,httpRequest,1.0
453,morning-metrics,scheduleTrigger,googleSheets,1.0
454,email-archiver,emailReadImap,readWriteFile,1.0
455,rss-alert,rssFeedTrigger,slack,1.0
456,form-to-endpoint,scheduleTrigger,httpRequest,0.5
457,morning-metrics,scheduleTrigger,googleSheets,1.0
458,email-archiver,emailReadImap,httpRequest,0.5
459,rss-alert,rssFeedTrigger,slack,1.0
460,form-to-endpoint,webhook,httpRequest,1.0
461,morning-metrics,scheduleTrigger,googleSheets,1.0
462,email-archiver,emailReadImap,readWriteFile,1.0
463,rss-alert,rssFeedTrigger,slack,1.0
464,form-to-endpoint,webhook,httpRequest,1.0
465,morning-metrics,scheduleTrigger,googleSheets,1.0
466,email-archiver,emailReadImap,readWriteFile,1.0
467,rss-alert,rssFeedTrigger,slack,1.0
468,form-to-endpoint,webhook,httpRequest,1.0
469,morning-metrics,scheduleTrigger,googleSheets,1.0
470,email-archiver,emailReadImap,readWriteFile,1.0
471,rss-alert,emailReadImap,slack,0.5
472,form-to-endpoint,webhook,httpRequest,1.0
473,morning-metrics,scheduleTrigger,googleSheets,1.0
474,email-archiver,emailReadImap,readWriteFile,1.0
475,rss-alert,rssFeedTrigger,slack,1.0
476,form-to-endpoint,webhook,httpRequest,1.0
477,morning-metrics,scheduleTrigger,googleSheets,1.0
478,email-archiver,emailReadImap,readWriteFile,1.0
479,rss-alert,rssFeedTrigger,slack,1.0
480,form-to-endpoint,webhook,httpRequest,1.0
481,morning-metrics,scheduleTrigger,googleSheets,1.0
482,email-archiver,emailReadImap,readWriteFile,1.0
483,rss-alert,rssFeedTrigger,httpRequest,0.5
484,form-to-endpoint,webhook,httpRequest,1.0
485,morning-metrics,scheduleTrigger,googleSheets,1.0
486,email-archiver,emailReadImap,httpRequest,0.5
487,rss-alert,rssFeedTrigger,slack,1.0
488,form-to-endpoint,webhook,httpRequest,1.0
489,morning-metrics,scheduleTrigger,googleSheets,1.0
490,email-archiver,emailReadImap,readWriteFile,1.0
491,rss-alert,rssFeedTrigger,slack,1.0
492,form-to-endpoint,webhook,httpRequest,1.0
493,morning-metrics,scheduleTrigger,googleSheets,1.0
494,email-archiver,emailReadImap,readWriteFile,1.0
495,rss-alert,rssFeedTrigger,slack,1.0
496,form-to-endpoint,webhook,httpRequest,1.0
497,morning-metrics,rssFeedTrigger,googleSheets,0.5
498,email-archiver,emailReadImap,readWriteFile,1.0
499,rss-alert,rssFeedTrigger,slack,1.0
500,form-to-endpoint,webhook,httpRequest,1.0
501,morning-metrics,scheduleTrigger,googleSheets,1.0
502,email-archiver,emailReadImap,readWriteFile,1.0
503,rss-alert,rssFeedTrigger,slack,1.0
504,form-to-endpoint,webhook,httpRequest,1.0
505,morning-metrics,scheduleTrigger,googleSheets,1.0
506,email-archiver,emailReadImap,readWriteFile,1.0
507,rss-alert,rssFeedTrigger,slack,1.0
508,form-to-endpoint,webhook,httpRequest,1.0
509,morning-metrics,emailReadImap,googleSheets,0.5
510,email-archiver,emailReadImap,readWriteFile,1.0
511,rss-alert,rssFeedTrigger,slack,1.0
512,form-to-endpoint,webhook,httpRequest,1.0
513,morning-metrics,scheduleTrigger,googleSheets,1.0
514,email-archiver,emailReadImap,readWriteFile,1.0
515,rss-alert,rssFeedTrigger,slack,1.0
516,form-to-endpoint,webhook,httpRequest,1.0
517,morning-metrics,scheduleTrigger,googleSheets,1.0
518,email-archiver,emailReadImap,readWriteFile,1.0
519,rss-alert,rssFeedTrigger,slack,1.0
520,form-to-endpoint,webhook,httpRequest,1.0
521,morning-metrics,scheduleTrigger,googleSheets,1.0
522,email-archiver,emailReadImap,readWriteFile,1.0
523,rss-alert,webhook,slack,0.5
524,form-to-endpoint,webhook,httpRequest,1.0
525,morning-metrics,scheduleTrigger,googleSheets,1.0
526,email-archiver,emailReadImap,readWriteFile,1.0
527,rss-alert,rssFeedTrigger,slack,1.0
528,form-to-endpoint,webhook,httpRequest,1.0
529,morning-metrics,scheduleTrigger,googleSheets,1.0
530,email-archiver,rssFeedTrigger,readWriteFile,0.5
531,rss-alert,rssFeedTrigger,slack,1.0
532,form-to-endpoint,webhook,httpRequest,1.0
533,morning-metrics,scheduleTrigger,googleSheets,1.0
534,email-archiver,emailReadImap,readWriteFile,1.0
535,rss-alert,rssFeedTrigger,slack,1.0
536,form-to-endpoint,webhook,readWriteFile,0.5
537,morning-metrics,scheduleTrigger,slack,0.5
538,email-archiver,emailReadImap,googleSheets,0.5
539,rss-alert,rssFeedTrigger,slack,1.0
540,form-to-endpoint,webhook,googleSheets,0.5
541,morning-metrics,scheduleTrigger,googleSheets,1.0
542,email-archiver,emailReadImap,readWriteFile,1.0
543,rss-alert,rssFeedTrigger,slack,1.0
544,form-to-endpoint,webhook,httpRequest,1.0
545,morning-metrics,scheduleTrigger,googleSheets,1.0
546,email-archiver,emailReadImap,readWriteFile,1.0
547,rss-alert,rssFeedTrigger,slack,1.0
548,form-to-endpoint,webhook,httpRequest,1.0
549,morning-metrics,scheduleTrigger,googleSheets,1.0
550,email-archiver,emailReadImap,readWriteFile,1.0
551,rss-alert,rssFeedTrigger,slack,1.0
552,form-to-endpoint,webhook,httpRequest,1.0
553,morning-metrics,scheduleTrigger,googleSheets,1.0
554,email-archiver,emailReadImap,readWriteFile,1.0
555,rss-alert,rssFeedTrigger,slack,1.0
556,form-to-endpoint,webhook,httpRequest,1.0
557,morning-metrics,scheduleTrigger,googleSheets,1.0
558,email-archiver,emailReadImap,readWriteFile,1.0
559,rss-alert,rssFeedTrigger,readWriteFile,0.5
560,form-to-endpoint,webhook,httpRequest,1.0
561,morning-metrics,scheduleTrigger,googleSheets,1.0
562,email-archiver,emailReadImap,readWriteFile,1.0
563,rss-alert,rssFeedTrigger,slack,1.0
564,form-to-endpoint,webhook,httpRequest,1.0
565,morning-metrics,scheduleTrigger,googleSheets,1.0
566,email-archiver,emailReadImap,readWriteFile,1.0
567,rss-alert,rssFeedTrigger,slack,1.0
568,form-to-endpoint,webhook,httpRequest,1.0
569,morning-metrics,webhook,googleSheets,0.5
570,email-archiver,emailReadImap,readWriteFile,1.0
571,rss-alert,rssFeedTrigger,slack,1.0
572,form-to-endpoint,webhook,httpRequest,1.0
573,morning-metrics,scheduleTrigger,googleSheets,1.0
574,email-archiver,emailReadImap,readWriteFile,1.0
575,rss-alert,rssFeedTrigger,slack,1.0
576,form-to-endpoint,scheduleTrigger,httpRequest,0.5
577,morning-metrics,scheduleTrigger,googleSheets,1.0
578,email-archiver,emailReadImap,readWriteFile,1.0
579,rss-alert,rssFeedTrigger,slack,1.0
580,form-to-endpoint,webhook,httpRequest,1.0
581,morning-metrics,scheduleTrigger,googleSheets,1.0
582,email-archiver,emailReadImap,readWriteFile,1.0
583,rss-alert,rssFeedTrigger,slack,1.0
584,form-to-endpoint,webhook,httpRequest,1.0
585,morning-metrics,scheduleTrigger,slack,0.5
586,email-archiver,emailReadImap,readWriteFile,1.0
587,rss-alert,rssFeedTrigger,slack,1.0
588,form-to-endpoint,webhook,httpRequest,1.0
589,morning-metrics,scheduleTrigger,googleSheets,1.0
590,email-archiver,emailReadImap,slack,0.5
591,rss-alert,rssFeedTrigger,slack,1.0
592,form-to-endpoint,webhook,httpRequest,1.0
593,morning-metrics,scheduleTrigger,googleSheets,1.0
594,email-archiver,emailReadImap,readWriteFile,1.0
595,rss-alert,rssFeedTrigger,slack,1.0
596,form-to-endpoint,webhook,httpRequest,1.0
597,morning-metrics,scheduleTrigger,googleSheets,1.0
598,email-archiver,emailReadImap,readWriteFile,1.0
599,rss-alert,rssFeedTrigger,slack,1.0
600,form-to-endpoint,webhook,httpRequest,1.0
601,morning-metrics,scheduleTrigger,googleSheets,1.0
602,email-archiver,emailReadImap,readWriteFile,1.0
603,rss-alert,rssFeedTrigger,slack,1.0
604,form-to-endpoint,webhook,httpRequest,1.0
605,morning-metrics,scheduleTrigger,googleSheets,1.0
606,email-archiver,emailReadImap,readWriteFile,1.0
607,rss-alert,rssFeedTrigger,slack,1.0
608,form-to-endpoint,webhook,httpRequest,1.0
609,morning-metrics,scheduleTrigger,googleSheets,1.0
610,email-archiver,emailReadImap,readWriteFile,1.0
611,rss-alert,rssFeedTrigger,slack,1.0
612,form-to-endpoint,webhook,httpRequest,1.0
613,morning-metrics,scheduleTrigger,googleSheets,1.0
614,email-archiver,emailReadImap,readWriteFile,1.0
615,rss-alert,rssFeedTrigger,slack,1.0
616,form-to-endpoint,webhook,httpRequest,1.0
617,morning-metrics,scheduleTrigger,googleSheets,1.0
618,email-archiver,emailReadImap,readWriteFile,1.0
619,rss-alert,rssFeedTrigger,slack,1.0
620,form-to-endpoint,webhook,httpRequest,1.0
621,morning-metrics,scheduleTrigger,googleSheets,1.0
622,email-archiver,emailReadImap,httpRequest,0.5
623,rss-alert,rssFeedTrigger,slack,1.0
624,form-to-endpoint,webhook,httpRequest,1.0
625,morning-metrics,scheduleTrigger,googleSheets,1.0
626,email-archiver,emailReadImap,readWriteFile,1.0
627,rss-alert,rssFeedTrigger,slack,1.0
628,form-to-endpoint,webhook,httpRequest,1.0
629,morning-metrics,scheduleTrigger,googleSheets,1.0
630,email-archiver,emailReadImap,readWriteFile,1.0
631,rss-alert,rssFeedTrigger,slack,1.0
632,form-to-endpoint,webhook,httpRequest,1.0
633,morning-metrics,scheduleTrigger,googleSheets,1.0
634,email-archiver,emailReadImap,readWriteFile,1.0
635,rss-alert,rssFeedTrigger,slack,1.0
636,form-to-endpoint,webhook,httpRequest,1.0
637,morning-metrics,scheduleTrigger,googleSheets,1.0
638,email-archiver,emailReadImap,readWriteFile,1.0
639,rss-alert,rssFeedTrigger,slack,1.0
640,form-to-endpoint,webhook,httpRequest,1.0
641,morning-metrics,scheduleTrigger,slack,0.5
642,email-archiver,emailReadImap,readWriteFile,1.0
643,rss-alert,rssFeedTrigger,slack,1.0
644,form-to-endpoint,webhook,httpRequest,1.0
645,morning-metrics,scheduleTrigger,googleSheets,1.0
646,email-archiver,emailReadImap,readWriteFile,1.0
647,rss-alert,rssFeedTrigger,slack,1.0
648,form-to-endpoint,webhook,httpRequest,1.0
649,morning-metrics,scheduleTrigger,googleSheets,1.0
650,email-archiver,emailReadImap,slack,0.5
651,rss-alert,rssFeedTrigger,slack,1.0
652,form-to-endpoint,webhook,httpRequest,1.0
653,morning-metrics,scheduleTrigger,googleSheets,1.0
654,email-archiver,emailReadImap,readWriteFile,1.0
655,rss-alert,rssFeedTrigger,slack,1.0
656,form-to-endpoint,webhook,httpRequest,1.0
657,morning-metrics,webhook,googleSheets,0.5
658,email-archiver,emailReadImap,readWriteFile,1.0
659,rss-alert,rssFeedTrigger,slack,1.0
660,form-to-endpoint,emailReadImap,httpRequest,0.5
661,morning-metrics,scheduleTrigger,googleSheets,1.0
662,email-archiver,emailReadImap,readWriteFile,1.0
663,rss-alert,rssFeedTrigger,slack,1.0
664,form-to-endpoint,webhook,httpRequest,1.0
665,morning-metrics,scheduleTrigger,googleSheets,1.0
666,email-archiver,emailReadImap,readWriteFile,1.0
667,rss-alert,rssFeedTrigger,slack,1.0
668,form-to-endpoint,webhook,readWriteFile,0.5
669,morning-metrics,scheduleTrigger,googleSheets,1.0
670,email-archiver,emailReadImap,readWriteFile,1.0
671,rss-alert,rssFeedTrigger,slack,1.0
672,form-to-endpoint,emailReadImap,httpRequest,0.5
673,morning-metrics,scheduleTrigger,googleSheets,1.0
674,email-archiver,emailReadImap,readWriteFile,1.0
675,rss-alert,scheduleTrigger,slack,0.5
676,form-to-endpoint,webhook,httpRequest,1.0
677,morning-metrics,scheduleTrigger,googleSheets,1.0
678,email-archiver,emailReadImap,readWriteFile,1.0
679,rss-alert,rssFeedTrigger,slack,1.0
680,form-to-endpoint,webhook,httpRequest,1.0
681,morning-metrics,scheduleTrigger,googleSheets,1.0
682,email-archiver,emailReadImap,readWriteFile,1.0
683,rss-alert,rssFeedTrigger,slack,1.0
684,form-to-endpoint,webhook,httpRequest,1.0
685,morning-metrics,scheduleTrigger,googleSheets,1.0
686,email-archiver,emailReadImap,readWriteFile,1.0
687,rss-alert,rssFeedTrigger,slack,1.0
688,form-to-endpoint,webhook,httpRequest,1.0
689,morning-metrics,scheduleTrigger,googleSheets,1.0
690,email-archiver,emailReadImap,readWriteFile,1.0
691,rss-alert,rssFeedTrigger,slack,1.0
692,form-to-endpoint,webhook,httpRequest,1.0
693,morning-metrics,scheduleTrigger,googleSheets,1.0
694,email-archiver,emailReadImap,readWriteFile,1.0
695,rss-alert,rssFeedTrigger,slack,1.0
696,form-to-endpoint,webhook,httpRequest,1.0
697,morning-metrics,scheduleTrigger,googleSheets,1.0
698,email-archiver,rssFeedTrigger,readWriteFile,0.5
699,rss-alert,rssFeedTrigger,slack,1.0
700,form-to-endpoint,webhook,readWriteFile,0.5
701,morning-metrics,webhook,googleSheets,0.5
702,email-archiver,emailReadImap,readWriteFile,1.0
703,rss-alert,rssFeedTrigger,slack,1.0
704,form-to-endpoint,webhook,httpRequest,1.0
705,morning-metrics,scheduleTrigger,googleSheets,1.0
706,email-archiver,emailReadImap,googleSheets,0.5
707,rss-alert,rssFeedTrigger,slack,1.0
708,form-to-endpoint,webhook,httpRequest,1.0
709,morning-metrics,scheduleTrigger,googleSheets,1.0
710,email-archiver,emailReadImap,readWriteFile,1.0
711,rss-alert,rssFeedTrigger,slack,1.0
712,form-to-endpoint,webhook,httpRequest,1.0
713,morning-metrics,scheduleTrigger,googleSheets,1.0
714,email-archiver,emailReadImap,readWriteFile,1.0
715,rss-alert,rssFeedTrigger,slack,1.0
716,form-to-endpoint,webhook,httpRequest,1.0
717,morning-metrics,scheduleTrigger,googleSheets,1.0
718,email-archiver,emailReadImap,readWriteFile,1.0
719,rss-alert,rssFeedTrigger,slack,1.0
720,form-to-endpoint,webhook,httpRequest,1.0
721,morning-metrics,scheduleTrigger,googleSheets,1.0
722,email-archiver,emailReadImap,readWriteFile,1.0
723,rss-alert,rssFeedTrigger,slack,1.0
724,form-to-endpoint,webhook,httpRequest,1.0
725,morning-metrics,scheduleTrigger,googleSheets,1.0
726,email-archiver,emailReadImap,readWriteFile,1.0
727,rss-alert,rssFeedTrigger,slack,1.0
728,form-to-endpoint,webhook,httpRequest,1.0
729,morning-metrics,scheduleTrigger,googleSheets,1.0
730,email-archiver,emailReadImap,readWriteFile,1.0
731,rss-alert,rssFeedTrigger,slack,1.0
732,form-to-endpoint,webhook,httpRequest,1.0
733,morning-metrics,scheduleTrigger,googleSheets,1.0
734,email-archiver,rssFeedTrigger,readWriteFile,0.5
735,rss-alert,rssFeedTrigger,slack,1.0
736,form-to-endpoint,rssFeedTrigger,httpRequest,0.5
737,morning-metrics,scheduleTrigger,googleSheets,1.0
738,email-archiver,emailReadImap,readWriteFile,1.0
739,rss-alert,rssFeedTrigger,slack,1.0
740,form-to-endpoint,webhook,httpRequest,1.0
741,morning-metrics,scheduleTrigger,googleSheets,1.0
742,email-archiver,emailReadImap,readWriteFile,1.0
743,rss-alert,rssFeedTrigger,slack,1.0
744,form-to-endpoint,webhook,httpRequest,1.0
745,morning-metrics,rssFeedTrigger,googleSheets,0.5
746,email-archiver,emailReadImap,readWriteFile,1.0
747,rss-alert,rssFeedTrigger,slack,1.0
748,form-to-endpoint,webhook,httpRequest,1.0
749,morning-metrics,scheduleTrigger,readWriteFile,0.5
750,email-archiver,emailReadImap,readWriteFile,1.0
751,rss-alert,rssFeedTrigger,slack,1.0
752,form-to-endpoint,webhook,httpRequest,1.0
753,morning-metrics,scheduleTrigger,googleSheets,1.0
754,email-archiver,emailReadImap,readWriteFile,1.0
755,rss-alert,rssFeedTrigger,googleSheets,0.5
756,form-to-endpoint,webhook,httpRequest,1.0
757,morning-metrics,scheduleTrigger,googleSheets,1.0
758,email-archiver,emailReadImap,readWriteFile,1.0
759,rss-alert,rssFeedTrigger,slack,1.0
760,form-to-endpoint,webhook,httpRequest,1.0
761,morning-metrics,scheduleTrigger,googleSheets,1.0
762,email-archiver,rssFeedTrigger,readWriteFile,0.5
763,rss-alert,rssFeedTrigger,slack,1.0
764,form-to-endpoint,webhook,httpRequest,1.0
765,morning-metrics,scheduleTrigger,googleSheets,1.0
766,email-archiver,emailReadImap,readWriteFile,1.0
767,rss-alert,rssFeedTrigger,slack,1.0
768,form-to-endpoint,webhook,httpRequest,1.0
769,morning-metrics,scheduleTrigger,readWriteFile,0.5
770,email-archiver,emailReadImap,readWriteFile,1.0
771,rss-alert,rssFeedTrigger,slack,1.0
772,form-to-endpoint,webhook,httpRequest,1.0
773,morning-metrics,scheduleTrigger,httpRequest,0.5
774,email-archiver,emailReadImap,httpRequest,0.5
775,rss-alert,rssFeedTrigger,slack,1.0
776,form-to-endpoint,webhook,googleSheets,0.5
777,morning-metrics,webhook,googleSheets,0.5
778,email-archiver,emailReadImap,readWriteFile,1.0
779,rss-alert,rssFeedTrigger,slack,1.0
780,form-to-endpoint,webhook,httpRequest,1.0
781,morning-metrics,webhook,googleSheets,0.5
782,email-archiver,emailReadImap,readWriteFile,1.0
783,rss-alert,rssFeedTrigger,slack,1.0
784,form-to-endpoint,webhook,httpRequest,1.0
785,morning-metrics,scheduleTrigger,googleSheets,1.0
786,email-archiver,emailReadImap,readWriteFile,1.0
787,rss-alert,rssFeedTrigger,slack,1.0
788,form-to-endpoint,webhook,httpRequest,1.0
789,morning-metrics,scheduleTrigger,googleSheets,1.0
790,email-archiver,rssFeedTrigger,readWriteFile,0.5
791,rss-alert,rssFeedTrigger,slack,1.0
792,form-to-endpoint,webhook,httpRequest,1.0
793,morning-metrics,scheduleTrigger,googleSheets,1.0
794,email-archiver,emailReadImap,readWriteFile,1.0
795,rss-alert,rssFeedTrigger,slack,1.0
796,form-to-endpoint,webhook,httpRequest,1.0
797,morning-metrics,scheduleTrigger,googleSheets,1.0
798,email-archiver,emailReadImap,readWriteFile,1.0
799,rss-alert,rssFeedTrigger,slack,1.0
800,form-to-endpoint,webhook,httpRequest,1.0
801,morning-metrics,scheduleTrigger,googleSheets,1.0
802,email-archiver,emailReadImap,readWriteFile,1.0
803,rss-alert,rssFeedTrigger,slack,1.0
804,form-to-endpoint,webhook,httpRequest,1.0
805,morning-metrics,scheduleTrigger,googleSheets,1.0
806,email-archiver,emailReadImap,readWriteFile,1.0
807,rss-alert,rssFeedTrigger,slack,1.0
808,form-to-endpoint,webhook,httpRequest,1.0
809,morning-metrics,scheduleTrigger,googleSheets,1.0
810,email-archiver,emailReadImap,readWriteFile,1.0
811,rss-alert,rssFeedTrigger,slack,1.0
812,form-to-endpoint,rssFeedTrigger,readWriteFile,0.0
813,morning-metrics,webhook,httpRequest,0.0
814,email-archiver,emailReadImap,readWriteFile,1.0
815,rss-alert,rssFeedTrigger,slack,1.0
816,form-to-endpoint,webhook,httpRequest,1.0
817,morning-metrics,scheduleTrigger,googleSheets,1.0
818,email-archiver,emailReadImap,readWriteFile,1.0
819,rss-alert,rssFeedTrigger,googleSheets,0.5
820,form-to-endpoint,webhook,httpRequest,1.0
821,morning-metrics,scheduleTrigger,googleSheets,1.0
822,email-archiver,emailReadImap,readWriteFile,1.0
823,rss-alert,rssFeedTrigger,slack,1.0
824,form-to-endpoint,webhook,httpRequest,1.0
825,morning-metrics,scheduleTrigger,googleSheets,1.0
826,email-archiver,emailReadImap,readWriteFile,1.0
827,rss-alert,rssFeedTrigger,slack,1.0
828,form-to-endpoint,webhook,httpRequest,1.0
829,morning-metrics,scheduleTrigger,googleSheets,1.0
830,email-archiver,emailReadImap,readWriteFile,1.0
831,rss-alert,rssFeedTrigger,slack,1.0
832,form-to-endpoint,webhook,httpRequest,1.0
833,morning-metrics,scheduleTrigger,googleSheets,1.0
834,email-archiver,emailReadImap,readWriteFile,1.0
835,rss-alert,rssFeedTrigger,slack,1.0
836,form-to-endpoint,webhook,httpRequest,1.0
837,morning-metrics,scheduleTrigger,googleSheets,1.0
838,email-archiver,emailReadImap,readWriteFile,1.0
839,rss-alert,rssFeedTrigger,slack,1.0
840,form-to-endpoint,webhook,httpRequest,1.0
841,morning-metrics,scheduleTrigger,googleSheets,1.0
842,email-archiver,emailReadImap,readWriteFile,1.0
843,rss-alert,rssFeedTrigger,slack,1.0
844,form-to-endpoint,webhook,httpRequest,1.0
845,morning-metrics,scheduleTrigger,googleSheets,1.0
846,email-archiver,emailReadImap,readWriteFile,1.0
847,rss-alert,rssFeedTrigger,slack,1.0
848,form-to-endpoint,webhook,httpRequest,1.0
849,morning-metrics,scheduleTrigger,googleSheets,1.0
850,email-archiver,webhook,readWriteFile,0.5
851,rss-alert,rssFeedTrigger,slack,1.0
852,form-to-endpoint,webhook,httpRequest,1.0
853,morning-metrics,scheduleTrigger,googleSheets,1.0
854,email-archiver,emailReadImap,readWriteFile,1.0
855,rss-alert,webhook,slack,0.5
856,form-to-endpoint,webhook,httpRequest,1.0
857,morning-metrics,scheduleTrigger,httpRequest,0.5
858,email-archiver,emailReadImap,readWriteFile,1.0
859,rss-alert,rssFeedTrigger,googleSheets,0.5
860,form-to-endpoint,webhook,httpRequest,1.0
861,morning-metrics,scheduleTrigger,googleSheets,1.0
862,email-archiver,emailReadImap,readWriteFile,1.0
863,rss-alert,rssFeedTrigger,slack,1.0
864,form-to-endpoint,webhook,httpRequest,1.0
865,morning-metrics,scheduleTrigger,googleSheets,1.0
866,email-archiver,emailReadImap,readWriteFile,1.0
867,rss-alert,rssFeedTrigger,slack,1.0
868,form-to-endpoint,webhook,httpRequest,1.0
869,morning-metrics,scheduleTrigger,googleSheets,1.0
870,email-archiver,emailReadImap,googleSheets,0.5
871,rss-alert,rssFeedTrigger,slack,1.0
872,form-to-endpoint,webhook,httpRequest,1.0
873,morning-metrics,webhook,googleSheets,0.5
874,email-archiver,emailReadImap,readWriteFile,1.0
875,rss-alert,rssFeedTrigger,slack,1.0
876,form-to-endpoint,webhook,httpRequest,1.0
877,morning-metrics,scheduleTrigger,googleSheets,1.0
878,email-archiver,emailReadImap,readWriteFile,1.0
879,rss-alert,rssFeedTrigger,slack,1.0
880,form-to-endpoint,webhook,httpRequest,1.0
881,morning-metrics,scheduleTrigger,googleSheets,1.0
882,email-archiver,emailReadImap,readWriteFile,1.0
883,rss-alert,rssFeedTrigger,slack,1.0
884,form-to-endpoint,webhook,httpRequest,1.0
885,morning-metrics,scheduleTrigger,googleSheets,1.0
886,email-archiver,emailReadImap,slack,0.5
887,rss-alert,rssFeedTrigger,slack,1.0
888,form-to-endpoint,webhook,httpRequest,1.0
889,morning-metrics,scheduleTrigger,googleSheets,1.0
890,email-archiver,emailReadImap,readWriteFile,1.0
891,rss-alert,rssFeedTrigger,slack,1.0
892,form-to-endpoint,webhook,httpRequest,1.0
893,morning-metrics,scheduleTrigger,googleSheets,1.0
894,email-archiver,emailReadImap,readWriteFile,1.0
895,rss-alert,rssFeedTrigger,slack,1.0
896,form-to-endpoint,webhook,httpRequest,1.0
897,morning-metrics,scheduleTrigger,googleSheets,1.0
898,email-archiver,emailReadImap,readWriteFile,1.0
899,rss-alert,rssFeedTrigger,slack,1.0
900,form-to-endpoint,scheduleTrigger,httpRequest,0.5
901,morning-metrics,scheduleTrigger,googleSheets,1.0
902,email-archiver,emailReadImap,readWriteFile,1.0
903,rss-alert,rssFeedTrigger,slack,1.0
904,form-to-endpoint,webhook,httpRequest,1.0
905,morning-metrics,scheduleTrigger,googleSheets,1.0
906,email-archiver,emailReadImap,slack,0.5
907,rss-alert,rssFeedTrigger,slack,1.0
908,form-to-endpoint,webhook,httpRequest,1.0
909,morning-metrics,scheduleTrigger,googleSheets,1.0
910,email-archiver,emailReadImap,readWriteFile,1.0
911,rss-alert,rssFeedTrigger,slack,1.0
912,form-to-endpoint,webhook,httpRequest,1.0
913,morning-metrics,scheduleTrigger,googleSheets,1.0
914,email-archiver,emailReadImap,readWriteFile,1.0
915,rss-alert,rssFeedTrigger,slack,1.0
916,form-to-endpoint,webhook,httpRequest,1.0
917,morning-metrics,scheduleTrigger,googleSheets,1.0
918,email-archiver,emailReadImap,readWriteFile,1.0
919,rss-alert,scheduleTrigger,readWriteFile,0.0
920,form-to-endpoint,webhook,httpRequest,1.0
921,morning-metrics,webhook,googleSheets,0.5
922,email-archiver,emailReadImap,readWriteFile,1.0
923,rss-alert,rssFeedTrigger,slack,1.0
924,form-to-endpoint,webhook,httpRequest,1.0
925,morning-metrics,scheduleTrigger,googleSheets,1.0
926,email-archiver,emailReadImap,readWriteFile,1.0
927,rss-alert,rssFeedTrigger,slack,1.0
928,form-to-endpoint,webhook,httpRequest,1.0
929,morning-metrics,scheduleTrigger,googleSheets,1.0
930,email-archiver,emailReadImap,slack,0.5
931,rss-alert,rssFeedTrigger,slack,1.0
932,form-to-endpoint,webhook,slack,0.5
933,morning-metrics,scheduleTrigger,readWriteFile,0.5
934,email-archiver,emailReadImap,readWriteFile,1.0
935,rss-alert,webhook,slack,0.5
936,form-to-endpoint,webhook,httpRequest,1.0
937,morning-metrics,scheduleTrigger,googleSheets,1.0
938,email-archiver,emailReadImap,readWriteFile,1.0
939,rss-alert,rssFeedTrigger,slack,1.0
940,form-to-endpoint,webhook,httpRequest,1.0
941,morning-metrics,scheduleTrigger,googleSheets,1.0
942,email-archiver,emailReadImap,readWriteFile,1.0
943,rss-alert,rssFeedTrigger,slack,1.0
944,form-to-endpoint,webhook,httpRequest,1.0
945,morning-metrics,scheduleTrigger,googleSheets,1.0
946,email-archiver,emailReadImap,readWriteFile,1.0
947,rss-alert,rssFeedTrigger,slack,1.0
948,form-to-endpoint,webhook,httpRequest,1.0
949,morning-metrics,scheduleTrigger,googleSheets,1.0
950,email-archiver,emailReadImap,readWriteFile,1.0
951,rss-alert,rssFeedTrigger,slack,1.0
952,form-to-endpoint,webhook,httpRequest,1.0
953,morning-metrics,scheduleTrigger,googleSheets,1.0
954,email-archiver,emailReadImap,readWriteFile,1.0
955,rss-alert,rssFeedTrigger,slack,1.0
956,form-to-endpoint,webhook,httpRequest,1.0
957,morning-metrics,scheduleTrigger,googleSheets,1.0
958,email-archiver,emailReadImap,readWriteFile,1.0
959,rss-alert,rssFeedTrigger,slack,1.0
960,form-to-endpoint,webhook,httpRequest,1.0
961,morning-metrics,scheduleTrigger,googleSheets,1.0
962,email-archiver,emailReadImap,readWriteFile,1.0
963,rss-alert,rssFeedTrigger,googleSheets,0.5
964,form-to-endpoint,webhook,readWriteFile,0.5
965,morning-metrics,scheduleTrigger,googleSheets,1.0
966,email-archiver,emailReadImap,readWriteFile,1.0
967,rss-alert,rssFeedTrigger,slack,1.0
968,form-to-endpoint,webhook,httpRequest,1.0
969,morning-metrics,scheduleTrigger,googleSheets,1.0
970,email-archiver,emailReadImap,slack,0.5
971,rss-alert,rssFeedTrigger,slack,1.0
972,form-to-endpoint,webhook,httpRequest,1.0
973,morning-metrics,scheduleTrigger,googleSheets,1.0
974,email-archiver,emailReadImap,readWriteFile,1.0
975,rss-alert,rssFeedTrigger,slack,1.0
976,form-to-endpoint,webhook,httpRequest,1.0
977,morning-metrics,scheduleTrigger,googleSheets,1.0
978,email-archiver,emailReadImap,readWriteFile,1.0
979,rss-alert,rssFeedTrigger,slack,1.0
980,form-to-endpoint,webhook,httpRequest,1.0
981,morning-metrics,scheduleTrigger,googleSheets,1.0
982,email-archiver,emailReadImap,readWriteFile,1.0
983,rss-alert,rssFeedTrigger,slack,1.0
984,form-to-endpoint,webhook,httpRequest,1.0
985,morning-metrics,scheduleTrigger,googleSheets,1.0
986,email-archiver,emailReadImap,readWriteFile,1.0
987,rss-alert,emailReadImap,slack,0.5
988,form-to-endpoint,webhook,httpRequest,1.0
989,morning-metrics,scheduleTrigger,googleSheets,1.0
990,email-archiver,emailReadImap,readWriteFile,1.0
991,rss-alert,rssFeedTrigger,slack,1.0
992,form-to-endpoint,webhook,httpRequest,1.0
993,morning-metrics,webhook,googleSheets,0.5
994,email-archiver,emailReadImap,readWriteFile,1.0
995,rss-alert,rssFeedTrigger,slack,1.0
996,form-to-endpoint,webhook,googleSheets,0.5
997,morning-metrics,scheduleTrigger,httpRequest,0.5
998,email-archiver,emailReadImap,readWriteFile,1.0
999,rss-alert,rssFeedTrigger,slack,1.0
1000,form-to-endpoint,webhook,httpRequest,1.0
1001,morning-metrics,scheduleTrigger,readWriteFile,0.5
1002,email-archiver,emailReadImap,readWriteFile,1.0
1003,rss-alert,rssFeedTrigger,slack,1.0
1004,form-to-endpoint,webhook,httpRequest,1.0
1005,morning-metrics,scheduleTrigger,googleSheets,1.0
1006,email-archiver,emailReadImap,readWriteFile,1.0
1007,rss-alert,rssFeedTrigger,slack,1.0
1008,form-to-endpoint,webhook,httpRequest,1.0
1009,morning-metrics,scheduleTrigger,googleSheets,1.0
1010,email-archiver,emailReadImap,readWriteFile,1.0
1011,rss-alert,scheduleTrigger,slack,0.5
1012,form-to-endpoint,webhook,httpRequest,1.0
1013,morning-metrics,scheduleTrigger,googleSheets,1.0
1014,email-archiver,emailReadImap,readWriteFile,1.0
1015,rss-alert,rssFeedTrigger,readWriteFile,0.5
1016,form-to-endpoint,webhook,httpRequest,1.0
1017,morning-metrics,scheduleTrigger,googleSheets,1.0
1018,email-archiver,emailReadImap,slack,0.5
1019,rss-alert,rssFeedTrigger,slack,1.0
1020,form-to-endpoint,webhook,httpRequest,1.0
1021,morning-metrics,scheduleTrigger,googleSheets,1.0
1022,email-archiver,emailReadImap,httpRequest,0.5
1023,rss-alert,rssFeedTrigger,slack,1.0
1024,form-to-endpoint,webhook,httpRequest,1.0
1025,morning-metrics,scheduleTrigger,googleSheets,1.0
1026,email-archiver,emailReadImap,readWriteFile,1.0
1027,rss-alert,rssFeedTrigger,slack,1.0
1028,form-to-endpoint,webhook,httpRequest,1.0
1029,morning-metrics,scheduleTrigger,googleSheets,1.0
1030,email-archiver,emailReadImap,readWriteFile,1.0
1031,rss-alert,rssFeedTrigger,slack,1.0
1032,form-to-endpoint,webhook,httpRequest,1.0
1033,morning-metrics,scheduleTrigger,googleSheets,1.0
1034,email-archiver,emailReadImap,readWriteFile,1.0
1035,rss-alert,rssFeedTrigger,slack,1.0
1036,form-to-endpoint,webhook,httpRequest,1.0
1037,morning-metrics,scheduleTrigger,readWriteFile,0.5
1038,email-archiver,emailReadImap,readWriteFile,1.0
1039,rss-alert,rssFeedTrigger,slack,1.0
1040,form-to-endpoint,webhook,httpRequest,1.0
1041,morning-metrics,scheduleTrigger,googleSheets,1.0
1042,email-archiver,emailReadImap,slack,0.5
1043,rss-alert,rssFeedTrigger,slack,1.0
1044,form-to-endpoint,webhook,httpRequest,1.0
1045,morning-metrics,scheduleTrigger,googleSheets,1.0
1046,email-archiver,emailReadImap,readWriteFile,1.0
1047,rss-alert,rssFeedTrigger,slack,1.0
1048,form-to-endpoint,webhook,httpRequest,1.0
1049,morning-metrics,scheduleTrigger,googleSheets,1.0
1050,email-archiver,emailReadImap,readWriteFile,1.0
1051,rss-alert,rssFeedTrigger,slack,1.0
1052,form-to-endpoint,webhook,httpRequest,1.0
1053,morning-metrics,scheduleTrigger,googleSheets,1.0
1054,email-archiver,emailReadImap,readWriteFile,1.0
1055,rss-alert,rssFeedTrigger,slack,1.0
1056,form-to-endpoint,webhook,httpRequest,1.0
1057,morning-metrics,scheduleTrigger,googleSheets,1.0
1058,email-archiver,emailReadImap,readWriteFile,1.0
1059,rss-alert,rssFeedTrigger,slack,1.0
1060,form-to-endpoint,webhook,httpRequest,1.0
1061,morning-metrics,scheduleTrigger,googleSheets,1.0
1062,email-archiver,emailReadImap,readWriteFile,1.0
1063,rss-alert,rssFeedTrigger,slack,1.0
1064,form-to-endpoint,scheduleTrigger,httpRequest,0.5
1065,morning-metrics,scheduleTrigger,googleSheets,1.0
1066,email-archiver,emailReadImap,readWriteFile,1.0
1067,rss-alert,rssFeedTrigger,googleSheets,0.5
1068,form-to-endpoint,webhook,httpRequest,1.0
1069,morning-metrics,scheduleTrigger,googleSheets,1.0
1070,email-archiver,emailReadImap,readWriteFile,1.0
1071,rss-alert,rssFeedTrigger,slack,1.0
1072,form-to-endpoint,webhook,httpRequest,1.0
1073,morning-metrics,scheduleTrigger,googleSheets,1.0
1074,email-archiver,emailReadImap,readWriteFile,1.0
1075,rss-alert,rssFeedTrigger,slack,1.0
1076,form-to-endpoint,webhook,httpRequest,1.0
1077,morning-metrics,scheduleTrigger,googleSheets,1.0
1078,email-archiver,emailReadImap,readWriteFile,1.0
1079,rss-alert,rssFeedTrigger,slack,1.0
1080,form-to-endpoint,webhook,httpRequest,1.0
1081,morning-metrics,scheduleTrigger,googleSheets,1.0
1082,email-archiver,emailReadImap,readWriteFile,1.0
1083,rss-alert,rssFeedTrigger,slack,1.0
1084,form-to-endpoint,webhook,httpRequest,1.0
1085,morning-metrics,scheduleTrigger,googleSheets,1.0
1086,email-archiver,emailReadImap,readWriteFile,1.0
1087,rss-alert,rssFeedTrigger,slack,1.0
1088,form-to-endpoint,webhook,httpRequest,1.0
1089,morning-metrics,scheduleTrigger,readWriteFile,0.5
1090,email-archiver,emailReadImap,readWriteFile,1.0
1091,rss-alert,rssFeedTrigger,slack,1.0
1092,form-to-endpoint,webhook,httpRequest,1.0
1093,morning-metrics,scheduleTrigger,googleSheets,1.0
1094,email-archiver,webhook,readWriteFile,0.5
1095,rss-alert,rssFeedTrigger,slack,1.0
1096,form-to-endpoint,webhook,httpRequest,1.0
1097,morning-metrics,scheduleTrigger,googleSheets,1.0
1098,email-archiver,emailReadImap,readWriteFile,1.0
1099,rss-alert,rssFeedTrigger,slack,1.0
1100,form-to-endpoint,webhook,httpRequest,1.0
1101,morning-metrics,scheduleTrigger,slack,0.5
1102,email-archiver,emailReadImap,readWriteFile,1.0
1103,rss-alert,rssFeedTrigger,slack,1.0
1104,form-to-endpoint,webhook,httpRequest,1.0
1105,morning-metrics,scheduleTrigger,googleSheets,1.0
1106,email-archiver,emailReadImap,readWriteFile,1.0
1107,rss-alert,rssFeedTrigger,slack,1.0
1108,form-to-endpoint,webhook,httpRequest,1.0
1109,morning-metrics,scheduleTrigger,googleSheets,1.0
1110,email-archiver,emailReadImap,readWriteFile,1.0
1111,rss-alert,rssFeedTrigger,slack,1.0
1112,form-to-endpoint,webhook,googleSheets,0.5
1113,morning-metrics,scheduleTrigger,googleSheets,1.0
1114,email-archiver,emailReadImap,readWriteFile,1.0
1115,rss-alert,rssFeedTrigger,slack,1.0
1116,form-to-endpoint,webhook,httpRequest,1.0
1117,morning-metrics,scheduleTrigger,googleSheets,1.0
1118,email-archiver,emailReadImap,readWriteFile,1.0
1119,rss-alert,rssFeedTrigger,slack,1.0
1120,form-to-endpoint,webhook,httpRequest,1.0
1121,morning-metrics,scheduleTrigger,googleSheets,1.0
1122,email-archiver,emailReadImap,readWriteFile,1.0
1123,rss-alert,rssFeedTrigger,slack,1.0
1124,form-to-endpoint,webhook,httpRequest,1.0
1125,morning-metrics,scheduleTrigger,googleSheets,1.0
1126,email-archiver,emailReadImap,readWriteFile,1.0
1127,rss-alert,rssFeedTrigger,slack,1.0
1128,form-to-endpoint,webhook,httpRequest,1.0
1129,morning-metrics,scheduleTrigger,googleSheets,1.0
1130,email-archiver,emailReadImap,readWriteFile,1.0
1131,rss-alert,rssFeedTrigger,slack,1.0
1132,form-to-endpoint,rssFeedTrigger,httpRequest,0.5
1133,morning-metrics,scheduleTrigger,googleSheets,1.0
1134,email-archiver,emailReadImap,readWriteFile,1.0
1135,rss-alert,webhook,slack,0.5
1136,form-to-endpoint,webhook,httpRequest,1.0
1137,morning-metrics,scheduleTrigger,googleSheets,1.0
1138,email-archiver,emailReadImap,readWriteFile,1.0
1139,rss-alert,rssFeedTrigger,slack,1.0
1140,form-to-endpoint,webhook,httpRequest,1.0
1141,morning-metrics,scheduleTrigger,googleSheets,1.0
1142,email-archiver,emailReadImap,readWriteFile,1.0
1143,rss-alert,rssFeedTrigger,slack,1.0
1144,form-to-endpoint,rssFeedTrigger,httpRequest,0.5
1145,morning-metrics,scheduleTrigger,googleSheets,1.0
1146,email-archiver,emailReadImap,readWriteFile,1.0
1147,rss-alert,rssFeedTrigger,readWriteFile,0.5
1148,form-to-endpoint,webhook,httpRequest,1.0
1149,morning-metrics,scheduleTrigger,googleSheets,1.0
1150,email-archiver,emailReadImap,readWriteFile,1.0
1151,rss-alert,rssFeedTrigger,slack,1.0
1152,form-to-endpoint,webhook,httpRequest,1.0
1153,morning-metrics,scheduleTrigger,googleSheets,1.0
1154,email-archiver,emailReadImap,readWriteFile,1.0
1155,rss-alert,webhook,slack,0.5
1156,form-to-endpoint,webhook,httpRequest,1.0
1157,morning-metrics,scheduleTrigger,googleSheets,1.0
1158,email-archiver,emailReadImap,readWriteFile,1.0
1159,rss-alert,rssFeedTrigger,slack,1.0
1160,form-to-endpoint,webhook,httpRequest,1.0
1161,morning-metrics,scheduleTrigger,httpRequest,0.5
1162,email-archiver,emailReadImap,readWriteFile,1.0
1163,rss-alert,rssFeedTrigger,slack,1.0
1164,form-to-endpoint,webhook,httpRequest,1.0
1165,morning-metrics,scheduleTrigger,googleSheets,1.0
1166,email-archiver,emailReadImap,readWriteFile,1.0
1167,rss-alert,rssFeedTrigger,readWriteFile,0.5
1168,form-to-endpoint,webhook,httpRequest,1.0
1169,morning-metrics,scheduleTrigger,googleSheets,1.0
1170,email-archiver,emailReadImap,readWriteFile,1.0
1171,rss-alert,rssFeedTrigger,httpRequest,0.5
1172,form-to-endpoint,webhook,httpRequest,1.0
1173,morning-metrics,scheduleTrigger,googleSheets,1.0
1174,email-archiver,emailReadImap,readWriteFile,1.0
1175,rss-alert,rssFeedTrigger,slack,1.0
1176,form-to-endpoint,webhook,httpRequest,1.0
1177,morning-metrics,scheduleTrigger,googleSheets,1.0
1178,email-archiver,emailReadImap,slack,0.5
1179,rss-alert,rssFeedTrigger,slack,1.0
1180,form-to-endpoint,webhook,httpRequest,1.0
1181,morning-metrics,scheduleTrigger,slack,0.5
1182,email-archiver,emailReadImap,readWriteFile,1.0
1183,rss-alert,rssFeedTrigger,readWriteFile,0.5
1184,form-to-endpoint,webhook,httpRequest,1.0
1185,morning-metrics,webhook,googleSheets,0.5
1186,email-archiver,emailReadImap,readWriteFile,1.0
1187,rss-alert,rssFeedTrigger,slack,1.0
1188,form-to-endpoint,webhook,httpRequest,1.0
1189,morning-metrics,scheduleTrigger,googleSheets,1.0
1190,email-archiver,emailReadImap,readWriteFile,1.0
1191,rss-alert,rssFeedTrigger,slack,1.0
1192,form-to-endpoint,webhook,httpRequest,1.0
1193,morning-metrics,scheduleTrigger,readWriteFile,0.5
1194,email-archiver,emailReadImap,readWriteFile,1.0
1195,rss-alert,rssFeedTrigger,slack,1.0
1196,form-to-endpoint,webhook,httpRequest,1.0
1197,morning-metrics,scheduleTrigger,googleSheets,1.0
1198,email-archiver,emailReadImap,readWriteFile,1.0
1199,rss-alert,rssFeedTrigger,slack,1.0
1200,form-to-endpoint,webhook,httpRequest,1.0
1201,morning-metrics,scheduleTrigger,googleSheets,1.0
1202,email-archiver,emailReadImap,googleSheets,0.5
1203,rss-alert,rssFeedTrigger,slack,1.0
1204,form-to-endpoint,webhook,httpRequest,1.0
1205,morning-metrics,scheduleTrigger,googleSheets,1.0
1206,email-archiver,emailReadImap,readWriteFile,1.0
1207,rss-alert,rssFeedTrigger,slack,1.0
1208,form-to-endpoint,webhook,googleSheets,0.5
1209,morning-metrics,scheduleTrigger,googleSheets,1.0
1210,email-archiver,emailReadImap,readWriteFile,1.0
1211,rss-alert,rssFeedTrigger,slack,1.0
1212,form-to-endpoint,webhook,httpRequest,1.0
1213,morning-metrics,scheduleTrigger,googleSheets,1.0
1214,email-archiver,scheduleTrigger,readWriteFile,0.5
1215,rss-alert,rssFeedTrigger,slack,1.0
1216,form-to-endpoint,webhook,httpRequest,1.0
1217,morning-metrics,scheduleTrigger,googleSheets,1.0
1218,email-archiver,emailReadImap,httpRequest,0.5
1219,rss-alert,rssFeedTrigger,slack,1.0
1220,form-to-endpoint,webhook,httpRequest,1.0
1221,morning-metrics,scheduleTrigger,googleSheets,1.0
1222,email-archiver,emailReadImap,readWriteFile,1.0
1223,rss-alert,rssFeedTrigger,slack,1.0
1224,form-to-endpoint,webhook,httpRequest,1.0
1225,morning-metrics,scheduleTrigger,googleSheets,1.0
1226,email-archiver,emailReadImap,readWriteFile,1.0
1227,rss-alert,rssFeedTrigger,slack,1.0
1228,form-to-endpoint,webhook,httpRequest,1.0
1229,morning-metrics,scheduleTrigger,googleSheets,1.0
1230,email-archiver,emailReadImap,readWriteFile,1.0
1231,rss-alert,emailReadImap,slack,0.5
1232,form-to-endpoint,webhook,httpRequest,1.0
1233,morning-metrics,scheduleTrigger,httpRequest,0.5
1234,email-archiver,rssFeedTrigger,readWriteFile,0.5
1235,rss-alert,rssFeedTrigger,slack,1.0
1236,form-to-endpoint,webhook,httpRequest,1.0
1237,morning-metrics,scheduleTrigger,googleSheets,1.0
1238,email-archiver,emailReadImap,readWriteFile,1.0
1239,rss-alert,scheduleTrigger,slack,0.5
1240,form-to-endpoint,webhook,httpRequest,1.0
1241,morning-metrics,scheduleTrigger,googleSheets,1.0
1242,email-archiver,emailReadImap,readWriteFile,1.0
1243,rss-alert,rssFeedTrigger,slack,1.0
1244,form-to-endpoint,webhook,httpRequest,1.0
1245,morning-metrics,scheduleTrigger,googleSheets,1.0
1246,email-archiver,scheduleTrigger,readWriteFile,0.5
1247,rss-alert,rssFeedTrigger,googleSheets,0.5
1248,form-to-endpoint,webhook,httpRequest,1.0
1249,morning-metrics,scheduleTrigger,googleSheets,1.0
1250,email-archiver,emailReadImap,readWriteFile,1.0
1251,rss-alert,rssFeedTrigger,slack,1.0
1252,form-to-endpoint,webhook,httpRequest,1.0
1253,morning-metrics,scheduleTrigger,googleSheets,1.0
1254,email-archiver,emailReadImap,readWriteFile,1.0
1255,rss-alert,webhook,slack,0.5
1256,form-to-endpoint,scheduleTrigger,httpRequest,0.5
1257,morning-metrics,scheduleTrigger,googleSheets,1.0
1258,email-archiver,emailReadImap,readWriteFile,1.0
1259,rss-alert,rssFeedTrigger,slack,1.0
1260,form-to-endpoint,webhook,httpRequest,1.0
1261,morning-metrics,scheduleTrigger,googleSheets,1.0
1262,email-archiver,emailReadImap,readWriteFile,1.0
1263,rss-alert,rssFeedTrigger,slack,1.0
1264,form-to-endpoint,webhook,httpRequest,1.0
1265,morning-metrics,scheduleTrigger,googleSheets,1.0
1266,email-archiver,emailReadImap,readWriteFile,1.0
1267,rss-alert,rssFeedTrigger,slack,1.0
1268,form-to-endpoint,webhook,httpRequest,1.0
1269,morning-metrics,scheduleTrigger,httpRequest,0.5
1270,email-archiver,emailReadImap,readWriteFile,1.0
1271,rss-alert,webhook,slack,0.5
1272,form-to-endpoint,webhook,httpRequest,1.0
1273,morning-metrics,webhook,googleSheets,0.5
1274,email-archiver,emailReadImap,readWriteFile,1.0
1275,rss-alert,rssFeedTrigger,slack,1.0
1276,form-to-endpoint,webhook,httpRequest,1.0
1277,morning-metrics,scheduleTrigger,googleSheets,1.0
1278,email-archiver,emailReadImap,readWriteFile,1.0
1279,rss-alert,rssFeedTrigger,slack,1.0
1280,form-to-endpoint,webhook,httpRequest,1.0
1281,morning-metrics,scheduleTrigger,googleSheets,1.0
1282,email-archiver,emailReadImap,readWriteFile,1.0
1283,rss-alert,rssFeedTrigger,httpRequest,0.5
1284,form-to-endpoint,webhook,httpRequest,1.0
1285,morning-metrics,scheduleTrigger,googleSheets,1.0
1286,email-archiver,emailReadImap,readWriteFile,1.0
1287,rss-alert,rssFeedTrigger,slack,1.0
1288,form-to-endpoint,webhook,httpRequest,1.0
1289,morning-metrics,scheduleTrigger,googleSheets,1.0
1290,email-archiver,emailReadImap,readWriteFile,1.0
1291,rss-alert,scheduleTrigger,slack,0.5
1292,form-to-endpoint,webhook,httpRequest,1.0
1293,morning-metrics,emailReadImap,slack,0.0
1294,email-archiver,emailReadImap,readWriteFile,1.0
1295,rss-alert,rssFeedTrigger,slack,1.0
1296,form-to-endpoint,webhook,httpRequest,1.0
1297,morning-metrics,scheduleTrigger,googleSheets,1.0
1298,email-archiver,emailReadImap,readWriteFile,1.0
1299,rss-alert,rssFeedTrigger,slack,1.0
1300,form-to-endpoint,webhook,httpRequest,1.0
1301,morning-metrics,scheduleTrigger,googleSheets,1.0
1302,email-archiver,emailReadImap,readWriteFile,1.0
1303,rss-alert,rssFeedTrigger,slack,1.0
1304,form-to-endpoint,webhook,readWriteFile,0.5
1305,morning-metrics,scheduleTrigger,googleSheets,1.0
1306,email-archiver,emailReadImap,readWriteFile,1.0
1307,rss-alert,rssFeedTrigger,slack,1.0
1308,form-to-endpoint,webhook,httpRequest,1.0
1309,morning-metrics,scheduleTrigger,googleSheets,1.0
1310,email-archiver,emailReadImap,readWriteFile,1.0
1311,rss-alert,rssFeedTrigger,slack,1.0
1312,form-to-endpoint,webhook,httpRequest,1.0
1313,morning-metrics,scheduleTrigger,googleSheets,1.0
1314,email-archiver,emailReadImap,readWriteFile,1.0
1315,rss-alert,rssFeedTrigger,slack,1.0
1316,form-to-endpoint,webhook,httpRequest,1.0
1317,morning-metrics,scheduleTrigger,googleSheets,1.0
1318,email-archiver,emailReadImap,readWriteFile,1.0
1319,rss-alert,rssFeedTrigger,slack,1.0
1320,form-to-endpoint,webhook,httpRequest,1.0
1321,morning-metrics,scheduleTrigger,googleSheets,1.0
1322,email-archiver,emailReadImap,readWriteFile,1.0
1323,rss-alert,rssFeedTrigger,slack,1.0
1324,form-to-endpoint,webhook,httpRequest,1.0
1325,morning-metrics,scheduleTrigger,googleSheets,1.0
1326,email-archiver,emailReadImap,readWriteFile,1.0
1327,rss-alert,webhook,slack,0.5
1328,form-to-endpoint,webhook,httpRequest,1.0
1329,morning-metrics,rssFeedTrigger,httpRequest,0.0
1330,email-archiver,emailReadImap,readWriteFile,1.0
1331,rss-alert,scheduleTrigger,slack,0.5
1332,form-to-endpoint,webhook,httpRequest,1.0
1333,morning-metrics,scheduleTrigger,googleSheets,1.0
1334,email-archiver,emailReadImap,readWriteFile,1.0
1335,rss-alert,rssFeedTrigger,slack,1.0
1336,form-to-endpoint,scheduleTrigger,httpRequest,0.5
1337,morning-metrics,scheduleTrigger,httpRequest,0.5
1338,email-archiver,emailReadImap,readWriteFile,1.0
1339,rss-alert,rssFeedTrigger,slack,1.0
1340,form-to-endpoint,webhook,httpRequest,1.0
1341,morning-metrics,scheduleTrigger,googleSheets,1.0
1342,email-archiver,emailReadImap,readWriteFile,1.0
1343,rss-alert,rssFeedTrigger,slack,1.0
1344,form-to-endpoint,webhook,httpRequest,1.0
1345,morning-metrics,scheduleTrigger,googleSheets,1.0
1346,email-archiver,emailReadImap,readWriteFile,1.0
1347,rss-alert,rssFeedTrigger,readWriteFile,0.5
1348,form-to-endpoint,webhook,httpRequest,1.0
1349,morning-metrics,scheduleTrigger,googleSheets,1.0
1350,email-archiver,emailReadImap,readWriteFile,1.0
1351,rss-alert,scheduleTrigger,slack,0.5
1352,form-to-endpoint,webhook,httpRequest,1.0
1353,morning-metrics,scheduleTrigger,googleSheets,1.0
1354,email-archiver,emailReadImap,readWriteFile,1.0
1355,rss-alert,rssFeedTrigger,httpRequest,0.5
1356,form-to-endpoint,webhook,httpRequest,1.0
1357,morning-metrics,scheduleTrigger,googleSheets,1.0
1358,email-archiver,emailReadImap,readWriteFile,1.0
1359,rss-alert,rssFeedTrigger,slack,1.0
1360,form-to-endpoint,webhook,googleSheets,0.5
1361,morning-metrics,scheduleTrigger,googleSheets,1.0
1362,email-archiver,emailReadImap,readWriteFile,1.0
1363,rss-alert,rssFeedTrigger,slack,1.0
1364,form-to-endpoint,emailReadImap,httpRequest,0.5
1365,morning-metrics,scheduleTrigger,googleSheets,1.0
1366,email-archiver,emailReadImap,readWriteFile,1.0
1367,rss-alert,rssFeedTrigger,readWriteFile,0.5
1368,form-to-endpoint,webhook,readWriteFile,0.5
1369,morning-metrics,scheduleTrigger,googleSheets,1.0
1370,email-archiver,emailReadImap,readWriteFile,1.0
1371,rss-alert,rssFeedTrigger,slack,1.0
1372,form-to-endpoint,webhook,httpRequest,1.0
1373,morning-metrics,scheduleTrigger,googleSheets,1.0
1374,email-archiver,emailReadImap,readWriteFile,1.0
1375,rss-alert,rssFeedTrigger,httpRequest,0.5
1376,form-to-endpoint,webhook,httpRequest,1.0
1377,morning-metrics,scheduleTrigger,googleSheets,1.0
1378,email-archiver,rssFeedTrigger,readWriteFile,0.5
1379,rss-alert,scheduleTrigger,slack,0.5
1380,form-to-endpoint,webhook,httpRequest,1.0
1381,morning-metrics,scheduleTrigger,googleSheets,1.0
1382,email-archiver,emailReadImap,readWriteFile,1.0
1383,rss-alert,rssFeedTrigger,slack,1.0
1384,form-to-endpoint,webhook,httpRequest,1.0
1385,morning-metrics,emailReadImap,googleSheets,0.5
1386,email-archiver,emailReadImap,readWriteFile,1.0
1387,rss-alert,rssFeedTrigger,readWriteFile,0.5
1388,form-to-endpoint,webhook,httpRequest,1.0
1389,morning-metrics,scheduleTrigger,googleSheets,1.0
1390,email-archiver,emailReadImap,readWriteFile,1.0
1391,rss-alert,rssFeedTrigger,slack,1.0
1392,form-to-endpoint,webhook,httpRequest,1.0
1393,morning-metrics,scheduleTrigger,googleSheets,1.0
1394,email-archiver,emailReadImap,readWriteFile,1.0
1395,rss-alert,rssFeedTrigger,slack,1.0
1396,form-to-endpoint,webhook,httpRequest,1.0
1397,morning-metrics,scheduleTrigger,googleSheets,1.0
1398,email-archiver,emailReadImap,readWriteFile,1.0
1399,rss-alert,rssFeedTrigger,slack,1.0
1400,form-to-endpoint,webhook,httpRequest,1.0
1401,morning-metrics,scheduleTrigger,googleSheets,1.0
1402,email-archiver,emailReadImap,readWriteFile,1.0
1403,rss-alert,rssFeedTrigger,slack,1.0
1404,form-to-endpoint,emailReadImap,httpRequest,0.5
1405,morning-metrics,scheduleTrigger,googleSheets,1.0
1406,email-archiver,emailReadImap,readWriteFile,1.0
1407,rss-alert,rssFeedTrigger,slack,1.0
1408,form-to-endpoint,webhook,httpRequest,1.0
1409,morning-metrics,scheduleTrigger,googleSheets,1.0
1410,email-archiver,emailReadImap,readWriteFile,1.0
1411,rss-alert,rssFeedTrigger,slack,1.0
1412,form-to-endpoint,webhook,httpRequest,1.0
1413,morning-metrics,scheduleTrigger,googleSheets,1.0
1414,email-archiver,emailReadImap,readWriteFile,1.0
1415,rss-alert,rssFeedTrigger,slack,1.0
1416,form-to-endpoint,webhook,httpRequest,1.0
1417,morning-metrics,scheduleTrigger,googleSheets,1.0
1418,email-archiver,emailReadImap,readWriteFile,1.0
1419,rss-alert,rssFeedTrigger,slack,1.0
1420,form-to-endpoint,webhook,readWriteFile,0.5
1421,morning-metrics,scheduleTrigger,googleSheets,1.0
1422,email-archiver,rssFeedTrigger,readWriteFile,0.5
1423,rss-alert,rssFeedTrigger,slack,1.0
1424,form-to-endpoint,webhook,googleSheets,0.5
1425,morning-metrics,scheduleTrigger,googleSheets,1.0
1426,email-archiver,emailReadImap,readWriteFile,1.0
1427,rss-alert,rssFeedTrigger,slack,1.0
1428,form-to-endpoint,scheduleTrigger,httpRequest,0.5
1429,morning-metrics,scheduleTrigger,googleSheets,1.0
1430,email-archiver,emailReadImap,readWriteFile,1.0
1431,rss-alert,scheduleTrigger,slack,0.5
1432,form-to-endpoint,webhook,httpRequest,1.0
1433,morning-metrics,scheduleTrigger,googleSheets,1.0
1434,email-archiver,scheduleTrigger,readWriteFile,0.5
1435,rss-alert,rssFeedTrigger,readWriteFile,0.5
1436,form-to-endpoint,emailReadImap,httpRequest,0.5
1437,morning-metrics,scheduleTrigger,googleSheets,1.0
1438,email-archiver,emailReadImap,readWriteFile,1.0
1439,rss-alert,rssFeedTrigger,slack,1.0
1440,form-to-endpoint,webhook,httpRequest,1.0
1441,morning-metrics,webhook,googleSheets,0.5
1442,email-archiver,emailReadImap,readWriteFile,1.0
1443,rss-alert,rssFeedTrigger,slack,1.0
1444,form-to-endpoint,webhook,httpRequest,1.0
1445,morning-metrics,scheduleTrigger,googleSheets,1.0
1446,email-archiver,webhook,readWriteFile,0.5
1447,rss-alert,rssFeedTrigger,slack,1.0
1448,form-to-endpoint,webhook,httpRequest,1.0
1449,morning-metrics,scheduleTrigger,googleSheets,1.0
1450,email-archiver,emailReadImap,googleSheets,0.5
1451,rss-alert,rssFeedTrigger,slack,1.0
1452,form-to-endpoint,webhook,httpRequest,1.0
1453,morning-metrics,scheduleTrigger,googleSheets,1.0
1454,email-archiver,rssFeedTrigger,readWriteFile,0.5
1455,rss-alert,rssFeedTrigger,slack,1.0
1456,form-to-endpoint,webhook,httpRequest,1.0
1457,morning-metrics,scheduleTrigger,googleSheets,1.0
1458,email-archiver,emailReadImap,httpRequest,0.5
1459,rss-alert,rssFeedTrigger,slack,1.0
1460,form-to-endpoint,webhook,httpRequest,1.0
1461,morning-metrics,scheduleTrigger,googleSheets,1.0
1462,email-archiver,rssFeedTrigger,readWriteFile,0.5
1463,rss-alert,rssFeedTrigger,slack,1.0
1464,form-to-endpoint,webhook,httpRequest,1.0
1465,morning-metrics,scheduleTrigger,googleSheets,1.0
1466,email-archiver,emailReadImap,readWriteFile,1.0
1467,rss-alert,rssFeedTrigger,slack,1.0
1468,form-to-endpoint,webhook,httpRequest,1.0
1469,morning-metrics,scheduleTrigger,googleSheets,1.0
1470,email-archiver,emailReadImap,readWriteFile,1.0
1471,rss-alert,rssFeedTrigger,slack,1.0
1472,form-to-endpoint,webhook,httpRequest,1.0
1473,morning-metrics,scheduleTrigger,slack,0.5
1474,email-archiver,emailReadImap,readWriteFile,1.0
1475,rss-alert,rssFeedTrigger,slack,1.0
1476,form-to-endpoint,webhook,httpRequest,1.0
1477,morning-metrics,scheduleTrigger,googleSheets,1.0
1478,email-archiver,emailReadImap,readWriteFile,1.0
1479,rss-alert,rssFeedTrigger,slack,1.0
1480,form-to-endpoint,webhook,httpRequest,1.0
1481,morning-metrics,scheduleTrigger,readWriteFile,0.5
1482,email-archiver,emailReadImap,readWriteFile,1.0
1483,rss-alert,emailReadImap,slack,0.5
1484,form-to-endpoint,webhook,httpRequest,1.0
1485,morning-metrics,scheduleTrigger,readWriteFile,0.5
1486,email-archiver,emailReadImap,readWriteFile,1.0
1487,rss-alert,rssFeedTrigger,slack,1.0
1488,form-to-endpoint,webhook,httpRequest,1.0
1489,morning-metrics,scheduleTrigger,googleSheets,1.0
1490,email-archiver,emailReadImap,readWriteFile,1.0
1491,rss-alert,rssFeedTrigger,slack,1.0
1492,form-to-endpoint,webhook,googleSheets,0.5
1493,morning-metrics,emailReadImap,googleSheets,0.5
1494,email-archiver,emailReadImap,readWriteFile,1.0
1495,rss-alert,rssFeedTrigger,slack,1.0
1496,form-to-endpoint,webhook,httpRequest,1.0
1497,morning-metrics,scheduleTrigger,googleSheets,1.0
1498,email-archiver,emailReadImap,readWriteFile,1.0
1499,rss-alert,rssFeedTrigger,slack,1.0
1500,form-to-endpoint,webhook,httpRequest,1.0
1501,morning-metrics,scheduleTrigger,googleSheets,1.0
1502,email-archiver,webhook,readWriteFile,0.5
1503,rss-alert,emailReadImap,slack,0.5
1504,form-to-endpoint,webhook,httpRequest,1.0
1505,morning-metrics,scheduleTrigger,googleSheets,1.0
1506,email-archiver,emailReadImap,readWriteFile,1.0
1507,rss-alert,emailReadImap,googleSheets,0.0
1508,form-to-endpoint,webhook,httpRequest,1.0
1509,morning-metrics,scheduleTrigger,googleSheets,1.0
1510,email-archiver,emailReadImap,googleSheets,0.5
1511,rss-alert,rssFeedTrigger,slack,1.0
1512,form-to-endpoint,webhook,httpRequest,1.0
1513,morning-metrics,scheduleTrigger,googleSheets,1.0
1514,email-archiver,emailReadImap,httpRequest,0.5
1515,rss-alert,rssFeedTrigger,slack,1.0
1516,form-to-endpoint,webhook,httpRequest,1.0
1517,morning-metrics,scheduleTrigger,httpRequest,0.5
1518,email-archiver,emailReadImap,readWriteFile,1.0
1519,rss-alert,rssFeedTrigger,slack,1.0
1520,form-to-endpoint,webhook,httpRequest,1.0
1521,morning-metrics,scheduleTrigger,googleSheets,1.0
1522,email-archiver,emailReadImap,readWriteFile,1.0
1523,rss-alert,rssFeedTrigger,slack,1.0
1524,form-to-endpoint,rssFeedTrigger,httpRequest,0.5
1525,morning-metrics,emailReadImap,googleSheets,0.5
1526,email-archiver,webhook,slack,0.0
1527,rss-alert,rssFeedTrigger,slack,1.0
1528,form-to-endpoint,webhook,httpRequest,1.0
1529,morning-metrics,scheduleTrigger,googleSheets,1.0
1530,email-archiver,emailReadImap,readWriteFile,1.0
1531,rss-alert,rssFeedTrigger,slack,1.0
1532,form-to-endpoint,webhook,httpRequest,1.0
1533,morning-metrics,scheduleTrigger,googleSheets,1.0
1534,email-archiver,emailReadImap,readWriteFile,1.0
1535,rss-alert,rssFeedTrigger,slack,1.0
1536,form-to-endpoint,webhook,httpRequest,1.0
1537,morning-metrics,scheduleTrigger,googleSheets,1.0
1538,email-archiver,emailReadImap,readWriteFile,1.0
1539,rss-alert,rssFeedTrigger,slack,1.0
1540,form-to-endpoint,webhook,httpRequest,1.0
1541,morning-metrics,scheduleTrigger,googleSheets,1.0
1542,email-archiver,rssFeedTrigger,readWriteFile,0.5
1543,rss-alert,scheduleTrigger,slack,0.5
1544,form-to-endpoint,webhook,httpRequest,1.0
1545,morning-metrics,scheduleTrigger,googleSheets,1.0
1546,email-archiver,emailReadImap,readWriteFile,1.0
1547,rss-alert,rssFeedTrigger,slack,1.0
1548,form-to-endpoint,webhook,httpRequest,1.0
1549,morning-metrics,scheduleTrigger,googleSheets,1.0
1550,email-archiver,emailReadImap,httpRequest,0.5
1551,rss-alert,rssFeedTrigger,slack,1.0
1552,form-to-endpoint,webhook,httpRequest,1.0
1553,morning-metrics,scheduleTrigger,httpRequest,0.5
1554,email-archiver,emailReadImap,readWriteFile,1.0
1555,rss-alert,webhook,slack,0.5
1556,form-to-endpoint,rssFeedTrigger,httpRequest,0.5
1557,morning-metrics,scheduleTrigger,googleSheets,1.0
1558,email-archiver,emailReadImap,readWriteFile,1.0
1559,rss-alert,rssFeedTrigger,slack,1.0
1560,form-to-endpoint,webhook,httpRequest,1.0
1561,morning-metrics,scheduleTrigger,googleSheets,1.0
1562,email-archiver,webhook,readWriteFile,0.5
1563,rss-alert,rssFeedTrigger,slack,1.0
1564,form-to-endpoint,webhook,httpRequest,1.0
1565,morning-metrics,scheduleTrigger,googleSheets,1.0
1566,email-archiver,emailReadImap,readWriteFile,1.0
1567,rss-alert,rssFeedTrigger,slack,1.0
1568,form-to-endpoint,webhook,httpRequest,1.0
1569,morning-metrics,scheduleTrigger,googleSheets,1.0
1570,email-archiver,emailReadImap,readWriteFile,1.0
1571,rss-alert,rssFeedTrigger,slack,1.0
1572,form-to-endpoint,webhook,httpRequest,1.0
1573,morning-metrics,scheduleTrigger,googleSheets,1.0
1574,email-archiver,emailReadImap,httpRequest,0.5
1575,rss-alert,rssFeedTrigger,slack,1.0
1576,form-to-endpoint,webhook,httpRequest,1.0
1577,morning-metrics,scheduleTrigger,googleSheets,1.0
1578,email-archiver,emailReadImap,readWriteFile,1.0
1579,rss-alert,rssFeedTrigger,slack,1.0
1580,form-to-endpoint,webhook,httpRequest,1.0
1581,morning-metrics,emailReadImap,googleSheets,0.5
1582,email-archiver,emailReadImap,readWriteFile,1.0
1583,rss-alert,rssFeedTrigger,slack,1.0
1584,form-to-endpoint,webhook,httpRequest,1.0
1585,morning-metrics,scheduleTrigger,googleSheets,1.0
1586,email-archiver,emailReadImap,readWriteFile,1.0
1587,rss-alert,rssFeedTrigger,slack,1.0
1588,form-to-endpoint,webhook,httpRequest,1.0
1589,morning-metrics,scheduleTrigger,slack,0.5
1590,email-archiver,emailReadImap,readWriteFile,1.0
1591,rss-alert,rssFeedTrigger,slack,1.0
1592,form-to-endpoint,webhook,httpRequest,1.0
1593,morning-metrics,scheduleTrigger,googleSheets,1.0
1594,email-archiver,emailReadImap,slack,0.5
1595,rss-alert,rssFeedTrigger,slack,1.0
1596,form-to-endpoint,webhook,httpRequest,1.0
1597,morning-metrics,rssFeedTrigger,httpRequest,0.0
1598,email-archiver,emailReadImap,readWriteFile,1.0
1599,rss-alert,rssFeedTrigger,googleSheets,0.5
1600,form-to-endpoint,webhook,httpRequest,1.0
1601,morning-metrics,scheduleTrigger,googleSheets,1.0
1602,email-archiver,emailReadImap,readWriteFile,1.0
1603,rss-alert,rssFeedTrigger,slack,1.0
1604,form-to-endpoint,webhook,httpRequest,1.0
1605,morning-metrics,scheduleTrigger,googleSheets,1.0
1606,email-archiver,emailReadImap,readWriteFile,1.0
1607,rss-alert,webhook,slack,0.5
1608,form-to-endpoint,webhook,httpRequest,1.0
1609,morning-metrics,emailReadImap,googleSheets,0.5
1610,email-archiver,emailReadImap,readWriteFile,1.0
1611,rss-alert,rssFeedTrigger,slack,1.0
1612,form-to-endpoint,webhook,httpRequest,1.0
1613,morning-metrics,scheduleTrigger,googleSheets,1.0
1614,email-archiver,emailReadImap,readWriteFile,1.0
1615,rss-alert,rssFeedTrigger,slack,1.0
1616,form-to-endpoint,webhook,httpRequest,1.0
1617,morning-metrics,scheduleTrigger,googleSheets,1.0
1618,email-archiver,emailReadImap,readWriteFile,1.0
1619,rss-alert,rssFeedTrigger,slack,1.0
1620,form-to-endpoint,webhook,httpRequest,1.0
1621,morning-metrics,scheduleTrigger,googleSheets,1.0
1622,email-archiver,emailReadImap,readWriteFile,1.0
1623,rss-alert,rssFeedTrigger,slack,1.0
1624,form-to-endpoint,webhook,googleSheets,0.5
1625,morning-metrics,scheduleTrigger,googleSheets,1.0
1626,email-archiver,emailReadImap,readWriteFile,1.0
1627,rss-alert,rssFeedTrigger,slack,1.0
1628,form-to-endpoint,webhook,httpRequest,1.0
1629,morning-metrics,scheduleTrigger,googleSheets,1.0
1630,email-archiver,emailReadImap,readWriteFile,1.0
1631,rss-alert,rssFeedTrigger,slack,1.0
1632,form-to-endpoint,webhook,httpRequest,1.0
1633,morning-metrics,scheduleTrigger,googleSheets,1.0
1634,email-archiver,emailReadImap,readWriteFile,1.0
1635,rss-alert,rssFeedTrigger,slack,1.0
1636,form-to-endpoint,webhook,httpRequest,1.0
1637,morning-metrics,scheduleTrigger,googleSheets,1.0
1638,email-archiver,emailReadImap,readWriteFile,1.0
1639,rss-alert,rssFeedTrigger,slack,1.0
1640,form-to-endpoint,webhook,httpRequest,1.0
1641,morning-metrics,scheduleTrigger,googleSheets,1.0
1642,email-archiver,emailReadImap,readWriteFile,1.0
1643,rss-alert,rssFeedTrigger,slack,1.0
1644,form-to-endpoint,webhook,httpRequest,1.0
1645,morning-metrics,scheduleTrigger,googleSheets,1.0
1646,email-archiver,emailReadImap,readWriteFile,1.0
1647,rss-alert,rssFeedTrigger,slack,1.0
1648,form-to-endpoint,webhook,httpRequest,1.0
1649,morning-metrics,emailReadImap,googleSheets,0.5
1650,email-archiver,emailReadImap,readWriteFile,1.0
1651,rss-alert,rssFeedTrigger,slack,1.0
1652,form-to-endpoint,webhook,httpRequest,1.0
1653,morning-metrics,scheduleTrigger,googleSheets,1.0
1654,email-archiver,emailReadImap,googleSheets,0.5
1655,rss-alert,rssFeedTrigger,slack,1.0
1656,form-to-endpoint,webhook,slack,0.5
1657,morning-metrics,scheduleTrigger,googleSheets,1.0
1658,email-archiver,emailReadImap,readWriteFile,1.0
1659,rss-alert,rssFeedTrigger,slack,1.0
1660,form-to-endpoint,webhook,httpRequest,1.0
1661,morning-metrics,scheduleTrigger,googleSheets,1.0
1662,email-archiver,emailReadImap,readWriteFile,1.0
1663,rss-alert,rssFeedTrigger,slack,1.0
1664,form-to-endpoint,webhook,readWriteFile,0.5
1665,morning-metrics,scheduleTrigger,googleSheets,1.0
1666,email-archiver,emailReadImap,readWriteFile,1.0
1667,rss-alert,rssFeedTrigger,slack,1.0
1668,form-to-endpoint,emailReadImap,httpRequest,0.5
1669,morning-metrics,rssFeedTrigger,googleSheets,0.5
1670,email-archiver,emailReadImap,readWriteFile,1.0
1671,rss-alert,rssFeedTrigger,slack,1.0
1672,form-to-endpoint,webhook,httpRequest,1.0
1673,morning-metrics,scheduleTrigger,googleSheets,1.0
1674,email-archiver,emailReadImap,readWriteFile,1.0
1675,rss-alert,rssFeedTrigger,slack,1.0
1676,form-to-endpoint,webhook,httpRequest,1.0
1677,morning-metrics,scheduleTrigger,googleSheets,1.0
1678,email-archiver,webhook,readWriteFile,0.5
1679,rss-alert,rssFeedTrigger,slack,1.0
1680,form-to-endpoint,webhook,httpRequest,1.0
1681,morning-metrics,scheduleTrigger,googleSheets,1.0
1682,email-archiver,emailReadImap,readWriteFile,1.0
1683,rss-alert,scheduleTrigger,slack,0.5
1684,form-to-endpoint,scheduleTrigger,httpRequest,0.5
1685,morning-metrics,scheduleTrigger,googleSheets,1.0
1686,email-archiver,emailReadImap,readWriteFile,1.0
1687,rss-alert,rssFeedTrigger,slack,1.0
1688,form-to-endpoint,webhook,httpRequest,1.0
1689,morning-metrics,scheduleTrigger,googleSheets,1.0
1690,email-archiver,emailReadImap,readWriteFile,1.0
1691,rss-alert,rssFeedTrigger,httpRequest,0.5
1692,form-to-endpoint,webhook,httpRequest,1.0
1693,morning-metrics,scheduleTrigger,googleSheets,1.0
1694,email-archiver,emailReadImap,readWriteFile,1.0
1695,rss-alert,rssFeedTrigger,googleSheets,0.5
1696,form-to-endpoint,webhook,httpRequest,1.0
1697,morning-metrics,scheduleTrigger,googleSheets,1.0
1698,email-archiver,emailReadImap,readWriteFile,1.0
1699,rss-alert,rssFeedTrigger,slack,1.0
1700,form-to-endpoint,webhook,httpRequest,1.0
1701,morning-metrics,scheduleTrigger,googleSheets,1.0
1702,email-archiver,emailReadImap,readWriteFile,1.0
1703,rss-alert,rssFeedTrigger,slack,1.0
1704,form-to-endpoint,webhook,httpRequest,1.0
1705,morning-metrics,scheduleTrigger,googleSheets,1.0
1706,email-archiver,webhook,readWriteFile,0.5
1707,rss-alert,rssFeedTrigger,slack,1.0
1708,form-to-endpoint,webhook,httpRequest,1.0
1709,morning-metrics,rssFeedTrigger,googleSheets,0.5
1710,email-archiver,emailReadImap,readWriteFile,1.0
1711,rss-alert,rssFeedTrigger,slack,1.0
1712,form-to-endpoint,webhook,httpRequest,1.0
1713,morning-metrics,scheduleTrigger,googleSheets,1.0
1714,email-archiver,emailReadImap,readWriteFile,1.0
1715,rss-alert,rssFeedTrigger,slack,1.0
1716,form-to-endpoint,webhook,httpRequest,1.0
1717,morning-metrics,scheduleTrigger,googleSheets,1.0
1718,email-archiver,emailReadImap,readWriteFile,1.0
1719,rss-alert,rssFeedTrigger,slack,1.0
1720,form-to-endpoint,webhook,httpRequest,1.0
1721,morning-metrics,scheduleTrigger,httpRequest,0.5
1722,email-archiver,emailReadImap,readWriteFile,1.0
1723,rss-alert,rssFeedTrigger,slack,1.0
1724,form-to-endpoint,webhook,httpRequest,1.0
1725,morning-metrics,scheduleTrigger,googleSheets,1.0
1726,email-archiver,emailReadImap,readWriteFile,1.0
1727,rss-alert,rssFeedTrigger,slack,1.0
1728,form-to-endpoint,webhook,httpRequest,1.0
1729,morning-metrics,scheduleTrigger,googleSheets,1.0
1730,email-archiver,emailReadImap,readWriteFile,1.0
1731,rss-alert,rssFeedTrigger,slack,1.0
1732,form-to-endpoint,webhook,readWriteFile,0.5
1733,morning-metrics,scheduleTrigger,googleSheets,1.0
1734,email-archiver,emailReadImap,readWriteFile,1.0
1735,rss-alert,rssFeedTrigger,slack,1.0
1736,form-to-endpoint,webhook,httpRequest,1.0
1737,morning-metrics,scheduleTrigger,slack,0.5
1738,email-archiver,emailReadImap,readWriteFile,1.0
1739,rss-alert,rssFeedTrigger,slack,1.0
1740,form-to-endpoint,webhook,httpRequest,1.0
1741,morning-metrics,scheduleTrigger,googleSheets,1.0
1742,email-archiver,emailReadImap,readWriteFile,1.0
1743,rss-alert,rssFeedTrigger,slack,1.0
1744,form-to-endpoint,webhook,httpRequest,1.0
1745,morning-metrics,scheduleTrigger,googleSheets,1.0
1746,email-archiver,emailReadImap,readWriteFile,1.0
1747,rss-alert,rssFeedTrigger,slack,1.0
1748,form-to-endpoint,webhook,httpRequest,1.0
1749,morning-metrics,scheduleTrigger,googleSheets,1.0
1750,email-archiver,emailReadImap,readWriteFile,1.0
1751,rss-alert,rssFeedTrigger,slack,1.0
1752,form-to-endpoint,webhook,httpRequest,1.0
1753,morning-metrics,rssFeedTrigger,googleSheets,0.5
1754,email-archiver,emailReadImap,readWriteFile,1.0
1755,rss-alert,rssFeedTrigger,slack,1.0
1756,form-to-endpoint,webhook,httpRequest,1.0
1757,morning-metrics,scheduleTrigger,googleSheets,1.0
1758,email-archiver,emailReadImap,readWriteFile,1.0
1759,rss-alert,rssFeedTrigger,slack,1.0
1760,form-to-endpoint,webhook,httpRequest,1.0
1761,morning-metrics,scheduleTrigger,googleSheets,1.0
1762,email-archiver,emailReadImap,readWriteFile,1.0
1763,rss-alert,rssFeedTrigger,slack,1.0
1764,form-to-endpoint,webhook,httpRequest,1.0
1765,morning-metrics,scheduleTrigger,googleSheets,1.0
1766,email-archiver,emailReadImap,readWriteFile,1.0
1767,rss-alert,rssFeedTrigger,slack,1.0
1768,form-to-endpoint,webhook,httpRequest,1.0
1769,morning-metrics,scheduleTrigger,googleSheets,1.0
1770,email-archiver,emailReadImap,readWriteFile,1.0
1771,rss-alert,rssFeedTrigger,slack,1.0
1772,form-to-endpoint,webhook,httpRequest,1.0
1773,morning-metrics,scheduleTrigger,googleSheets,1.0
1774,email-archiver,emailReadImap,readWriteFile,1.0
1775,rss-alert,rssFeedTrigger,slack,1.0
1776,form-to-endpoint,webhook,httpRequest,1.0
1777,morning-metrics,scheduleTrigger,googleSheets,1.0
1778,email-archiver,emailReadImap,readWriteFile,1.0
1779,rss-alert,rssFeedTrigger,slack,1.0
1780,form-to-endpoint,scheduleTrigger,httpRequest,0.5
1781,morning-metrics,scheduleTrigger,googleSheets,1.0
1782,email-archiver,emailReadImap,readWriteFile,1.0
1783,rss-alert,rssFeedTrigger,slack,1.0
1784,form-to-endpoint,webhook,httpRequest,1.0
1785,morning-metrics,scheduleTrigger,googleSheets,1.0
1786,email-archiver,emailReadImap,readWriteFile,1.0
1787,rss-alert,rssFeedTrigger,slack,1.0
1788,form-to-endpoint,webhook,httpRequest,1.0
1789,morning-metrics,scheduleTrigger,googleSheets,1.0
1790,email-archiver,emailReadImap,readWriteFile,1.0
1791,rss-alert,rssFeedTrigger,slack,1.0
1792,form-to-endpoint,webhook,httpRequest,1.0
1793,morning-metrics,scheduleTrigger,googleSheets,1.0
1794,email-archiver,emailReadImap,readWriteFile,1.0
1795,rss-alert,rssFeedTrigger,slack,1.0
1796,form-to-endpoint,webhook,httpRequest,1.0
1797,morning-metrics,scheduleTrigger,googleSheets,1.0
1798,email-archiver,emailReadImap,readWriteFile,1.0
1799,rss-alert,rssFeedTrigger,httpRequest,0.5
1800,form-to-endpoint,webhook,slack,0.5
1801,morning-metrics,scheduleTrigger,googleSheets,1.0
1802,email-archiver,webhook,readWriteFile,0.5
1803,rss-alert,rssFeedTrigger,slack,1.0
1804,form-to-endpoint,webhook,httpRequest,1.0
1805,morning-metrics,scheduleTrigger,googleSheets,1.0
1806,email-archiver,emailReadImap,readWriteFile,1.0
1807,rss-alert,rssFeedTrigger,slack,1.0
1808,form-to-endpoint,webhook,slack,0.5
1809,morning-metrics,scheduleTrigger,googleSheets,1.0
1810,email-archiver,emailReadImap,readWriteFile,1.0
1811,rss-alert,rssFeedTrigger,slack,1.0
1812,form-to-endpoint,emailReadImap,httpRequest,0.5
1813,morning-metrics,webhook,googleSheets,0.5
1814,email-archiver,emailReadImap,readWriteFile,1.0
1815,rss-alert,webhook,slack,0.5
1816,form-to-endpoint,webhook,httpRequest,1.0
1817,morning-metrics,scheduleTrigger,googleSheets,1.0
1818,email-archiver,emailReadImap,slack,0.5
1819,rss-alert,rssFeedTrigger,slack,1.0
1820,form-to-endpoint,webhook,httpRequest,1.0
1821,morning-metrics,scheduleTrigger,googleSheets,1.0
1822,email-archiver,rssFeedTrigger,readWriteFile,0.5
1823,rss-alert,rssFeedTrigger,slack,1.0
1824,form-to-endpoint,webhook,httpRequest,1.0
1825,morning-metrics,scheduleTrigger,googleSheets,1.0
1826,email-archiver,emailReadImap,readWriteFile,1.0
1827,rss-alert,rssFeedTrigger,googleSheets,0.5
1828,form-to-endpoint,webhook,httpRequest,1.0
1829,morning-metrics,scheduleTrigger,googleSheets,1.0
1830,email-archiver,emailReadImap,readWriteFile,1.0
1831,rss-alert,rssFeedTrigger,slack,1.0
1832,form-to-endpoint,webhook,httpRequest,1.0
1833,morning-metrics,scheduleTrigger,googleSheets,1.0
1834,email-archiver,emailReadImap,readWriteFile,1.0
1835,rss-alert,rssFeedTrigger,slack,1.0
1836,form-to-endpoint,webhook,readWriteFile,0.5
1837,morning-metrics,scheduleTrigger,googleSheets,1.0
1838,email-archiver,emailReadImap,readWriteFile,1.0
1839,rss-alert,webhook,slack,0.5
1840,form-to-endpoint,webhook,httpRequest,1.0
1841,morning-metrics,scheduleTrigger,googleSheets,1.0
1842,email-archiver,emailReadImap,googleSheets,0.5
1843,rss-alert,rssFeedTrigger,slack,1.0
1844,form-to-endpoint,webhook,httpRequest,1.0
1845,morning-metrics,scheduleTrigger,googleSheets,1.0
1846,email-archiver,emailReadImap,readWriteFile,1.0
1847,rss-alert,rssFeedTrigger,slack,1.0
1848,form-to-endpoint,emailReadImap,googleSheets,0.0
1849,morning-metrics,scheduleTrigger,googleSheets,1.0
1850,email-archiver,emailReadImap,readWriteFile,1.0
1851,rss-alert,rssFeedTrigger,slack,1.0
1852,form-to-endpoint,webhook,httpRequest,1.0
1853,morning-metrics,scheduleTrigger,googleSheets,1.0
1854,email-archiver,emailReadImap,readWriteFile,1.0
1855,rss-alert,rssFeedTrigger,slack,1.0
1856,form-to-endpoint,emailReadImap,httpRequest,0.5
1857,morning-metrics,scheduleTrigger,googleSheets,1.0
1858,email-archiver,emailReadImap,readWriteFile,1.0
1859,rss-alert,rssFeedTrigger,slack,1.0
1860,form-to-endpoint,webhook,httpRequest,1.0
1861,morning-metrics,scheduleTrigger,googleSheets,1.0
1862,email-archiver,emailReadImap,readWriteFile,1.0
1863,rss-alert,rssFeedTrigger,slack,1.0
1864,form-to-endpoint,webhook,httpRequest,1.0
1865,morning-metrics,scheduleTrigger,googleSheets,1.0
1866,email-archiver,emailReadImap,readWriteFile,1.0
1867,rss-alert,rssFeedTrigger,slack,1.0
1868,form-to-endpoint,webhook,httpRequest,1.0
1869,morning-metrics,scheduleTrigger,googleSheets,1.0
1870,email-archiver,emailReadImap,readWriteFile,1.0
1871,rss-alert,scheduleTrigger,slack,0.5
1872,form-to-endpoint,webhook,httpRequest,1.0
1873,morning-metrics,scheduleTrigger,googleSheets,1.0
1874,email-archiver,emailReadImap,readWriteFile,1.0
1875,rss-alert,rssFeedTrigger,slack,1.0
1876,form-to-endpoint,webhook,httpRequest,1.0
1877,morning-metrics,scheduleTrigger,googleSheets,1.0
1878,email-archiver,rssFeedTrigger,readWriteFile,0.5
1879,rss-alert,rssFeedTrigger,slack,1.0
1880,form-to-endpoint,webhook,httpRequest,1.0
1881,morning-metrics,scheduleTrigger,googleSheets,1.0
1882,email-archiver,emailReadImap,readWriteFile,1.0
1883,rss-alert,rssFeedTrigger,slack,1.0
1884,form-to-endpoint,webhook,httpRequest,1.0
1885,morning-metrics,scheduleTrigger,readWriteFile,0.5
1886,email-archiver,emailReadImap,readWriteFile,1.0
1887,rss-alert,rssFeedTrigger,slack,1.0
1888,form-to-endpoint,webhook,httpRequest,1.0
1889,morning-metrics,scheduleTrigger,readWriteFile,0.5
1890,email-archiver,emailReadImap,readWriteFile,1.0
1891,rss-alert,rssFeedTrigger,slack,1.0
1892,form-to-endpoint,webhook,httpRequest,1.0
1893,morning-metrics,scheduleTrigger,googleSheets,1.0
1894,email-archiver,emailReadImap,readWriteFile,1.0
1895,rss-alert,scheduleTrigger,slack,0.5
1896,form-to-endpoint,webhook,httpRequest,1.0
1897,morning-metrics,scheduleTrigger,googleSheets,1.0
1898,email-archiver,emailReadImap,readWriteFile,1.0
1899,rss-alert,rssFeedTrigger,slack,1.0
1900,form-to-endpoint,webhook,httpRequest,1.0
1901,morning-metrics,scheduleTrigger,googleSheets,1.0
1902,email-archiver,emailReadImap,readWriteFile,1.0
1903,rss-alert,rssFeedTrigger,slack,1.0
1904,form-to-endpoint,webhook,httpRequest,1.0
1905,morning-metrics,scheduleTrigger,googleSheets,1.0
1906,email-archiver,emailReadImap,readWriteFile,1.0
1907,rss-alert,rssFeedTrigger,readWriteFile,0.5
1908,form-to-endpoint,emailReadImap,httpRequest,0.5
1909,morning-metrics,scheduleTrigger,googleSheets,1.0
1910,email-archiver,emailReadImap,readWriteFile,1.0
1911,rss-alert,rssFeedTrigger,slack,1.0
1912,form-to-endpoint,webhook,httpRequest,1.0
1913,morning-metrics,scheduleTrigger,googleSheets,1.0
1914,email-archiver,emailReadImap,readWriteFile,1.0
1915,rss-alert,scheduleTrigger,slack,0.5
1916,form-to-endpoint,webhook,httpRequest,1.0
1917,morning-metrics,scheduleTrigger,googleSheets,1.0
1918,email-archiver,emailReadImap,readWriteFile,1.0
1919,rss-alert,rssFeedTrigger,slack,1.0
1920,form-to-endpoint,webhook,httpRequest,1.0
1921,morning-metrics,rssFeedTrigger,googleSheets,0.5
1922,email-archiver,emailReadImap,readWriteFile,1.0
1923,rss-alert,rssFeedTrigger,slack,1.0
1924,form-to-endpoint,webhook,httpRequest,1.0
1925,morning-metrics,scheduleTrigger,googleSheets,1.0
1926,email-archiver,emailReadImap,readWriteFile,1.0
1927,rss-alert,emailReadImap,slack,0.5
1928,form-to-endpoint,webhook,httpRequest,1.0
1929,morning-metrics,emailReadImap,googleSheets,0.5
1930,email-archiver,emailReadImap,readWriteFile,1.0
1931,rss-alert,rssFeedTrigger,slack,1.0
1932,form-to-endpoint,webhook,httpRequest,1.0
1933,morning-metrics,scheduleTrigger,googleSheets,1.0
1934,email-archiver,emailReadImap,readWriteFile,1.0
1935,rss-alert,emailReadImap,slack,0.5
1936,form-to-endpoint,webhook,httpRequest,1.0
1937,morning-metrics,emailReadImap,googleSheets,0.5
1938,email-archiver,emailReadImap,readWriteFile,1.0
1939,rss-alert,rssFeedTrigger,slack,1.0
1940,form-to-endpoint,webhook,httpRequest,1.0
1941,morning-metrics,scheduleTrigger,googleSheets,1.0
1942,email-archiver,emailReadImap,readWriteFile,1.0
1943,rss-alert,rssFeedTrigger,slack,1.0
1944,form-to-endpoint,webhook,httpRequest,1.0
1945,morning-metrics,webhook,googleSheets,0.5
1946,email-archiver,emailReadImap,readWriteFile,1.0
1947,rss-alert,rssFeedTrigger,slack,1.0
1948,form-to-endpoint,webhook,httpRequest,1.0
1949,morning-metrics,scheduleTrigger,googleSheets,1.0
1950,email-archiver,emailReadImap,readWriteFile,1.0
1951,rss-alert,rssFeedTrigger,googleSheets,0.5
1952,form-to-endpoint,webhook,httpRequest,1.0
1953,morning-metrics,scheduleTrigger,googleSheets,1.0
1954,email-archiver,emailReadImap,readWriteFile,1.0
1955,rss-alert,rssFeedTrigger,slack,1.0
1956,form-to-endpoint,webhook,httpRequest,1.0
1957,morning-metrics,scheduleTrigger,googleSheets,1.0
1958,email-archiver,emailReadImap,readWriteFile,1.0
1959,rss-alert,rssFeedTrigger,slack,1.0
1960,form-to-endpoint,webhook,httpRequest,1.0
1961,morning-metrics,scheduleTrigger,googleSheets,1.0
1962,email-archiver,emailReadImap,readWriteFile,1.0
1963,rss-alert,rssFeedTrigger,slack,1.0
1964,form-to-endpoint,webhook,httpRequest,1.0
1965,morning-metrics,scheduleTrigger,googleSheets,1.0
1966,email-archiver,webhook,readWriteFile,0.5
1967,rss-alert,rssFeedTrigger,slack,1.0
1968,form-to-endpoint,webhook,httpRequest,1.0
1969,morning-metrics,scheduleTrigger,googleSheets,1.0
1970,email-archiver,emailReadImap,readWriteFile,1.0
1971,rss-alert,rssFeedTrigger,slack,1.0
1972,form-to-endpoint,webhook,httpRequest,1.0
1973,morning-metrics,scheduleTrigger,googleSheets,1.0
1974,email-archiver,emailReadImap,readWriteFile,1.0
1975,rss-alert,rssFeedTrigger,slack,1.0
1976,form-to-endpoint,webhook,readWriteFile,0.5
1977,morning-metrics,scheduleTrigger,googleSheets,1.0
1978,email-archiver,emailReadImap,readWriteFile,1.0
1979,rss-alert,rssFeedTrigger,readWriteFile,0.5
1980,form-to-endpoint,webhook,httpRequest,1.0
1981,morning-metrics,scheduleTrigger,googleSheets,1.0
1982,email-archiver,emailReadImap,readWriteFile,1.0
1983,rss-alert,rssFeedTrigger,slack,1.0
1984,form-to-endpoint,webhook,httpRequest,1.0
1985,morning-metrics,scheduleTrigger,googleSheets,1.0
1986,email-archiver,emailReadImap,readWriteFile,1.0
1987,rss-alert,rssFeedTrigger,slack,1.0
1988,form-to-endpoint,webhook,httpRequest,1.0
1989,morning-metrics,scheduleTrigger,googleSheets,1.0
1990,email-archiver,emailReadImap,readWriteFile,1.0
1991,rss-alert,emailReadImap,slack,0.5
1992,form-to-endpoint,webhook,httpRequest,1.0
1993,morning-metrics,scheduleTrigger,googleSheets,1.0
1994,email-archiver,emailReadImap,readWriteFile,1.0
1995,rss-alert,scheduleTrigger,slack,0.5
1996,form-to-endpoint,emailReadImap,httpRequest,0.5
1997,morning-metrics,scheduleTrigger,googleSheets,1.0
1998,email-archiver,emailReadImap,readWriteFile,1.0
1999,rss-alert,rssFeedTrigger,slack,1.0
2000,form-to-endpoint,rssFeedTrigger,httpRequest,0.5
2001,morning-metrics,scheduleTrigger,httpRequest,0.5
2002,email-archiver,emailReadImap,readWriteFile,1.0
2003,rss-alert,rssFeedTrigger,slack,1.0
2004,form-to-endpoint,webhook,httpRequest,1.0
2005,morning-metrics,scheduleTrigger,googleSheets,1.0
2006,email-archiver,emailReadImap,readWriteFile,1.0
2007,rss-alert,rssFeedTrigger,slack,1.0
2008,form-to-endpoint,webhook,httpRequest,1.0
2009,morning-metrics,scheduleTrigger,readWriteFile,0.5
2010,email-archiver,emailReadImap,readWriteFile,1.0
2011,rss-alert,emailReadImap,slack,0.5
2012,form-to-endpoint,webhook,httpRequest,1.0
2013,morning-metrics,scheduleTrigger,googleSheets,1.0
2014,email-archiver,emailReadImap,readWriteFile,1.0
2015,rss-alert,rssFeedTrigger,slack,1.0
2016,form-to-endpoint,webhook,httpRequest,1.0
2017,morning-metrics,scheduleTrigger,googleSheets,1.0
2018,email-archiver,emailReadImap,readWriteFile,1.0
2019,rss-alert,rssFeedTrigger,slack,1.0
2020,form-to-endpoint,webhook,httpRequest,1.0
2021,morning-metrics,scheduleTrigger,googleSheets,1.0
2022,email-archiver,emailReadImap,readWriteFile,1.0
2023,rss-alert,rssFeedTrigger,slack,1.0
2024,form-to-endpoint,webhook,httpRequest,1.0
2025,morning-metrics,scheduleTrigger,googleSheets,1.0
2026,email-archiver,emailReadImap,readWriteFile,1.0
2027,rss-alert,rssFeedTrigger,slack,1.0
2028,form-to-endpoint,webhook,httpRequest,1.0
2029,morning-metrics,scheduleTrigger,googleSheets,1.0
2030,email-archiver,emailReadImap,readWriteFile,1.0
2031,rss-alert,scheduleTrigger,slack,0.5
2032,form-to-endpoint,webhook,httpRequest,1.0
2033,morning-metrics,scheduleTrigger,googleSheets,1.0
2034,email-archiver,emailReadImap,readWriteFile,1.0
2035,rss-alert,rssFeedTrigger,slack,1.0
2036,form-to-endpoint,webhook,httpRequest,1.0
2037,morning-metrics,scheduleTrigger,googleSheets,1.0
2038,email-archiver,emailReadImap,readWriteFile,1.0
2039,rss-alert,rssFeedTrigger,slack,1.0
2040,form-to-endpoint,webhook,httpRequest,1.0
2041,morning-metrics,scheduleTrigger,googleSheets,1.0
2042,email-archiver,emailReadImap,readWriteFile,1.0
2043,rss-alert,rssFeedTrigger,slack,1.0
2044,form-to-endpoint,webhook,httpRequest,1.0
2045,morning-metrics,scheduleTrigger,googleSheets,1.0
2046,email-archiver,emailReadImap,httpRequest,0.5
2047,rss-alert,rssFeedTrigger,slack,1.0
2048,form-to-endpoint,webhook,httpRequest,1.0
2049,morning-metrics,scheduleTrigger,googleSheets,1.0
2050,email-archiver,emailReadImap,readWriteFile,1.0
2051,rss-alert,rssFeedTrigger,slack,1.0
2052,form-to-endpoint,webhook,httpRequest,1.0
2053,morning-metrics,scheduleTrigger,googleSheets,1.0
2054,email-archiver,emailReadImap,readWriteFile,1.0
2055,rss-alert,rssFeedTrigger,slack,1.0
2056,form-to-endpoint,webhook,httpRequest,1.0
2057,morning-metrics,scheduleTrigger,googleSheets,1.0
2058,email-archiver,emailReadImap,readWriteFile,1.0
2059,rss-alert,rssFeedTrigger,slack,1.0
2060,form-to-endpoint,webhook,httpRequest,1.0
2061,morning-metrics,scheduleTrigger,googleSheets,1.0
2062,email-archiver,emailReadImap,readWriteFile,1.0
2063,rss-alert,rssFeedTrigger,slack,1.0
2064,form-to-endpoint,webhook,httpRequest,1.0
2065,morning-metrics,rssFeedTrigger,googleSheets,0.5
2066,email-archiver,emailReadImap,readWriteFile,1.0
2067,rss-alert,rssFeedTrigger,slack,1.0
2068,form-to-endpoint,webhook,httpRequest,1.0
2069,morning-metrics,scheduleTrigger,googleSheets,1.0
2070,email-archiver,emailReadImap,readWriteFile,1.0
2071,rss-alert,rssFeedTrigger,readWriteFile,0.5
2072,form-to-endpoint,webhook,httpRequest,1.0
2073,morning-metrics,scheduleTrigger,googleSheets,1.0
2074,email-archiver,emailReadImap,readWriteFile,1.0
2075,rss-alert,rssFeedTrigger,slack,1.0
2076,form-to-endpoint,webhook,httpRequest,1.0
2077,morning-metrics,scheduleTrigger,googleSheets,1.0
2078,email-archiver,emailReadImap,readWriteFile,1.0
2079,rss-alert,rssFeedTrigger,slack,1.0
2080,form-to-endpoint,webhook,httpRequest,1.0
2081,morning-metrics,scheduleTrigger,googleSheets,1.0
2082,email-archiver,webhook,readWriteFile,0.5
2083,rss-alert,rssFeedTrigger,googleSheets,0.5
2084,form-to-endpoint,webhook,httpRequest,1.0
2085,morning-metrics,scheduleTrigger,googleSheets,1.0
2086,email-archiver,emailReadImap,readWriteFile,1.0
2087,rss-alert,rssFeedTrigger,slack,1.0
2088,form-to-endpoint,webhook,httpRequest,1.0
2089,morning-metrics,scheduleTrigger,googleSheets,1.0
2090,email-archiver,emailReadImap,readWriteFile,1.0
2091,rss-alert,rssFeedTrigger,slack,1.0
2092,form-to-endpoint,webhook,httpRequest,1.0
2093,morning-metrics,scheduleTrigger,readWriteFile,0.5
2094,email-archiver,emailReadImap,readWriteFile,1.0
2095,rss-alert,rssFeedTrigger,slack,1.0
2096,form-to-endpoint,webhook,httpRequest,1.0
2097,morning-metrics,scheduleTrigger,googleSheets,1.0
2098,email-archiver,emailReadImap,httpRequest,0.5
2099,rss-alert,emailReadImap,slack,0.5
2100,form-to-endpoint,webhook,httpRequest,1.0
2101,morning-metrics,scheduleTrigger,googleSheets,1.0
2102,email-archiver,emailReadImap,readWriteFile,1.0
2103,rss-alert,rssFeedTrigger,slack,1.0
2104,form-to-endpoint,webhook,httpRequest,1.0
2105,morning-metrics,scheduleTrigger,googleSheets,1.0
2106,email-archiver,emailReadImap,httpRequest,0.5
2107,rss-alert,rssFeedTrigger,slack,1.0
2108,form-to-endpoint,webhook,httpRequest,1.0
2109,morning-metrics,scheduleTrigger,googleSheets,1.0
2110,email-archiver,emailReadImap,readWriteFile,1.0
2111,rss-alert,rssFeedTrigger,httpRequest,0.5
2112,form-to-endpoint,scheduleTrigger,httpRequest,0.5
2113,morning-metrics,scheduleTrigger,googleSheets,1.0
2114,email-archiver,emailReadImap,readWriteFile,1.0
2115,rss-alert,rssFeedTrigger,slack,1.0
2116,form-to-endpoint,webhook,httpRequest,1.0
2117,morning-metrics,scheduleTrigger,googleSheets,1.0
2118,email-archiver,emailReadImap,readWriteFile,1.0
2119,rss-alert,rssFeedTrigger,slack,1.0
2120,form-to-endpoint,webhook,httpRequest,1.0
2121,morning-metrics,scheduleTrigger,googleSheets,1.0
2122,email-archiver,emailReadImap,readWriteFile,1.0
2123,rss-alert,rssFeedTrigger,slack,1.0
2124,form-to-endpoint,webhook,httpRequest,1.0
2125,morning-metrics,scheduleTrigger,googleSheets,1.0
2126,email-archiver,emailReadImap,readWriteFile,1.0
2127,rss-alert,rssFeedTrigger,slack,1.0
2128,form-to-endpoint,webhook,httpRequest,1.0
2129,morning-metrics,scheduleTrigger,googleSheets,1.0
2130,email-archiver,emailReadImap,readWriteFile,1.0
2131,rss-alert,rssFeedTrigger,slack,1.0
2132,form-to-endpoint,webhook,httpRequest,1.0
2133,morning-metrics,scheduleTrigger,googleSheets,1.0
2134,email-archiver,emailReadImap,readWriteFile,1.0
2135,rss-alert,rssFeedTrigger,slack,1.0
2136,form-to-endpoint,webhook,httpRequest,1.0
2137,morning-metrics,scheduleTrigger,googleSheets,1.0
2138,email-archiver,emailReadImap,readWriteFile,1.0
2139,rss-alert,rssFeedTrigger,slack,1.0
2140,form-to-endpoint,rssFeedTrigger,httpRequest,0.5
2141,morning-metrics,scheduleTrigger,googleSheets,1.0
2142,email-archiver,emailReadImap,readWriteFile,1.0
2143,rss-alert,rssFeedTrigger,readWriteFile,0.5
2144,form-to-endpoint,webhook,httpRequest,1.0
2145,morning-metrics,webhook,googleSheets,0.5
2146,email-archiver,scheduleTrigger,readWriteFile,0.5
2147,rss-alert,rssFeedTrigger,slack,1.0
2148,form-to-endpoint,webhook,httpRequest,1.0
2149,morning-metrics,scheduleTrigger,googleSheets,1.0
2150,email-archiver,emailReadImap,readWriteFile,1.0
2151,rss-alert,rssFeedTrigger,slack,1.0
2152,form-to-endpoint,webhook,httpRequest,1.0
2153,morning-metrics,scheduleTrigger,googleSheets,1.0
2154,email-archiver,emailReadImap,readWriteFile,1.0
2155,rss-alert,rssFeedTrigger,slack,1.0
2156,form-to-endpoint,webhook,httpRequest,1.0
2157,morning-metrics,scheduleTrigger,readWriteFile,0.5
2158,email-archiver,rssFeedTrigger,readWriteFile,0.5
2159,rss-alert,rssFeedTrigger,readWriteFile,0.5
2160,form-to-endpoint,webhook,httpRequest,1.0
2161,morning-metrics,scheduleTrigger,googleSheets,1.0
2162,email-archiver,emailReadImap,readWriteFile,1.0
2163,rss-alert,rssFeedTrigger,slack,1.0
2164,form-to-endpoint,webhook,httpRequest,1.0
2165,morning-metrics,scheduleTrigger,googleSheets,1.0
2166,email-archiver,emailReadImap,readWriteFile,1.0
2167,rss-alert,rssFeedTrigger,slack,1.0
2168,form-to-endpoint,webhook,httpRequest,1.0
2169,morning-metrics,scheduleTrigger,googleSheets,1.0
2170,email-archiver,emailReadImap,readWriteFile,1.0
2171,rss-alert,rssFeedTrigger,slack,1.0
2172,form-to-endpoint,webhook,httpRequest,1.0
2173,morning-metrics,scheduleTrigger,googleSheets,1.0
2174,email-archiver,emailReadImap,readWriteFile,1.0
2175,rss-alert,rssFeedTrigger,slack,1.0
2176,form-to-endpoint,scheduleTrigger,httpRequest,0.5
2177,morning-metrics,scheduleTrigger,googleSheets,1.0
2178,email-archiver,emailReadImap,readWriteFile,1.0
2179,rss-alert,rssFeedTrigger,slack,1.0
2180,form-to-endpoint,webhook,httpRequest,1.0
2181,morning-metrics,rssFeedTrigger,googleSheets,0.5
2182,email-archiver,emailReadImap,readWriteFile,1.0
2183,rss-alert,rssFeedTrigger,slack,1.0
2184,form-to-endpoint,webhook,httpRequest,1.0
2185,morning-metrics,scheduleTrigger,googleSheets,1.0
2186,email-archiver,emailReadImap,readWriteFile,1.0
2187,rss-alert,rssFeedTrigger,googleSheets,0.5
2188,form-to-endpoint,webhook,httpRequest,1.0
2189,morning-metrics,scheduleTrigger,googleSheets,1.0
2190,email-archiver,emailReadImap,readWriteFile,1.0
2191,rss-alert,rssFeedTrigger,slack,1.0
2192,form-to-endpoint,webhook,slack,0.5
2193,morning-metrics,scheduleTrigger,googleSheets,1.0
2194,email-archiver,emailReadImap,readWriteFile,1.0
2195,rss-alert,rssFeedTrigger,slack,1.0
2196,form-to-endpoint,webhook,googleSheets,0.5
2197,morning-metrics,scheduleTrigger,readWriteFile,0.5
2198,email-archiver,emailReadImap,readWriteFile,1.0
2199,rss-alert,rssFeedTrigger,slack,1.0
2200,form-to-endpoint,webhook,httpRequest,1.0
2201,morning-metrics,scheduleTrigger,slack,0.5
2202,email-archiver,emailReadImap,readWriteFile,1.0
2203,rss-alert,rssFeedTrigger,slack,1.0
2204,form-to-endpoint,webhook,httpRequest,1.0
2205,morning-metrics,scheduleTrigger,googleSheets,1.0
2206,email-archiver,emailReadImap,httpRequest,0.5
2207,rss-alert,rssFeedTrigger,slack,1.0
2208,form-to-endpoint,webhook,httpRequest,1.0
2209,morning-metrics,scheduleTrigger,googleSheets,1.0
2210,email-archiver,emailReadImap,slack,0.5
2211,rss-alert,rssFeedTrigger,slack,1.0
2212,form-to-endpoint,webhook,httpRequest,1.0
2213,morning-metrics,scheduleTrigger,googleSheets,1.0
2214,email-archiver,rssFeedTrigger,readWriteFile,0.5
2215,rss-alert,rssFeedTrigger,slack,1.0
2216,form-to-endpoint,webhook,httpRequest,1.0
2217,morning-metrics,scheduleTrigger,googleSheets,1.0
2218,email-archiver,emailReadImap,readWriteFile,1.0
2219,rss-alert,rssFeedTrigger,readWriteFile,0.5
2220,form-to-endpoint,webhook,httpRequest,1.0
2221,morning-metrics,scheduleTrigger,googleSheets,1.0
2222,email-archiver,emailReadImap,readWriteFile,1.0
2223,rss-alert,rssFeedTrigger,httpRequest,0.5
2224,form-to-endpoint,webhook,httpRequest,1.0
2225,morning-metrics,scheduleTrigger,googleSheets,1.0
2226,email-archiver,emailReadImap,readWriteFile,1.0
2227,rss-alert,rssFeedTrigger,slack,1.0
2228,form-to-endpoint,webhook,httpRequest,1.0
2229,morning-metrics,scheduleTrigger,googleSheets,1.0
2230,email-archiver,emailReadImap,readWriteFile,1.0
2231,rss-alert,rssFeedTrigger,slack,1.0
2232,form-to-endpoint,webhook,httpRequest,1.0
2233,morning-metrics,scheduleTrigger,googleSheets,1.0
2234,email-archiver,emailReadImap,readWriteFile,1.0
2235,rss-alert,rssFeedTrigger,slack,1.0
2236,form-to-endpoint,webhook,httpRequest,1.0
2237,morning-metrics,scheduleTrigger,googleSheets,1.0
2238,email-archiver,webhook,readWriteFile,0.5
2239,rss-alert,rssFeedTrigger,slack,1.0
2240,form-to-endpoint,webhook,httpRequest,1.0
2241,morning-metrics,scheduleTrigger,readWriteFile,0.5
2242,email-archiver,emailReadImap,googleSheets,0.5
2243,rss-alert,rssFeedTrigger,slack,1.0
2244,form-to-endpoint,webhook,httpRequest,1.0
2245,morning-metrics,scheduleTrigger,googleSheets,1.0
2246,email-archiver,emailReadImap,readWriteFile,1.0
2247,rss-alert,rssFeedTrigger,slack,1.0
2248,form-to-endpoint,webhook,httpRequest,1.0
2249,morning-metrics,scheduleTrigger,googleSheets,1.0
2250,email-archiver,emailReadImap,readWriteFile,1.0
2251,rss-alert,scheduleTrigger,slack,0.5
2252,form-to-endpoint,webhook,httpRequest,1.0
2253,morning-metrics,scheduleTrigger,googleSheets,1.0
2254,email-archiver,emailReadImap,readWriteFile,1.0
2255,rss-alert,rssFeedTrigger,slack,1.0
2256,form-to-endpoint,webhook,httpRequest,1.0
2257,morning-metrics,scheduleTrigger,googleSheets,1.0
2258,email-archiver,emailReadImap,readWriteFile,1.0
2259,rss-alert,rssFeedTrigger,slack,1.0
2260,form-to-endpoint,rssFeedTrigger,httpRequest,0.5
2261,morning-metrics,scheduleTrigger,googleSheets,1.0
2262,email-archiver,emailReadImap,readWriteFile,1.0
2263,rss-alert,rssFeedTrigger,slack,1.0
2264,form-to-endpoint,webhook,httpRequest,1.0
2265,morning-metrics,scheduleTrigger,googleSheets,1.0
2266,email-archiver,emailReadImap,readWriteFile,1.0
2267,rss-alert,rssFeedTrigger,slack,1.0
2268,form-to-endpoint,webhook,httpRequest,1.0
2269,morning-metrics,scheduleTrigger,slack,0.5
2270,email-archiver,emailReadImap,readWriteFile,1.0
2271,rss-alert,rssFeedTrigger,slack,1.0
2272,form-to-endpoint,webhook,readWriteFile,0.5
2273,morning-metrics,scheduleTrigger,googleSheets,1.0
2274,email-archiver,emailReadImap,readWriteFile,1.0
2275,rss-alert,rssFeedTrigger,slack,1.0
2276,form-to-endpoint,webhook,httpRequest,1.0
2277,morning-metrics,scheduleTrigger,googleSheets,1.0
2278,email-archiver,emailReadImap,readWriteFile,1.0
2279,rss-alert,emailReadImap,slack,0.5
2280,form-to-endpoint,webhook,httpRequest,1.0
2281,morning-metrics,scheduleTrigger,readWriteFile,0.5
2282,email-archiver,emailReadImap,readWriteFile,1.0
2283,rss-alert,rssFeedTrigger,slack,1.0
2284,form-to-endpoint,webhook,googleSheets,0.5
2285,morning-metrics,scheduleTrigger,googleSheets,1.0
2286,email-archiver,emailReadImap,readWriteFile,1.0
2287,rss-alert,rssFeedTrigger,slack,1.0
2288,form-to-endpoint,webhook,httpRequest,1.0
2289,morning-metrics,scheduleTrigger,googleSheets,1.0
2290,email-archiver,emailReadImap,readWriteFile,1.0
2291,rss-alert,rssFeedTrigger,slack,1.0
2292,form-to-endpoint,webhook,httpRequest,1.0
2293,morning-metrics,scheduleTrigger,googleSheets,1.0
2294,email-archiver,rssFeedTrigger,readWriteFile,0.5
2295,rss-alert,rssFeedTrigger,slack,1.0
2296,form-to-endpoint,webhook,httpRequest,1.0
2297,morning-metrics,scheduleTrigger,googleSheets,1.0
2298,email-archiver,emailReadImap,readWriteFile,1.0
2299,rss-alert,rssFeedTrigger,httpRequest,0.5
2300,form-to-endpoint,webhook,httpRequest,1.0
2301,morning-metrics,scheduleTrigger,googleSheets,1.0
2302,email-archiver,emailReadImap,readWriteFile,1.0
2303,rss-alert,scheduleTrigger,slack,0.5
2304,form-to-endpoint,webhook,readWriteFile,0.5
2305,morning-metrics,rssFeedTrigger,googleSheets,0.5
2306,email-archiver,emailReadImap,readWriteFile,1.0
2307,rss-alert,rssFeedTrigger,slack,1.0
2308,form-to-endpoint,webhook,httpRequest,1.0
2309,morning-metrics,scheduleTrigger,googleSheets,1.0
2310,email-archiver,emailReadImap,readWriteFile,1.0
2311,rss-alert,rssFeedTrigger,slack,1.0
2312,form-to-endpoint,webhook,httpRequest,1.0
2313,morning-metrics,scheduleTrigger,googleSheets,1.0
2314,email-archiver,emailReadImap,readWriteFile,1.0
2315,rss-alert,rssFeedTrigger,slack,1.0
2316,form-to-endpoint,webhook,httpRequest,1.0
2317,morning-metrics,scheduleTrigger,googleSheets,1.0
2318,email-archiver,webhook,readWriteFile,0.5
2319,rss-alert,scheduleTrigger,slack,0.5
2320,form-to-endpoint,webhook,httpRequest,1.0
2321,morning-metrics,scheduleTrigger,googleSheets,1.0
2322,email-archiver,emailReadImap,slack,0.5
2323,rss-alert,rssFeedTrigger,slack,1.0
2324,form-to-endpoint,webhook,httpRequest,1.0
2325,morning-metrics,scheduleTrigger,googleSheets,1.0
2326,email-archiver,emailReadImap,readWriteFile,1.0
2327,rss-alert,rssFeedTrigger,slack,1.0
2328,form-to-endpoint,webhook,httpRequest,1.0
2329,morning-metrics,scheduleTrigger,googleSheets,1.0
2330,email-archiver,emailReadImap,readWriteFile,1.0
2331,rss-alert,rssFeedTrigger,slack,1.0
2332,form-to-endpoint,webhook,httpRequest,1.0
2333,morning-metrics,emailReadImap,googleSheets,0.5
2334,email-archiver,emailReadImap,readWriteFile,1.0
2335,rss-alert,rssFeedTrigger,slack,1.0
2336,form-to-endpoint,webhook,httpRequest,1.0
2337,morning-metrics,scheduleTrigger,googleSheets,1.0
2338,email-archiver,emailReadImap,readWriteFile,1.0
2339,rss-alert,rssFeedTrigger,slack,1.0
2340,form-to-endpoint,webhook,httpRequest,1.0
2341,morning-metrics,scheduleTrigger,googleSheets,1.0
2342,email-archiver,emailReadImap,readWriteFile,1.0
2343,rss-alert,rssFeedTrigger,slack,1.0
2344,form-to-endpoint,webhook,httpRequest,1.0
2345,morning-metrics,scheduleTrigger,googleSheets,1.0
2346,email-archiver,rssFeedTrigger,readWriteFile,0.5
2347,rss-alert,rssFeedTrigger,slack,1.0
2348,form-to-endpoint,webhook,httpRequest,1.0
2349,morning-metrics,rssFeedTrigger,googleSheets,0.5
2350,email-archiver,emailReadImap,readWriteFile,1.0
2351,rss-alert,rssFeedTrigger,googleSheets,0.5
2352,form-to-endpoint,webhook,httpRequest,1.0
2353,morning-metrics,scheduleTrigger,googleSheets,1.0
2354,email-archiver,emailReadImap,readWriteFile,1.0
2355,rss-alert,rssFeedTrigger,slack,1.0
2356,form-to-endpoint,webhook,httpRequest,1.0
2357,morning-metrics,scheduleTrigger,googleSheets,1.0
2358,email-archiver,emailReadImap,readWriteFile,1.0
2359,rss-alert,rssFeedTrigger,slack,1.0
2360,form-to-endpoint,scheduleTrigger,httpRequest,0.5
2361,morning-metrics,scheduleTrigger,httpRequest,0.5
2362,email-archiver,emailReadImap,readWriteFile,1.0
2363,rss-alert,rssFeedTrigger,slack,1.0
2364,form-to-endpoint,webhook,httpRequest,1.0
2365,morning-metrics,scheduleTrigger,slack,0.5
2366,email-archiver,emailReadImap,readWriteFile,1.0
2367,rss-alert,rssFeedTrigger,slack,1.0
2368,form-to-endpoint,webhook,httpRequest,1.0
2369,morning-metrics,scheduleTrigger,googleSheets,1.0
2370,email-archiver,emailReadImap,readWriteFile,1.0
2371,rss-alert,rssFeedTrigger,slack,1.0
2372,form-to-endpoint,webhook,httpRequest,1.0
2373,morning-metrics,scheduleTrigger,httpRequest,0.5
2374,email-archiver,emailReadImap,readWriteFile,1.0
2375,rss-alert,rssFeedTrigger,slack,1.0
2376,form-to-endpoint,scheduleTrigger,httpRequest,0.5
2377,morning-metrics,scheduleTrigger,googleSheets,1.0
2378,email-archiver,emailReadImap,readWriteFile,1.0
2379,rss-alert,rssFeedTrigger,slack,1.0
2380,form-to-endpoint,rssFeedTrigger,httpRequest,0.5
2381,morning-metrics,scheduleTrigger,googleSheets,1.0
2382,email-archiver,emailReadImap,readWriteFile,1.0
2383,rss-alert,emailReadImap,slack,0.5
2384,form-to-endpoint,webhook,httpRequest,1.0
2385,morning-metrics,scheduleTrigger,googleSheets,1.0
2386,email-archiver,emailReadImap,readWriteFile,1.0
2387,rss-alert,rssFeedTrigger,googleSheets,0.5
2388,form-to-endpoint,webhook,httpRequest,1.0
2389,morning-metrics,scheduleTrigger,googleSheets,1.0
2390,email-archiver,emailReadImap,readWriteFile,1.0
2391,rss-alert,rssFeedTrigger,slack,1.0
2392,form-to-endpoint,webhook,httpRequest,1.0
2393,morning-metrics,scheduleTrigger,readWriteFile,0.5
2394,email-archiver,emailReadImap,readWriteFile,1.0
2395,rss-alert,rssFeedTrigger,slack,1.0
2396,form-to-endpoint,webhook,httpRequest,1.0
2397,morning-metrics,scheduleTrigger,googleSheets,1.0
2398,email-archiver,emailReadImap,readWriteFile,1.0
2399,rss-alert,rssFeedTrigger,slack,1.0
2400,form-to-endpoint,webhook,httpRequest,1.0
2401,morning-metrics,scheduleTrigger,googleSheets,1.0
2402,email-archiver,emailReadImap,readWriteFile,1.0
2403,rss-alert,rssFeedTrigger,slack,1.0
2404,form-to-endpoint,webhook,httpRequest,1.0
2405,morning-metrics,scheduleTrigger,googleSheets,1.0
2406,email-archiver,emailReadImap,slack,0.5
2407,rss-alert,rssFeedTrigger,slack,1.0
2408,form-to-endpoint,webhook,httpRequest,1.0
2409,morning-metrics,scheduleTrigger,googleSheets,1.0
2410,email-archiver,emailReadImap,readWriteFile,1.0
2411,rss-alert,scheduleTrigger,slack,0.5
2412,form-to-endpoint,webhook,httpRequest,1.0
2413,morning-metrics,scheduleTrigger,googleSheets,1.0
2414,email-archiver,emailReadImap,readWriteFile,1.0
2415,rss-alert,rssFeedTrigger,slack,1.0
2416,form-to-endpoint,webhook,httpRequest,1.0
2417,morning-metrics,scheduleTrigger,googleSheets,1.0
2418,email-archiver,emailReadImap,readWriteFile,1.0
2419,rss-alert,rssFeedTrigger,slack,1.0
2420,form-to-endpoint,webhook,httpRequest,1.0
2421,morning-metrics,scheduleTrigger,googleSheets,1.0
2422,email-archiver,emailReadImap,readWriteFile,1.0
2423,rss-alert,rssFeedTrigger,slack,1.0
2424,form-to-endpoint,webhook,httpRequest,1.0
2425,morning-metrics,scheduleTrigger,googleSheets,1.0
2426,email-archiver,emailReadImap,readWriteFile,1.0
2427,rss-alert,rssFeedTrigger,slack,1.0
2428,form-to-endpoint,webhook,httpRequest,1.0
2429,morning-metrics,scheduleTrigger,googleSheets,1.0
2430,email-archiver,emailReadImap,readWriteFile,1.0
2431,rss-alert,rssFeedTrigger,slack,1.0
2432,form-to-endpoint,webhook,httpRequest,1.0
2433,morning-metrics,scheduleTrigger,googleSheets,1.0
2434,email-archiver,emailReadImap,readWriteFile,1.0
2435,rss-alert,rssFeedTrigger,slack,1.0
2436,form-to-endpoint,webhook,httpRequest,1.0
2437,morning-metrics,scheduleTrigger,googleSheets,1.0
2438,email-archiver,emailReadImap,googleSheets,0.5
2439,rss-alert,rssFeedTrigger,slack,1.0
2440,form-to-endpoint,webhook,httpRequest,1.0
2441,morning-metrics,scheduleTrigger,googleSheets,1.0
2442,email-archiver,emailReadImap,readWriteFile,1.0
2443,rss-alert,rssFeedTrigger,slack,1.0
2444,form-to-endpoint,webhook,httpRequest,1.0
2445,morning-metrics,scheduleTrigger,googleSheets,1.0
2446,email-archiver,emailReadImap,slack,0.5
2447,rss-alert,rssFeedTrigger,slack,1.0
2448,form-to-endpoint,scheduleTrigger,httpRequest,0.5
2449,morning-metrics,scheduleTrigger,googleSheets,1.0
2450,email-archiver,emailReadImap,readWriteFile,1.0
2451,rss-alert,rssFeedTrigger,slack,1.0
2452,form-to-endpoint,webhook,httpRequest,1.0
2453,morning-metrics,scheduleTrigger,googleSheets,1.0
2454,email-archiver,webhook,readWriteFile,0.5
2455,rss-alert,rssFeedTrigger,slack,1.0
2456,form-to-endpoint,webhook,httpRequest,1.0
2457,morning-metrics,scheduleTrigger,googleSheets,1.0
2458,email-archiver,emailReadImap,readWriteFile,1.0
2459,rss-alert,rssFeedTrigger,slack,1.0
2460,form-to-endpoint,webhook,httpRequest,1.0
2461,morning-metrics,scheduleTrigger,googleSheets,1.0
2462,email-archiver,emailReadImap,readWriteFile,1.0
2463,rss-alert,rssFeedTrigger,googleSheets,0.5
2464,form-to-endpoint,emailReadImap,httpRequest,0.5
2465,morning-metrics,scheduleTrigger,googleSheets,1.0
2466,email-archiver,emailReadImap,readWriteFile,1.0
2467,rss-alert,rssFeedTrigger,slack,1.0
2468,form-to-endpoint,webhook,httpRequest,1.0
2469,morning-metrics,scheduleTrigger,googleSheets,1.0
2470,email-archiver,emailReadImap,readWriteFile,1.0
2471,rss-alert,scheduleTrigger,slack,0.5
2472,form-to-endpoint,webhook,httpRequest,1.0
2473,morning-metrics,scheduleTrigger,googleSheets,1.0
2474,email-archiver,emailReadImap,readWriteFile,1.0
2475,rss-alert,rssFeedTrigger,slack,1.0
2476,form-to-endpoint,webhook,httpRequest,1.0
2477,morning-metrics,scheduleTrigger,googleSheets,1.0
2478,email-archiver,emailReadImap,readWriteFile,1.0
2479,rss-alert,rssFeedTrigger,slack,1.0
2480,form-to-endpoint,webhook,httpRequest,1.0
2481,morning-metrics,scheduleTrigger,googleSheets,1.0
2482,email-archiver,emailReadImap,readWriteFile,1.0
2483,rss-alert,rssFeedTrigger,slack,1.0
2484,form-to-endpoint,webhook,httpRequest,1.0
2485,morning-metrics,scheduleTrigger,httpRequest,0.5
2486,email-archiver,emailReadImap,readWriteFile,1.0
2487,rss-alert,rssFeedTrigger,slack,1.0
2488,form-to-endpoint,webhook,httpRequest,1.0
2489,morning-metrics,scheduleTrigger,googleSheets,1.0
2490,email-archiver,emailReadImap,readWriteFile,1.0
2491,rss-alert,rssFeedTrigger,slack,1.0
2492,form-to-endpoint,webhook,httpRequest,1.0
2493,morning-metrics,scheduleTrigger,googleSheets,1.0
2494,email-archiver,scheduleTrigger,readWriteFile,0.5
2495,rss-alert,rssFeedTrigger,slack,1.0
2496,form-to-endpoint,webhook,httpRequest,1.0
2497,morning-metrics,scheduleTrigger,googleSheets,1.0
2498,email-archiver,emailReadImap,readWriteFile,1.0
2499,rss-alert,rssFeedTrigger,slack,1.0
2500,form-to-endpoint,webhook,httpRequest,1.0
2501,morning-metrics,scheduleTrigger,googleSheets,1.0
2502,email-archiver,emailReadImap,readWriteFile,1.0
2503,rss-alert,rssFeedTrigger,slack,1.0
2504,form-to-endpoint,webhook,httpRequest,1.0
2505,morning-metrics,webhook,googleSheets,0.5
2506,email-archiver,emailReadImap,slack,0.5
2507,rss-alert,rssFeedTrigger,slack,1.0
2508,form-to-endpoint,webhook,httpRequest,1.0
2509,morning-metrics,scheduleTrigger,googleSheets,1.0
2510,email-archiver,emailReadImap,readWriteFile,1.0
2511,rss-alert,rssFeedTrigger,slack,1.0
2512,form-to-endpoint,webhook,httpRequest,1.0
2513,morning-metrics,scheduleTrigger,googleSheets,1.0
2514,email-archiver,emailReadImap,readWriteFile,1.0
2515,rss-alert,rssFeedTrigger,slack,1.0
2516,form-to-endpoint,webhook,httpRequest,1.0
2517,morning-metrics,scheduleTrigger,googleSheets,1.0
2518,email-archiver,emailReadImap,readWriteFile,1.0
2519,rss-alert,rssFeedTrigger,readWriteFile,0.5
2520,form-to-endpoint,webhook,httpRequest,1.0
2521,morning-metrics,rssFeedTrigger,googleSheets,0.5
2522,email-archiver,emailReadImap,readWriteFile,1.0
2523,rss-alert,rssFeedTrigger,slack,1.0
2524,form-to-endpoint,webhook,httpRequest,1.0
2525,morning-metrics,scheduleTrigger,googleSheets,1.0
2526,email-archiver,emailReadImap,googleSheets,0.5
2527,rss-alert,scheduleTrigger,slack,0.5
2528,form-to-endpoint,webhook,slack,0.5
2529,morning-metrics,scheduleTrigger,googleSheets,1.0
2530,email-archiver,emailReadImap,httpRequest,0.5
2531,rss-alert,rssFeedTrigger,googleSheets,0.5
2532,form-to-endpoint,webhook,httpRequest,1.0
2533,morning-metrics,scheduleTrigger,googleSheets,1.0
2534,email-archiver,emailReadImap,readWriteFile,1.0
2535,rss-alert,rssFeedTrigger,slack,1.0
2536,form-to-endpoint,emailReadImap,httpRequest,0.5
2537,morning-metrics,scheduleTrigger,googleSheets,1.0
2538,email-archiver,emailReadImap,readWriteFile,1.0
2539,rss-alert,rssFeedTrigger,slack,1.0
2540,form-to-endpoint,webhook,httpRequest,1.0
2541,morning-metrics,scheduleTrigger,googleSheets,1.0
2542,email-archiver,scheduleTrigger,readWriteFile,0.5
2543,rss-alert,rssFeedTrigger,slack,1.0
2544,form-to-endpoint,webhook,googleSheets,0.5
2545,morning-metrics,scheduleTrigger,googleSheets,1.0
2546,email-archiver,emailReadImap,readWriteFile,1.0
2547,rss-alert,rssFeedTrigger,slack,1.0
2548,form-to-endpoint,webhook,httpRequest,1.0
2549,morning-metrics,scheduleTrigger,googleSheets,1.0
2550,email-archiver,emailReadImap,readWriteFile,1.0
2551,rss-alert,rssFeedTrigger,slack,1.0
2552,form-to-endpoint,webhook,httpRequest,1.0
2553,morning-metrics,emailReadImap,googleSheets,0.5
2554,email-archiver,emailReadImap,readWriteFile,1.0
2555,rss-alert,rssFeedTrigger,slack,1.0
2556,form-to-endpoint,webhook,httpRequest,1.0
2557,morning-metrics,scheduleTrigger,googleSheets,1.0
2558,email-archiver,emailReadImap,readWriteFile,1.0
2559,rss-alert,rssFeedTrigger,slack,1.0
2560,form-to-endpoint,webhook,httpRequest,1.0
2561,morning-metrics,scheduleTrigger,googleSheets,1.0
2562,email-archiver,emailReadImap,readWriteFile,1.0
2563,rss-alert,rssFeedTrigger,slack,1.0
2564,form-to-endpoint,webhook,httpRequest,1.0
2565,morning-metrics,scheduleTrigger,googleSheets,1.0
2566,email-archiver,emailReadImap,readWriteFile,1.0
2567,rss-alert,rssFeedTrigger,slack,1.0
2568,form-to-endpoint,webhook,googleSheets,0.5
2569,morning-metrics,scheduleTrigger,googleSheets,1.0
2570,email-archiver,emailReadImap,readWriteFile,1.0
2571,rss-alert,webhook,slack,0.5
2572,form-to-endpoint,webhook,httpRequest,1.0
2573,morning-metrics,scheduleTrigger,googleSheets,1.0
2574,email-archiver,emailReadImap,readWriteFile,1.0
2575,rss-alert,rssFeedTrigger,slack,1.0
2576,form-to-endpoint,scheduleTrigger,httpRequest,0.5
2577,morning-metrics,scheduleTrigger,googleSheets,1.0
2578,email-archiver,emailReadImap,readWriteFile,1.0
2579,rss-alert,rssFeedTrigger,slack,1.0
2580,form-to-endpoint,webhook,httpRequest,1.0
2581,morning-metrics,scheduleTrigger,googleSheets,1.0
2582,email-archiver,emailReadImap,readWriteFile,1.0
2583,rss-alert,rssFeedTrigger,slack,1.0
2584,form-to-endpoint,webhook,httpRequest,1.0
2585,morning-metrics,scheduleTrigger,googleSheets,1.0
2586,email-archiver,emailReadImap,readWriteFile,1.0
2587,rss-alert,rssFeedTrigger,slack,1.0
2588,form-to-endpoint,webhook,httpRequest,1.0
2589,morning-metrics,scheduleTrigger,googleSheets,1.0
2590,email-archiver,emailReadImap,readWriteFile,1.0
2591,rss-alert,scheduleTrigger,slack,0.5
2592,form-to-endpoint,webhook,httpRequest,1.0
2593,morning-metrics,webhook,googleSheets,0.5
2594,email-archiver,emailReadImap,readWriteFile,1.0
2595,rss-alert,rssFeedTrigger,slack,1.0
2596,form-to-endpoint,webhook,httpRequest,1.0
2597,morning-metrics,scheduleTrigger,googleSheets,1.0
2598,email-archiver,emailReadImap,readWriteFile,1.0
2599,rss-alert,rssFeedTrigger,slack,1.0
2600,form-to-endpoint,webhook,httpRequest,1.0
2601,morning-metrics,scheduleTrigger,googleSheets,1.0
2602,email-archiver,webhook,readWriteFile,0.5
2603,rss-alert,rssFeedTrigger,slack,1.0
2604,form-to-endpoint,webhook,httpRequest,1.0
2605,morning-metrics,scheduleTrigger,googleSheets,1.0
2606,email-archiver,emailReadImap,readWriteFile,1.0
2607,rss-alert,rssFeedTrigger,slack,1.0
2608,form-to-endpoint,webhook,httpRequest,1.0
2609,morning-metrics,scheduleTrigger,googleSheets,1.0
2610,email-archiver,emailReadImap,slack,0.5
2611,rss-alert,rssFeedTrigger,slack,1.0
2612,form-to-endpoint,webhook,httpRequest,1.0
2613,morning-metrics,rssFeedTrigger,googleSheets,0.5
2614,email-archiver,emailReadImap,readWriteFile,1.0
2615,rss-alert,rssFeedTrigger,slack,1.0
2616,form-to-endpoint,webhook,httpRequest,1.0
2617,morning-metrics,webhook,googleSheets,0.5
2618,email-archiver,emailReadImap,readWriteFile,1.0
2619,rss-alert,rssFeedTrigger,slack,1.0
2620,form-to-endpoint,webhook,httpRequest,1.0
2621,morning-metrics,scheduleTrigger,googleSheets,1.0
2622,email-archiver,emailReadImap,readWriteFile,1.0
2623,rss-alert,rssFeedTrigger,slack,1.0
2624,form-to-endpoint,webhook,httpRequest,1.0
2625,morning-metrics,scheduleTrigger,googleSheets,1.0
2626,email-archiver,emailReadImap,httpRequest,0.5
2627,rss-alert,rssFeedTrigger,slack,1.0
2628,form-to-endpoint,webhook,httpRequest,1.0
2629,morning-metrics,scheduleTrigger,googleSheets,1.0
2630,email-archiver,emailReadImap,readWriteFile,1.0
2631,rss-alert,rssFeedTrigger,slack,1.0
2632,form-to-endpoint,webhook,httpRequest,1.0
2633,morning-metrics,scheduleTrigger,googleSheets,1.0
2634,email-archiver,emailReadImap,readWriteFile,1.0
2635,rss-alert,rssFeedTrigger,slack,1.0
2636,form-to-endpoint,webhook,httpRequest,1.0
2637,morning-metrics,scheduleTrigger,googleSheets,1.0
2638,email-archiver,emailReadImap,googleSheets,0.5
2639,rss-alert,rssFeedTrigger,slack,1.0
2640,form-to-endpoint,rssFeedTrigger,slack,0.0
2641,morning-metrics,scheduleTrigger,googleSheets,1.0
2642,email-archiver,emailReadImap,httpRequest,0.5
2643,rss-alert,rssFeedTrigger,slack,1.0
2644,form-to-endpoint,webhook,httpRequest,1.0
2645,morning-metrics,scheduleTrigger,googleSheets,1.0
2646,email-archiver,emailReadImap,readWriteFile,1.0
2647,rss-alert,rssFeedTrigger,slack,1.0
2648,form-to-endpoint,webhook,httpRequest,1.0
2649,morning-metrics,scheduleTrigger,googleSheets,1.0
2650,email-archiver,emailReadImap,readWriteFile,1.0
2651,rss-alert,rssFeedTrigger,slack,1.0
2652,form-to-endpoint,webhook,httpRequest,1.0
2653,morning-metrics,scheduleTrigger,googleSheets,1.0
2654,email-archiver,emailReadImap,readWriteFile,1.0
2655,rss-alert,rssFeedTrigger,slack,1.0
2656,form-to-endpoint,webhook,httpRequest,1.0
2657,morning-metrics,scheduleTrigger,googleSheets,1.0
2658,email-archiver,emailReadImap,readWriteFile,1.0
2659,rss-alert,rssFeedTrigger,slack,1.0
2660,form-to-endpoint,webhook,slack,0.5
2661,morning-metrics,scheduleTrigger,googleSheets,1.0
2662,email-archiver,emailReadImap,readWriteFile,1.0
2663,rss-alert,rssFeedTrigger,slack,1.0
2664,form-to-endpoint,webhook,httpRequest,1.0
2665,morning-metrics,scheduleTrigger,googleSheets,1.0
2666,email-archiver,emailReadImap,readWriteFile,1.0
2667,rss-alert,rssFeedTrigger,slack,1.0
2668,form-to-endpoint,webhook,httpRequest,1.0
2669,morning-metrics,scheduleTrigger,googleSheets,1.0
2670,email-archiver,emailReadImap,readWriteFile,1.0
2671,rss-alert,rssFeedTrigger,slack,1.0
2672,form-to-endpoint,webhook,httpRequest,1.0
2673,morning-metrics,scheduleTrigger,googleSheets,1.0
2674,email-archiver,emailReadImap,readWriteFile,1.0
2675,rss-alert,rssFeedTrigger,slack,1.0
2676,form-to-endpoint,webhook,httpRequest,1.0
2677,morning-metrics,scheduleTrigger,googleSheets,1.0
2678,email-archiver,emailReadImap,readWriteFile,1.0
2679,rss-alert,rssFeedTrigger,slack,1.0
2680,form-to-endpoint,webhook,httpRequest,1.0
2681,morning-metrics,scheduleTrigger,googleSheets,1.0
2682,email-archiver,emailReadImap,readWriteFile,1.0
2683,rss-alert,rssFeedTrigger,slack,1.0
2684,form-to-endpoint,webhook,httpRequest,1.0
2685,morning-metrics,scheduleTrigger,googleSheets,1.0
2686,email-archiver,emailReadImap,readWriteFile,1.0
2687,rss-alert,rssFeedTrigger,slack,1.0
2688,form-to-endpoint,webhook,httpRequest,1.0
2689,morning-metrics,scheduleTrigger,googleSheets,1.0
2690,email-archiver,emailReadImap,readWriteFile,1.0
2691,rss-alert,rssFeedTrigger,slack,1.0
2692,form-to-endpoint,webhook,slack,0.5
2693,morning-metrics,webhook,googleSheets,0.5
2694,email-archiver,emailReadImap,googleSheets,0.5
2695,rss-alert,rssFeedTrigger,slack,1.0
2696,form-to-endpoint,webhook,readWriteFile,0.5
2697,morning-metrics,scheduleTrigger,readWriteFile,0.5
2698,email-archiver,emailReadImap,readWriteFile,1.0
2699,rss-alert,rssFeedTrigger,slack,1.0
2700,form-to-endpoint,webhook,httpRequest,1.0
2701,morning-metrics,scheduleTrigger,googleSheets,1.0
2702,email-archiver,emailReadImap,readWriteFile,1.0
2703,rss-alert,rssFeedTrigger,slack,1.0
2704,form-to-endpoint,webhook,httpRequest,1.0
2705,morning-metrics,scheduleTrigger,googleSheets,1.0
2706,email-archiver,scheduleTrigger,readWriteFile,0.5
2707,rss-alert,rssFeedTrigger,slack,1.0
2708,form-to-endpoint,webhook,httpRequest,1.0
2709,morning-metrics,scheduleTrigger,googleSheets,1.0
2710,email-archiver,emailReadImap,readWriteFile,1.0
2711,rss-alert,rssFeedTrigger,slack,1.0
2712,form-to-endpoint,webhook,httpRequest,1.0
2713,morning-metrics,scheduleTrigger,httpRequest,0.5
2714,email-archiver,emailReadImap,readWriteFile,1.0
2715,rss-alert,rssFeedTrigger,slack,1.0
2716,form-to-endpoint,webhook,httpRequest,1.0
2717,morning-metrics,scheduleTrigger,googleSheets,1.0
2718,email-archiver,emailReadImap,readWriteFile,1.0
2719,rss-alert,rssFeedTrigger,slack,1.0
2720,form-to-endpoint,webhook,httpRequest,1.0
2721,morning-metrics,scheduleTrigger,googleSheets,1.0
2722,email-archiver,emailReadImap,readWriteFile,1.0
2723,rss-alert,rssFeedTrigger,slack,1.0
2724,form-to-endpoint,webhook,httpRequest,1.0
2725,morning-metrics,scheduleTrigger,googleSheets,1.0
2726,email-archiver,emailReadImap,readWriteFile,1.0
2727,rss-alert,rssFeedTrigger,slack,1.0
2728,form-to-endpoint,webhook,httpRequest,1.0
2729,morning-metrics,emailReadImap,googleSheets,0.5
2730,email-archiver,emailReadImap,readWriteFile,1.0
2731,rss-alert,rssFeedTrigger,slack,1.0
2732,form-to-endpoint,webhook,httpRequest,1.0
2733,morning-metrics,scheduleTrigger,googleSheets,1.0
2734,email-archiver,emailReadImap,readWriteFile,1.0
2735,rss-alert,rssFeedTrigger,slack,1.0
2736,form-to-endpoint,webhook,httpRequest,1.0
2737,morning-metrics,scheduleTrigger,googleSheets,1.0
2738,email-archiver,scheduleTrigger,readWriteFile,0.5
2739,rss-alert,rssFeedTrigger,slack,1.0
2740,form-to-endpoint,webhook,httpRequest,1.0
2741,morning-metrics,scheduleTrigger,googleSheets,1.0
2742,email-archiver,emailReadImap,readWriteFile,1.0
2743,rss-alert,rssFeedTrigger,slack,1.0
2744,form-to-endpoint,webhook,httpRequest,1.0
2745,morning-metrics,scheduleTrigger,googleSheets,1.0
2746,email-archiver,emailReadImap,readWriteFile,1.0
2747,rss-alert,rssFeedTrigger,slack,1.0
2748,form-to-endpoint,webhook,httpRequest,1.0
2749,morning-metrics,scheduleTrigger,readWriteFile,0.5
2750,email-archiver,emailReadImap,readWriteFile,1.0
2751,rss-alert,rssFeedTrigger,slack,1.0
2752,form-to-endpoint,webhook,httpRequest,1.0
2753,morning-metrics,scheduleTrigger,googleSheets,1.0
2754,email-archiver,emailReadImap,readWriteFile,1.0
2755,rss-alert,rssFeedTrigger,slack,1.0
2756,form-to-endpoint,webhook,httpRequest,1.0
2757,morning-metrics,webhook,googleSheets,0.5
2758,email-archiver,emailReadImap,readWriteFile,1.0
2759,rss-alert,rssFeedTrigger,slack,1.0
2760,form-to-endpoint,webhook,httpRequest,1.0
2761,morning-metrics,webhook,googleSheets,0.5
2762,email-archiver,emailReadImap,readWriteFile,1.0
2763,rss-alert,rssFeedTrigger,googleSheets,0.5
2764,form-to-endpoint,webhook,httpRequest,1.0
2765,morning-metrics,scheduleTrigger,googleSheets,1.0
2766,email-archiver,emailReadImap,readWriteFile,1.0
2767,rss-alert,rssFeedTrigger,googleSheets,0.5
2768,form-to-endpoint,webhook,googleSheets,0.5
2769,morning-metrics,scheduleTrigger,googleSheets,1.0
2770,email-archiver,emailReadImap,readWriteFile,1.0
2771,rss-alert,rssFeedTrigger,slack,1.0
2772,form-to-endpoint,webhook,httpRequest,1.0
2773,morning-metrics,scheduleTrigger,googleSheets,1.0
2774,email-archiver,emailReadImap,httpRequest,0.5
2775,rss-alert,rssFeedTrigger,slack,1.0
2776,form-to-endpoint,webhook,httpRequest,1.0
2777,morning-metrics,scheduleTrigger,httpRequest,0.5
2778,email-archiver,webhook,readWriteFile,0.5
2779,rss-alert,rssFeedTrigger,slack,1.0
2780,form-to-endpoint,webhook,httpRequest,1.0
2781,morning-metrics,scheduleTrigger,googleSheets,1.0
2782,email-archiver,emailReadImap,readWriteFile,1.0
2783,rss-alert,rssFeedTrigger,slack,1.0
2784,form-to-endpoint,webhook,httpRequest,1.0
2785,morning-metrics,scheduleTrigger,googleSheets,1.0
2786,email-archiver,emailReadImap,readWriteFile,1.0
2787,rss-alert,rssFeedTrigger,slack,1.0
2788,form-to-endpoint,webhook,httpRequest,1.0
2789,morning-metrics,scheduleTrigger,googleSheets,1.0
2790,email-archiver,emailReadImap,readWriteFile,1.0
2791,rss-alert,rssFeedTrigger,slack,1.0
2792,form-to-endpoint,webhook,httpRequest,1.0
2793,morning-metrics,scheduleTrigger,googleSheets,1.0
2794,email-archiver,emailReadImap,readWriteFile,1.0
2795,rss-alert,rssFeedTrigger,slack,1.0
2796,form-to-endpoint,webhook,httpRequest,1.0
2797,morning-metrics,scheduleTrigger,googleSheets,1.0
2798,email-archiver,emailReadImap,readWriteFile,1.0
2799,rss-alert,rssFeedTrigger,slack,1.0
2800,form-to-endpoint,webhook,httpRequest,1.0
2801,morning-metrics,scheduleTrigger,googleSheets,1.0
2802,email-archiver,emailReadImap,readWriteFile,1.0
2803,rss-alert,rssFeedTrigger,slack,1.0
2804,form-to-endpoint,rssFeedTrigger,httpRequest,0.5
2805,morning-metrics,scheduleTrigger,googleSheets,1.0
2806,email-archiver,emailReadImap,readWriteFile,1.0
2807,rss-alert,rssFeedTrigger,slack,1.0
2808,form-to-endpoint,webhook,httpRequest,1.0
2809,morning-metrics,scheduleTrigger,googleSheets,1.0
2810,email-archiver,emailReadImap,readWriteFile,1.0
2811,rss-alert,rssFeedTrigger,slack,1.0
2812,form-to-endpoint,webhook,slack,0.5
2813,morning-metrics,scheduleTrigger,googleSheets,1.0
2814,email-archiver,emailReadImap,readWriteFile,1.0
2815,rss-alert,rssFeedTrigger,slack,1.0
2816,form-to-endpoint,webhook,httpRequest,1.0
2817,morning-metrics,scheduleTrigger,googleSheets,1.0
2818,email-archiver,emailReadImap,readWriteFile,1.0
2819,rss-alert,rssFeedTrigger,slack,1.0
2820,form-to-endpoint,webhook,httpRequest,1.0
2821,morning-metrics,scheduleTrigger,googleSheets,1.0
2822,email-archiver,emailReadImap,readWriteFile,1.0
2823,rss-alert,webhook,googleSheets,0.0
2824,form-to-endpoint,webhook,httpRequest,1.0
2825,morning-metrics,scheduleTrigger,googleSheets,1.0
2826,email-archiver,emailReadImap,readWriteFile,1.0
2827,rss-alert,rssFeedTrigger,readWriteFile,0.5
2828,form-to-endpoint,webhook,httpRequest,1.0
2829,morning-metrics,scheduleTrigger,googleSheets,1.0
2830,email-archiver,emailReadImap,readWriteFile,1.0
2831,rss-alert,rssFeedTrigger,slack,1.0
2832,form-to-endpoint,webhook,httpRequest,1.0
2833,morning-metrics,scheduleTrigger,httpRequest,0.5
2834,email-archiver,emailReadImap,googleSheets,0.5
2835,rss-alert,webhook,slack,0.5
2836,form-to-endpoint,webhook,httpRequest,1.0
2837,morning-metrics,rssFeedTrigger,googleSheets,0.5
2838,email-archiver,emailReadImap,readWriteFile,1.0
2839,rss-alert,rssFeedTrigger,slack,1.0
2840,form-to-endpoint,webhook,httpRequest,1.0
2841,morning-metrics,scheduleTrigger,googleSheets,1.0
2842,email-archiver,emailReadImap,readWriteFile,1.0
2843,rss-alert,rssFeedTrigger,slack,1.0
2844,form-to-endpoint,webhook,httpRequest,1.0
2845,morning-metrics,scheduleTrigger,googleSheets,1.0
2846,email-archiver,emailReadImap,readWriteFile,1.0
2847,rss-alert,rssFeedTrigger,slack,1.0
2848,form-to-endpoint,scheduleTrigger,httpRequest,0.5
2849,morning-metrics,scheduleTrigger,googleSheets,1.0
2850,email-archiver,emailReadImap,readWriteFile,1.0
2851,rss-alert,rssFeedTrigger,slack,1.0
2852,form-to-endpoint,webhook,httpRequest,1.0
2853,morning-metrics,scheduleTrigger,googleSheets,1.0
2854,email-archiver,emailReadImap,googleSheets,0.5
2855,rss-alert,emailReadImap,httpRequest,0.0
2856,form-to-endpoint,webhook,httpRequest,1.0
2857,morning-metrics,scheduleTrigger,googleSheets,1.0
2858,email-archiver,emailReadImap,readWriteFile,1.0
2859,rss-alert,rssFeedTrigger,slack,1.0
2860,form-to-endpoint,webhook,httpRequest,1.0
2861,morning-metrics,scheduleTrigger,googleSheets,1.0
2862,email-archiver,webhook,readWriteFile,0.5
2863,rss-alert,rssFeedTrigger,slack,1.0
2864,form-to-endpoint,webhook,httpRequest,1.0
2865,morning-metrics,scheduleTrigger,googleSheets,1.0
2866,email-archiver,emailReadImap,readWriteFile,1.0
2867,rss-alert,rssFeedTrigger,slack,1.0
2868,form-to-endpoint,webhook,httpRequest,1.0
2869,morning-metrics,scheduleTrigger,googleSheets,1.0
2870,email-archiver,emailReadImap,readWriteFile,1.0
2871,rss-alert,rssFeedTrigger,slack,1.0
2872,form-to-endpoint,webhook,httpRequest,1.0
2873,morning-metrics,scheduleTrigger,googleSheets,1.0
2874,email-archiver,emailReadImap,readWriteFile,1.0
2875,rss-alert,rssFeedTrigger,httpRequest,0.5
2876,form-to-endpoint,webhook,httpRequest,1.0
2877,morning-metrics,scheduleTrigger,googleSheets,1.0
2878,email-archiver,emailReadImap,readWriteFile,1.0
2879,rss-alert,rssFeedTrigger,slack,1.0
2880,form-to-endpoint,webhook,httpRequest,1.0
2881,morning-metrics,scheduleTrigger,googleSheets,1.0
2882,email-archiver,rssFeedTrigger,readWriteFile,0.5
2883,rss-alert,rssFeedTrigger,slack,1.0
2884,form-to-endpoint,webhook,httpRequest,1.0
2885,morning-metrics,scheduleTrigger,slack,0.5
2886,email-archiver,emailReadImap,googleSheets,0.5
2887,rss-alert,rssFeedTrigger,slack,1.0
2888,form-to-endpoint,webhook,httpRequest,1.0
2889,morning-metrics,scheduleTrigger,googleSheets,1.0
2890,email-archiver,emailReadImap,readWriteFile,1.0
2891,rss-alert,rssFeedTrigger,slack,1.0
2892,form-to-endpoint,webhook,httpRequest,1.0
2893,morning-metrics,scheduleTrigger,googleSheets,1.0
2894,email-archiver,emailReadImap,readWriteFile,1.0
2895,rss-alert,rssFeedTrigger,slack,1.0
2896,form-to-endpoint,scheduleTrigger,httpRequest,0.5
2897,morning-metrics,scheduleTrigger,googleSheets,1.0
2898,email-archiver,emailReadImap,readWriteFile,1.0
2899,rss-alert,rssFeedTrigger,slack,1.0
2900,form-to-endpoint,webhook,httpRequest,1.0
2901,morning-metrics,scheduleTrigger,googleSheets,1.0
2902,email-archiver,emailReadImap,readWriteFile,1.0
2903,rss-alert,rssFeedTrigger,slack,1.0
2904,form-to-endpoint,webhook,httpRequest,1.0
2905,morning-metrics,scheduleTrigger,googleSheets,1.0
2906,email-archiver,emailReadImap,readWriteFile,1.0
2907,rss-alert,rssFeedTrigger,slack,1.0
2908,form-to-endpoint,webhook,httpRequest,1.0
2909,morning-metrics,scheduleTrigger,googleSheets,1.0
2910,email-archiver,emailReadImap,readWriteFile,1.0
2911,rss-alert,rssFeedTrigger,slack,1.0
2912,form-to-endpoint,webhook,httpRequest,1.0
2913,morning-metrics,scheduleTrigger,googleSheets,1.0
2914,email-archiver,emailReadImap,readWriteFile,1.0
2915,rss-alert,rssFeedTrigger,slack,1.0
2916,form-to-endpoint,webhook,httpRequest,1.0
2917,morning-metrics,scheduleTrigger,googleSheets,1.0
2918,email-archiver,emailReadImap,readWriteFile,1.0
2919,rss-alert,rssFeedTrigger,slack,1.0
2920,form-to-endpoint,webhook,httpRequest,1.0
2921,morning-metrics,scheduleTrigger,googleSheets,1.0
2922,email-archiver,emailReadImap,readWriteFile,1.0
2923,rss-alert,rssFeedTrigger,slack,1.0
2924,form-to-endpoint,webhook,httpRequest,1.0
2925,morning-metrics,scheduleTrigger,googleSheets,1.0
2926,email-archiver,emailReadImap,readWriteFile,1.0
2927,rss-alert,emailReadImap,slack,0.5
2928,form-to-endpoint,webhook,httpRequest,1.0
2929,morning-metrics,scheduleTrigger,googleSheets,1.0
2930,email-archiver,emailReadImap,readWriteFile,1.0
2931,rss-alert,rssFeedTrigger,slack,1.0
2932,form-to-endpoint,webhook,httpRequest,1.0
2933,morning-metrics,emailReadImap,googleSheets,0.5
2934,email-archiver,emailReadImap,googleSheets,0.5
2935,rss-alert,rssFeedTrigger,slack,1.0
2936,form-to-endpoint,webhook,httpRequest,1.0
2937,morning-metrics,rssFeedTrigger,googleSheets,0.5
2938,email-archiver,emailReadImap,readWriteFile,1.0
2939,rss-alert,rssFeedTrigger,slack,1.0
2940,form-to-endpoint,webhook,httpRequest,1.0
2941,morning-metrics,scheduleTrigger,googleSheets,1.0
2942,email-archiver,emailReadImap,readWriteFile,1.0
2943,rss-alert,rssFeedTrigger,slack,1.0
2944,form-to-endpoint,webhook,httpRequest,1.0
2945,morning-metrics,scheduleTrigger,readWriteFile,0.5
2946,email-archiver,emailReadImap,readWriteFile,1.0
2947,rss-alert,rssFeedTrigger,slack,1.0
2948,form-to-endpoint,webhook,googleSheets,0.5
2949,morning-metrics,scheduleTrigger,googleSheets,1.0
2950,email-archiver,emailReadImap,readWriteFile,1.0
2951,rss-alert,rssFeedTrigger,slack,1.0
2952,form-to-endpoint,webhook,httpRequest,1.0
2953,morning-metrics,scheduleTrigger,googleSheets,1.0
2954,email-archiver,emailReadImap,readWriteFile,1.0
2955,rss-alert,rssFeedTrigger,googleSheets,0.5
2956,form-to-endpoint,webhook,httpRequest,1.0
2957,morning-metrics,scheduleTrigger,googleSheets,1.0
2958,email-archiver,emailReadImap,readWriteFile,1.0
2959,rss-alert,rssFeedTrigger,httpRequest,0.5
2960,form-to-endpoint,webhook,httpRequest,1.0
2961,morning-metrics,scheduleTrigger,googleSheets,1.0
2962,email-archiver,emailReadImap,readWriteFile,1.0
2963,rss-alert,rssFeedTrigger,slack,1.0
2964,form-to-endpoint,webhook,httpRequest,1.0
2965,morning-metrics,scheduleTrigger,googleSheets,1.0
2966,email-archiver,emailReadImap,readWriteFile,1.0
2967,rss-alert,rssFeedTrigger,slack,1.0
2968,form-to-endpoint,webhook,httpRequest,1.0
2969,morning-metrics,scheduleTrigger,googleSheets,1.0
2970,email-archiver,emailReadImap,readWriteFile,1.0
2971,rss-alert,rssFeedTrigger,slack,1.0
2972,form-to-endpoint,webhook,httpRequest,1.0
2973,morning-metrics,scheduleTrigger,googleSheets,1.0
2974,email-archiver,emailReadImap,readWriteFile,1.0
2975,rss-alert,rssFeedTrigger,slack,1.0
2976,form-to-endpoint,webhook,httpRequest,1.0
2977,morning-metrics,scheduleTrigger,googleSheets,1.0
2978,email-archiver,emailReadImap,readWriteFile,1.0
2979,rss-alert,rssFeedTrigger,slack,1.0
2980,form-to-endpoint,webhook,httpRequest,1.0
2981,morning-metrics,scheduleTrigger,googleSheets,1.0
2982,email-archiver,emailReadImap,readWriteFile,1.0
2983,rss-alert,rssFeedTrigger,slack,1.0
2984,form-to-endpoint,webhook,httpRequest,1.0
2985,morning-metrics,emailReadImap,googleSheets,0.5
2986,email-archiver,emailReadImap,httpRequest,0.5
2987,rss-alert,rssFeedTrigger,slack,1.0
2988,form-to-endpoint,emailReadImap,httpRequest,0.5
2989,morning-metrics,emailReadImap,googleSheets,0.5
2990,email-archiver,emailReadImap,readWriteFile,1.0
2991,rss-alert,rssFeedTrigger,slack,1.0
2992,form-to-endpoint,webhook,slack,0.5
2993,morning-metrics,scheduleTrigger,googleSheets,1.0
2994,email-archiver,emailReadImap,googleSheets,0.5
2995,rss-alert,rssFeedTrigger,slack,1.0
2996,form-to-endpoint,webhook,slack,0.5
2997,morning-metrics,webhook,googleSheets,0.5
2998,email-archiver,emailReadImap,readWriteFile,1.0
2999,rss-alert,rssFeedTrigger,httpRequest,0.5
3000,form-to-endpoint,webhook,httpRequest,1.0
3001,morning-metrics,scheduleTrigger,googleSheets,1.0
3002,email-archiver,emailReadImap,readWriteFile,1.0
3003,rss-alert,rssFeedTrigger,slack,1.0
3004,form-to-endpoint,webhook,googleSheets,0.5
3005,morning-metrics,scheduleTrigger,googleSheets,1.0
3006,email-archiver,emailReadImap,readWriteFile,1.0
3007,rss-alert,scheduleTrigger,slack,0.5
3008,form-to-endpoint,webhook,httpRequest,1.0
3009,morning-metrics,scheduleTrigger,googleSheets,1.0
3010,email-archiver,emailReadImap,readWriteFile,1.0
3011,rss-alert,rssFeedTrigger,slack,1.0
3012,form-to-endpoint,webhook,httpRequest,1.0
3013,morning-metrics,scheduleTrigger,googleSheets,1.0
3014,email-archiver,emailReadImap,readWriteFile,1.0
3015,rss-alert,rssFeedTrigger,slack,1.0
3016,form-to-endpoint,webhook,httpRequest,1.0
3017,morning-metrics,scheduleTrigger,googleSheets,1.0
3018,email-archiver,emailReadImap,readWriteFile,1.0
3019,rss-alert,rssFeedTrigger,slack,1.0
3020,form-to-endpoint,webhook,httpRequest,1.0
3021,morning-metrics,scheduleTrigger,readWriteFile,0.5
3022,email-archiver,emailReadImap,readWriteFile,1.0
3023,rss-alert,rssFeedTrigger,slack,1.0
3024,form-to-endpoint,webhook,httpRequest,1.0
3025,morning-metrics,scheduleTrigger,googleSheets,1.0
3026,email-archiver,emailReadImap,readWriteFile,1.0
3027,rss-alert,rssFeedTrigger,slack,1.0
3028,form-to-endpoint,webhook,httpRequest,1.0
3029,morning-metrics,emailReadImap,googleSheets,0.5
3030,email-archiver,emailReadImap,readWriteFile,1.0
3031,rss-alert,rssFeedTrigger,slack,1.0
3032,form-to-endpoint,webhook,httpRequest,1.0
3033,morning-metrics,scheduleTrigger,readWriteFile,0.5
3034,email-archiver,webhook,readWriteFile,0.5
3035,rss-alert,rssFeedTrigger,googleSheets,0.5
3036,form-to-endpoint,emailReadImap,httpRequest,0.5
3037,morning-metrics,scheduleTrigger,googleSheets,1.0
3038,email-archiver,scheduleTrigger,readWriteFile,0.5
3039,rss-alert,rssFeedTrigger,httpRequest,0.5
3040,form-to-endpoint,webhook,httpRequest,1.0
3041,morning-metrics,scheduleTrigger,googleSheets,1.0
3042,email-archiver,emailReadImap,readWriteFile,1.0
3043,rss-alert,rssFeedTrigger,slack,1.0
3044,form-to-endpoint,webhook,httpRequest,1.0
3045,morning-metrics,emailReadImap,googleSheets,0.5
3046,email-archiver,emailReadImap,readWriteFile,1.0
3047,rss-alert,rssFeedTrigger,slack,1.0
3048,form-to-endpoint,webhook,readWriteFile,0.5
3049,morning-metrics,scheduleTrigger,googleSheets,1.0
3050,email-archiver,emailReadImap,readWriteFile,1.0
3051,rss-alert,rssFeedTrigger,slack,1.0
3052,form-to-endpoint,webhook,httpRequest,1.0
3053,morning-metrics,scheduleTrigger,googleSheets,1.0
3054,email-archiver,emailReadImap,readWriteFile,1.0
3055,rss-alert,rssFeedTrigger,slack,1.0
3056,form-to-endpoint,webhook,httpRequest,1.0
3057,morning-metrics,scheduleTrigger,googleSheets,1.0
3058,email-archiver,emailReadImap,readWriteFile,1.0
3059,rss-alert,rssFeedTrigger,slack,1.0
3060,form-to-endpoint,webhook,httpRequest,1.0
3061,morning-metrics,scheduleTrigger,googleSheets,1.0
3062,email-archiver,emailReadImap,readWriteFile,1.0
3063,rss-alert,rssFeedTrigger,slack,1.0
3064,form-to-endpoint,webhook,httpRequest,1.0
3065,morning-metrics,scheduleTrigger,slack,0.5
3066,email-archiver,emailReadImap,readWriteFile,1.0
3067,rss-alert,rssFeedTrigger,slack,1.0
3068,form-to-endpoint,webhook,readWriteFile,0.5
3069,morning-metrics,scheduleTrigger,googleSheets,1.0
3070,email-archiver,emailReadImap,readWriteFile,1.0
3071,rss-alert,rssFeedTrigger,slack,1.0
3072,form-to-endpoint,webhook,httpRequest,1.0
3073,morning-metrics,scheduleTrigger,googleSheets,1.0
3074,email-archiver,emailReadImap,readWriteFile,1.0
3075,rss-alert,rssFeedTrigger,slack,1.0
3076,form-to-endpoint,webhook,httpRequest,1.0
3077,morning-metrics,scheduleTrigger,googleSheets,1.0
3078,email-archiver,emailReadImap,readWriteFile,1.0
3079,rss-alert,rssFeedTrigger,slack,1.0
3080,form-to-endpoint,webhook,httpRequest,1.0
3081,morning-metrics,scheduleTrigger,googleSheets,1.0
3082,email-archiver,emailReadImap,readWriteFile,1.0
3083,rss-alert,rssFeedTrigger,slack,1.0
3084,form-to-endpoint,webhook,httpRequest,1.0
3085,morning-metrics,scheduleTrigger,googleSheets,1.0
3086,email-archiver,emailReadImap,readWriteFile,1.0
3087,rss-alert,rssFeedTrigger,slack,1.0
3088,form-to-endpoint,webhook,httpRequest,1.0
3089,morning-metrics,scheduleTrigger,googleSheets,1.0
3090,email-archiver,emailReadImap,readWriteFile,1.0
3091,rss-alert,rssFeedTrigger,slack,1.0
3092,form-to-endpoint,webhook,httpRequest,1.0
3093,morning-metrics,scheduleTrigger,googleSheets,1.0
3094,email-archiver,emailReadImap,readWriteFile,1.0
3095,rss-alert,rssFeedTrigger,slack,1.0
3096,form-to-endpoint,webhook,httpRequest,1.0
3097,morning-metrics,scheduleTrigger,googleSheets,1.0
3098,email-archiver,emailReadImap,readWriteFile,1.0
3099,rss-alert,rssFeedTrigger,slack,1.0
3100,form-to-endpoint,webhook,httpRequest,1.0
3101,morning-metrics,scheduleTrigger,googleSheets,1.0
3102,email-archiver,emailReadImap,googleSheets,0.5
3103,rss-alert,rssFeedTrigger,slack,1.0
3104,form-to-endpoint,webhook,httpRequest,1.0
3105,morning-metrics,scheduleTrigger,googleSheets,1.0
3106,email-archiver,rssFeedTrigger,readWriteFile,0.5
3107,rss-alert,rssFeedTrigger,slack,1.0
3108,form-to-endpoint,webhook,httpRequest,1.0
3109,morning-metrics,scheduleTrigger,googleSheets,1.0
3110,email-archiver,emailReadImap,slack,0.5
3111,rss-alert,rssFeedTrigger,slack,1.0
3112,form-to-endpoint,webhook,httpRequest,1.0
3113,morning-metrics,scheduleTrigger,googleSheets,1.0
3114,email-archiver,emailReadImap,readWriteFile,1.0
3115,rss-alert,rssFeedTrigger,slack,1.0
3116,form-to-endpoint,webhook,httpRequest,1.0
3117,morning-metrics,scheduleTrigger,googleSheets,1.0
3118,email-archiver,emailReadImap,readWriteFile,1.0
3119,rss-alert,rssFeedTrigger,slack,1.0
3120,form-to-endpoint,webhook,httpRequest,1.0
3121,morning-metrics,scheduleTrigger,googleSheets,1.0
3122,email-archiver,emailReadImap,readWriteFile,1.0
3123,rss-alert,rssFeedTrigger,readWriteFile,0.5
3124,form-to-endpoint,webhook,httpRequest,1.0
3125,morning-metrics,scheduleTrigger,googleSheets,1.0
3126,email-archiver,emailReadImap,readWriteFile,1.0
3127,rss-alert,rssFeedTrigger,slack,1.0
3128,form-to-endpoint,webhook,httpRequest,1.0
3129,morning-metrics,scheduleTrigger,googleSheets,1.0
3130,email-archiver,emailReadImap,slack,0.5
3131,rss-alert,rssFeedTrigger,slack,1.0
3132,form-to-endpoint,webhook,httpRequest,1.0
3133,morning-metrics,scheduleTrigger,googleSheets,1.0
3134,email-archiver,emailReadImap,readWriteFile,1.0
3135,rss-alert,rssFeedTrigger,slack,1.0
3136,form-to-endpoint,webhook,httpRequest,1.0
3137,morning-metrics,scheduleTrigger,googleSheets,1.0
3138,email-archiver,emailReadImap,readWriteFile,1.0
3139,rss-alert,rssFeedTrigger,slack,1.0
3140,form-to-endpoint,webhook,httpRequest,1.0
3141,morning-metrics,scheduleTrigger,googleSheets,1.0
3142,email-archiver,emailReadImap,readWriteFile,1.0
3143,rss-alert,rssFeedTrigger,slack,1.0
3144,form-to-endpoint,webhook,httpRequest,1.0
3145,morning-metrics,scheduleTrigger,googleSheets,1.0
3146,email-archiver,emailReadImap,readWriteFile,1.0
3147,rss-alert,rssFeedTrigger,slack,1.0
3148,form-to-endpoint,webhook,httpRequest,1.0
3149,morning-metrics,scheduleTrigger,googleSheets,1.0
3150,email-archiver,emailReadImap,readWriteFile,1.0
3151,rss-alert,rssFeedTrigger,readWriteFile,0.5
3152,form-to-endpoint,webhook,httpRequest,1.0
3153,morning-metrics,scheduleTrigger,googleSheets,1.0
3154,email-archiver,emailReadImap,readWriteFile,1.0
3155,rss-alert,webhook,slack,0.5
3156,form-to-endpoint,webhook,httpRequest,1.0
3157,morning-metrics,scheduleTrigger,googleSheets,1.0
3158,email-archiver,emailReadImap,readWriteFile,1.0
3159,rss-alert,rssFeedTrigger,slack,1.0
3160,form-to-endpoint,emailReadImap,httpRequest,0.5
3161,morning-metrics,scheduleTrigger,googleSheets,1.0
3162,email-archiver,emailReadImap,readWriteFile,1.0
3163,rss-alert,rssFeedTrigger,readWriteFile,0.5
3164,form-to-endpoint,webhook,httpRequest,1.0
3165,morning-metrics,scheduleTrigger,httpRequest,0.5
3166,email-archiver,emailReadImap,readWriteFile,1.0
3167,rss-alert,rssFeedTrigger,readWriteFile,0.5
3168,form-to-endpoint,webhook,httpRequest,1.0
3169,morning-metrics,scheduleTrigger,googleSheets,1.0
3170,email-archiver,emailReadImap,readWriteFile,1.0
3171,rss-alert,rssFeedTrigger,slack,1.0
3172,form-to-endpoint,webhook,httpRequest,1.0
3173,morning-metrics,scheduleTrigger,googleSheets,1.0
3174,email-archiver,emailReadImap,readWriteFile,1.0
3175,rss-alert,rssFeedTrigger,slack,1.0
3176,form-to-endpoint,webhook,googleSheets,0.5
3177,morning-metrics,scheduleTrigger,googleSheets,1.0
3178,email-archiver,emailReadImap,googleSheets,0.5
3179,rss-alert,rssFeedTrigger,slack,1.0
3180,form-to-endpoint,webhook,httpRequest,1.0
3181,morning-metrics,scheduleTrigger,googleSheets,1.0
3182,email-archiver,emailReadImap,readWriteFile,1.0
3183,rss-alert,rssFeedTrigger,slack,1.0
3184,form-to-endpoint,webhook,httpRequest,1.0
3185,morning-metrics,scheduleTrigger,googleSheets,1.0
3186,email-archiver,scheduleTrigger,readWriteFile,0.5
3187,rss-alert,rssFeedTrigger,slack,1.0
3188,form-to-endpoint,webhook,httpRequest,1.0
3189,morning-metrics,scheduleTrigger,googleSheets,1.0
3190,email-archiver,emailReadImap,readWriteFile,1.0
3191,rss-alert,rssFeedTrigger,slack,1.0
3192,form-to-endpoint,webhook,httpRequest,1.0
3193,morning-metrics,scheduleTrigger,googleSheets,1.0
3194,email-archiver,emailReadImap,readWriteFile,1.0
3195,rss-alert,rssFeedTrigger,slack,1.0
3196,form-to-endpoint,webhook,httpRequest,1.0
3197,morning-metrics,scheduleTrigger,googleSheets,1.0
3198,email-archiver,emailReadImap,readWriteFile,1.0
3199,rss-alert,rssFeedTrigger,slack,1.0
3200,form-to-endpoint,webhook,httpRequest,1.0
3201,morning-metrics,scheduleTrigger,googleSheets,1.0
3202,email-archiver,emailReadImap,readWriteFile,1.0
3203,rss-alert,rssFeedTrigger,slack,1.0
3204,form-to-endpoint,webhook,httpRequest,1.0
3205,morning-metrics,scheduleTrigger,httpRequest,0.5
3206,email-archiver,emailReadImap,readWriteFile,1.0
3207,rss-alert,rssFeedTrigger,slack,1.0
3208,form-to-endpoint,webhook,httpRequest,1.0
3209,morning-metrics,scheduleTrigger,googleSheets,1.0
3210,email-archiver,emailReadImap,readWriteFile,1.0
3211,rss-alert,rssFeedTrigger,slack,1.0
3212,form-to-endpoint,webhook,httpRequest,1.0
3213,morning-metrics,scheduleTrigger,googleSheets,1.0
3214,email-archiver,emailReadImap,readWriteFile,1.0
3215,rss-alert,rssFeedTrigger,slack,1.0
3216,form-to-endpoint,webhook,httpRequest,1.0
3217,morning-metrics,rssFeedTrigger,googleSheets,0.5
3218,email-archiver,emailReadImap,readWriteFile,1.0
3219,rss-alert,rssFeedTrigger,slack,1.0
3220,form-to-endpoint,webhook,httpRequest,1.0
3221,morning-metrics,scheduleTrigger,googleSheets,1.0
3222,email-archiver,emailReadImap,readWriteFile,1.0
3223,rss-alert,rssFeedTrigger,slack,1.0
3224,form-to-endpoint,webhook,httpRequest,1.0
3225,morning-metrics,scheduleTrigger,googleSheets,1.0
3226,email-archiver,emailReadImap,httpRequest,0.5
3227,rss-alert,rssFeedTrigger,slack,1.0
3228,form-to-endpoint,webhook,httpRequest,1.0
3229,morning-metrics,scheduleTrigger,googleSheets,1.0
3230,email-archiver,emailReadImap,readWriteFile,1.0
3231,rss-alert,rssFeedTrigger,slack,1.0
3232,form-to-endpoint,webhook,slack,0.5
3233,morning-metrics,scheduleTrigger,googleSheets,1.0
3234,email-archiver,emailReadImap,readWriteFile,1.0
3235,rss-alert,rssFeedTrigger,slack,1.0
3236,form-to-endpoint,webhook,httpRequest,1.0
3237,morning-metrics,rssFeedTrigger,googleSheets,0.5
3238,email-archiver,emailReadImap,readWriteFile,1.0
3239,rss-alert,rssFeedTrigger,slack,1.0
3240,form-to-endpoint,webhook,httpRequest,1.0
3241,morning-metrics,scheduleTrigger,googleSheets,1.0
3242,email-archiver,emailReadImap,readWriteFile,1.0
3243,rss-alert,rssFeedTrigger,slack,1.0
3244,form-to-endpoint,webhook,httpRequest,1.0
3245,morning-metrics,scheduleTrigger,httpRequest,0.5
3246,email-archiver,emailReadImap,readWriteFile,1.0
3247,rss-alert,rssFeedTrigger,slack,1.0
3248,form-to-endpoint,webhook,httpRequest,1.0
3249,morning-metrics,scheduleTrigger,googleSheets,1.0
3250,email-archiver,emailReadImap,readWriteFile,1.0
3251,rss-alert,rssFeedTrigger,slack,1.0
3252,form-to-endpoint,webhook,httpRequest,1.0
3253,morning-metrics,webhook,googleSheets,0.5
3254,email-archiver,emailReadImap,httpRequest,0.5
3255,rss-alert,rssFeedTrigger,readWriteFile,0.5
3256,form-to-endpoint,webhook,httpRequest,1.0
3257,morning-metrics,scheduleTrigger,googleSheets,1.0
3258,email-archiver,emailReadImap,readWriteFile,1.0
3259,rss-alert,rssFeedTrigger,slack,1.0
3260,form-to-endpoint,webhook,httpRequest,1.0
3261,morning-metrics,scheduleTrigger,googleSheets,1.0
3262,email-archiver,emailReadImap,slack,0.5
3263,rss-alert,rssFeedTrigger,slack,1.0
3264,form-to-endpoint,webhook,httpRequest,1.0
3265,morning-metrics,scheduleTrigger,googleSheets,1.0
3266,email-archiver,emailReadImap,readWriteFile,1.0
3267,rss-alert,rssFeedTrigger,slack,1.0
3268,form-to-endpoint,webhook,httpRequest,1.0
3269,morning-metrics,scheduleTrigger,googleSheets,1.0
3270,email-archiver,emailReadImap,readWriteFile,1.0
3271,rss-alert,rssFeedTrigger,slack,1.0
3272,form-to-endpoint,webhook,httpRequest,1.0
3273,morning-metrics,emailReadImap,googleSheets,0.5
3274,email-archiver,webhook,readWriteFile,0.5
3275,rss-alert,rssFeedTrigger,slack,1.0
3276,form-to-endpoint,webhook,httpRequest,1.0
3277,morning-metrics,scheduleTrigger,googleSheets,1.0
3278,email-archiver,emailReadImap,readWriteFile,1.0
3279,rss-alert,rssFeedTrigger,slack,1.0
3280,form-to-endpoint,webhook,httpRequest,1.0
3281,morning-metrics,scheduleTrigger,googleSheets,1.0
3282,email-archiver,emailReadImap,readWriteFile,1.0
3283,rss-alert,rssFeedTrigger,slack,1.0
3284,form-to-endpoint,webhook,googleSheets,0.5
3285,morning-metrics,scheduleTrigger,googleSheets,1.0
3286,email-archiver,emailReadImap,readWriteFile,1.0
3287,rss-alert,rssFeedTrigger,slack,1.0
3288,form-to-endpoint,webhook,httpRequest,1.0
3289,morning-metrics,scheduleTrigger,googleSheets,1.0
3290,email-archiver,emailReadImap,readWriteFile,1.0
3291,rss-alert,webhook,slack,0.5
3292,form-to-endpoint,webhook,httpRequest,1.0
3293,morning-metrics,scheduleTrigger,googleSheets,1.0
3294,email-archiver,emailReadImap,readWriteFile,1.0
3295,rss-alert,rssFeedTrigger,slack,1.0
3296,form-to-endpoint,webhook,httpRequest,1.0
3297,morning-metrics,scheduleTrigger,googleSheets,1.0
3298,email-archiver,emailReadImap,readWriteFile,1.0
3299,rss-alert,rssFeedTrigger,slack,1.0
3300,form-to-endpoint,webhook,httpRequest,1.0
3301,morning-metrics,scheduleTrigger,googleSheets,1.0
3302,email-archiver,emailReadImap,readWriteFile,1.0
3303,rss-alert,rssFeedTrigger,slack,1.0
3304,form-to-endpoint,webhook,httpRequest,1.0
3305,morning-metrics,scheduleTrigger,googleSheets,1.0
3306,email-archiver,emailReadImap,readWriteFile,1.0
3307,rss-alert,rssFeedTrigger,slack,1.0
3308,form-to-endpoint,webhook,httpRequest,1.0
3309,morning-metrics,webhook,googleSheets,0.5
3310,email-archiver,emailReadImap,readWriteFile,1.0
3311,rss-alert,rssFeedTrigger,slack,1.0
3312,form-to-endpoint,webhook,httpRequest,1.0
3313,morning-metrics,scheduleTrigger,googleSheets,1.0
3314,email-archiver,emailReadImap,readWriteFile,1.0
3315,rss-alert,rssFeedTrigger,slack,1.0
3316,form-to-endpoint,webhook,httpRequest,1.0
3317,morning-metrics,scheduleTrigger,googleSheets,1.0
3318,email-archiver,emailReadImap,readWriteFile,1.0
3319,rss-alert,rssFeedTrigger,googleSheets,0.5
3320,form-to-endpoint,webhook,readWriteFile,0.5
3321,morning-metrics,scheduleTrigger,googleSheets,1.0
3322,email-archiver,emailReadImap,readWriteFile,1.0
3323,rss-alert,rssFeedTrigger,slack,1.0
3324,form-to-endpoint,webhook,httpRequest,1.0
3325,morning-metrics,scheduleTrigger,googleSheets,1.0
3326,email-archiver,emailReadImap,readWriteFile,1.0
3327,rss-alert,webhook,slack,0.5
3328,form-to-endpoint,webhook,httpRequest,1.0
3329,morning-metrics,scheduleTrigger,readWriteFile,0.5
3330,email-archiver,emailReadImap,readWriteFile,1.0
3331,rss-alert,rssFeedTrigger,slack,1.0
3332,form-to-endpoint,webhook,httpRequest,1.0
3333,morning-metrics,scheduleTrigger,googleSheets,1.0
3334,email-archiver,emailReadImap,readWriteFile,1.0
3335,rss-alert,rssFeedTrigger,slack,1.0
3336,form-to-endpoint,webhook,httpRequest,1.0
3337,morning-metrics,scheduleTrigger,googleSheets,1.0
3338,email-archiver,emailReadImap,readWriteFile,1.0
3339,rss-alert,rssFeedTrigger,httpRequest,0.5
3340,form-to-endpoint,webhook,httpRequest,1.0
3341,morning-metrics,scheduleTrigger,googleSheets,1.0
3342,email-archiver,rssFeedTrigger,readWriteFile,0.5
3343,rss-alert,rssFeedTrigger,slack,1.0
3344,form-to-endpoint,emailReadImap,httpRequest,0.5
3345,morning-metrics,rssFeedTrigger,googleSheets,0.5
3346,email-archiver,emailReadImap,readWriteFile,1.0
3347,rss-alert,rssFeedTrigger,slack,1.0
3348,form-to-endpoint,webhook,httpRequest,1.0
3349,morning-metrics,scheduleTrigger,googleSheets,1.0
3350,email-archiver,emailReadImap,readWriteFile,1.0
3351,rss-alert,rssFeedTrigger,slack,1.0
3352,form-to-endpoint,webhook,httpRequest,1.0
3353,morning-metrics,scheduleTrigger,googleSheets,1.0
3354,email-archiver,scheduleTrigger,readWriteFile,0.5
3355,rss-alert,rssFeedTrigger,slack,1.0
3356,form-to-endpoint,webhook,httpRequest,1.0
3357,morning-metrics,scheduleTrigger,readWriteFile,0.5
3358,email-archiver,scheduleTrigger,readWriteFile,0.5
3359,rss-alert,rssFeedTrigger,slack,1.0
3360,form-to-endpoint,webhook,httpRequest,1.0
3361,morning-metrics,scheduleTrigger,googleSheets,1.0
3362,email-archiver,emailReadImap,readWriteFile,1.0
3363,rss-alert,rssFeedTrigger,slack,1.0
3364,form-to-endpoint,webhook,httpRequest,1.0
3365,morning-metrics,scheduleTrigger,googleSheets,1.0
3366,email-archiver,emailReadImap,readWriteFile,1.0
3367,rss-alert,rssFeedTrigger,slack,1.0
3368,form-to-endpoint,webhook,httpRequest,1.0
3369,morning-metrics,scheduleTrigger,googleSheets,1.0
3370,email-archiver,emailReadImap,readWriteFile,1.0
3371,rss-alert,rssFeedTrigger,slack,1.0
3372,form-to-endpoint,webhook,httpRequest,1.0
3373,morning-metrics,scheduleTrigger,readWriteFile,0.5
3374,email-archiver,emailReadImap,readWriteFile,1.0
3375,rss-alert,rssFeedTrigger,slack,1.0
3376,form-to-endpoint,emailReadImap,httpRequest,0.5
3377,morning-metrics,webhook,googleSheets,0.5
3378,email-archiver,emailReadImap,readWriteFile,1.0
3379,rss-alert,rssFeedTrigger,slack,1.0
3380,form-to-endpoint,webhook,httpRequest,1.0
3381,morning-metrics,scheduleTrigger,googleSheets,1.0
3382,email-archiver,emailReadImap,readWriteFile,1.0
3383,rss-alert,rssFeedTrigger,slack,1.0
3384,form-to-endpoint,webhook,httpRequest,1.0
3385,morning-metrics,scheduleTrigger,googleSheets,1.0
3386,email-archiver,scheduleTrigger,readWriteFile,0.5
3387,rss-alert,rssFeedTrigger,httpRequest,0.5
3388,form-to-endpoint,webhook,httpRequest,1.0
3389,morning-metrics,scheduleTrigger,googleSheets,1.0
3390,email-archiver,rssFeedTrigger,readWriteFile,0.5
3391,rss-alert,rssFeedTrigger,slack,1.0
3392,form-to-endpoint,webhook,httpRequest,1.0
3393,morning-metrics,scheduleTrigger,googleSheets,1.0
3394,email-archiver,emailReadImap,readWriteFile,1.0
3395,rss-alert,emailReadImap,slack,0.5
3396,form-to-endpoint,webhook,httpRequest,1.0
3397,morning-metrics,scheduleTrigger,googleSheets,1.0
3398,email-archiver,emailReadImap,readWriteFile,1.0
3399,rss-alert,rssFeedTrigger,slack,1.0
3400,form-to-endpoint,webhook,httpRequest,1.0
3401,morning-metrics,scheduleTrigger,googleSheets,1.0
3402,email-archiver,emailReadImap,readWriteFile,1.0
3403,rss-alert,rssFeedTrigger,slack,1.0
3404,form-to-endpoint,webhook,httpRequest,1.0
3405,morning-metrics,scheduleTrigger,googleSheets,1.0
3406,email-archiver,emailReadImap,readWriteFile,1.0
3407,rss-alert,rssFeedTrigger,slack,1.0
3408,form-to-endpoint,webhook,httpRequest,1.0
3409,morning-metrics,scheduleTrigger,googleSheets,1.0
3410,email-archiver,emailReadImap,readWriteFile,1.0
3411,rss-alert,rssFeedTrigger,slack,1.0
3412,form-to-endpoint,webhook,httpRequest,1.0
3413,morning-metrics,scheduleTrigger,googleSheets,1.0
3414,email-archiver,emailReadImap,readWriteFile,1.0
3415,rss-alert,rssFeedTrigger,slack,1.0
3416,form-to-endpoint,rssFeedTrigger,httpRequest,0.5
3417,morning-metrics,scheduleTrigger,googleSheets,1.0
3418,email-archiver,emailReadImap,readWriteFile,1.0
3419,rss-alert,rssFeedTrigger,slack,1.0
3420,form-to-endpoint,webhook,httpRequest,1.0
3421,morning-metrics,scheduleTrigger,googleSheets,1.0
3422,email-archiver,emailReadImap,readWriteFile,1.0
3423,rss-alert,webhook,slack,0.5
3424,form-to-endpoint,rssFeedTrigger,httpRequest,0.5
3425,morning-metrics,rssFeedTrigger,googleSheets,0.5
3426,email-archiver,emailReadImap,readWriteFile,1.0
3427,rss-alert,rssFeedTrigger,slack,1.0
3428,form-to-endpoint,webhook,httpRequest,1.0
3429,morning-metrics,scheduleTrigger,httpRequest,0.5
3430,email-archiver,emailReadImap,slack,0.5
3431,rss-alert,rssFeedTrigger,googleSheets,0.5
3432,form-to-endpoint,emailReadImap,httpRequest,0.5
3433,morning-metrics,scheduleTrigger,slack,0.5
3434,email-archiver,emailReadImap,readWriteFile,1.0
3435,rss-alert,rssFeedTrigger,slack,1.0
3436,form-to-endpoint,webhook,httpRequest,1.0
3437,morning-metrics,scheduleTrigger,slack,0.5
3438,email-archiver,webhook,readWriteFile,0.5
3439,rss-alert,rssFeedTrigger,slack,1.0
3440,form-to-endpoint,webhook,httpRequest,1.0
3441,morning-metrics,scheduleTrigger,googleSheets,1.0
3442,email-archiver,emailReadImap,slack,0.5
3443,rss-alert,webhook,slack,0.5
3444,form-to-endpoint,webhook,httpRequest,1.0
3445,morning-metrics,scheduleTrigger,googleSheets,1.0
3446,email-archiver,emailReadImap,readWriteFile,1.0
3447,rss-alert,rssFeedTrigger,slack,1.0
3448,form-to-endpoint,webhook,httpRequest,1.0
3449,morning-metrics,scheduleTrigger,googleSheets,1.0
3450,email-archiver,emailReadImap,readWriteFile,1.0
3451,rss-alert,rssFeedTrigger,slack,1.0
3452,form-to-endpoint,webhook,httpRequest,1.0
3453,morning-metrics,scheduleTrigger,googleSheets,1.0
3454,email-archiver,emailReadImap,readWriteFile,1.0
3455,rss-alert,rssFeedTrigger,slack,1.0
3456,form-to-endpoint,webhook,httpRequest,1.0
3457,morning-metrics,scheduleTrigger,googleSheets,1.0
3458,email-archiver,scheduleTrigger,readWriteFile,0.5
3459,rss-alert,rssFeedTrigger,slack,1.0
3460,form-to-endpoint,webhook,httpRequest,1.0
3461,morning-metrics,scheduleTrigger,googleSheets,1.0
3462,email-archiver,emailReadImap,readWriteFile,1.0
3463,rss-alert,rssFeedTrigger,slack,1.0
3464,form-to-endpoint,webhook,httpRequest,1.0
3465,morning-metrics,emailReadImap,googleSheets,0.5
3466,email-archiver,emailReadImap,readWriteFile,1.0
3467,rss-alert,rssFeedTrigger,slack,1.0
3468,form-to-endpoint,webhook,httpRequest,1.0
3469,morning-metrics,scheduleTrigger,googleSheets,1.0
3470,email-archiver,emailReadImap,readWriteFile,1.0
3471,rss-alert,rssFeedTrigger,slack,1.0
3472,form-to-endpoint,webhook,httpRequest,1.0
3473,morning-metrics,scheduleTrigger,googleSheets,1.0
3474,email-archiver,emailReadImap,readWriteFile,1.0
3475,rss-alert,rssFeedTrigger,slack,1.0
3476,form-to-endpoint,webhook,httpRequest,1.0
3477,morning-metrics,scheduleTrigger,googleSheets,1.0
3478,email-archiver,emailReadImap,readWriteFile,1.0
3479,rss-alert,rssFeedTrigger,slack,1.0
3480,form-to-endpoint,webhook,httpRequest,1.0
3481,morning-metrics,scheduleTrigger,googleSheets,1.0
3482,email-archiver,rssFeedTrigger,readWriteFile,0.5
3483,rss-alert,rssFeedTrigger,slack,1.0
3484,form-to-endpoint,webhook,httpRequest,1.0
3485,morning-metrics,scheduleTrigger,googleSheets,1.0
3486,email-archiver,emailReadImap,readWriteFile,1.0
3487,rss-alert,rssFeedTrigger,slack,1.0
3488,form-to-endpoint,webhook,httpRequest,1.0
3489,morning-metrics,scheduleTrigger,googleSheets,1.0
3490,email-archiver,emailReadImap,readWriteFile,1.0
3491,rss-alert,rssFeedTrigger,slack,1.0
3492,form-to-endpoint,webhook,httpRequest,1.0
3493,morning-metrics,scheduleTrigger,googleSheets,1.0
3494,email-archiver,emailReadImap,readWriteFile,1.0
3495,rss-alert,rssFeedTrigger,slack,1.0
3496,form-to-endpoint,webhook,httpRequest,1.0
3497,morning-metrics,scheduleTrigger,googleSheets,1.0
3498,email-archiver,emailReadImap,readWriteFile,1.0
3499,rss-alert,rssFeedTrigger,slack,1.0
3500,form-to-endpoint,webhook,httpRequest,1.0
3501,morning-metrics,emailReadImap,googleSheets,0.5
3502,email-archiver,scheduleTrigger,readWriteFile,0.5
3503,rss-alert,rssFeedTrigger,slack,1.0
3504,form-to-endpoint,webhook,httpRequest,1.0
3505,morning-metrics,scheduleTrigger,slack,0.5
3506,email-archiver,emailReadImap,readWriteFile,1.0
3507,rss-alert,rssFeedTrigger,slack,1.0
3508,form-to-endpoint,webhook,httpRequest,1.0
3509,morning-metrics,scheduleTrigger,googleSheets,1.0
3510,email-archiver,emailReadImap,slack,0.5
3511,rss-alert,rssFeedTrigger,slack,1.0
3512,form-to-endpoint,webhook,httpRequest,1.0
3513,morning-metrics,scheduleTrigger,googleSheets,1.0
3514,email-archiver,emailReadImap,readWriteFile,1.0
3515,rss-alert,rssFeedTrigger,slack,1.0
3516,form-to-endpoint,webhook,httpRequest,1.0
3517,morning-metrics,scheduleTrigger,googleSheets,1.0
3518,email-archiver,emailReadImap,readWriteFile,1.0
3519,rss-alert,rssFeedTrigger,slack,1.0
3520,form-to-endpoint,webhook,httpRequest,1.0
3521,morning-metrics,scheduleTrigger,googleSheets,1.0
3522,email-archiver,emailReadImap,readWriteFile,1.0
3523,rss-alert,rssFeedTrigger,slack,1.0
3524,form-to-endpoint,webhook,httpRequest,1.0
3525,morning-metrics,scheduleTrigger,slack,0.5
3526,email-archiver,emailReadImap,readWriteFile,1.0
3527,rss-alert,rssFeedTrigger,slack,1.0
3528,form-to-endpoint,webhook,googleSheets,0.5
3529,morning-metrics,scheduleTrigger,googleSheets,1.0
3530,email-archiver,emailReadImap,readWriteFile,1.0
3531,rss-alert,rssFeedTrigger,httpRequest,0.5
3532,form-to-endpoint,webhook,httpRequest,1.0
3533,morning-metrics,scheduleTrigger,googleSheets,1.0
3534,email-archiver,emailReadImap,readWriteFile,1.0
3535,rss-alert,emailReadImap,slack,0.5
3536,form-to-endpoint,webhook,httpRequest,1.0
3537,morning-metrics,scheduleTrigger,googleSheets,1.0
3538,email-archiver,scheduleTrigger,readWriteFile,0.5
3539,rss-alert,rssFeedTrigger,httpRequest,0.5
3540,form-to-endpoint,rssFeedTrigger,httpRequest,0.5
3541,morning-metrics,scheduleTrigger,googleSheets,1.0
3542,email-archiver,emailReadImap,readWriteFile,1.0
3543,rss-alert,rssFeedTrigger,slack,1.0
3544,form-to-endpoint,webhook,httpRequest,1.0
3545,morning-metrics,scheduleTrigger,googleSheets,1.0
3546,email-archiver,emailReadImap,readWriteFile,1.0
3547,rss-alert,rssFeedTrigger,slack,1.0
3548,form-to-endpoint,webhook,httpRequest,1.0
3549,morning-metrics,rssFeedTrigger,googleSheets,0.5
3550,email-archiver,emailReadImap,readWriteFile,1.0
3551,rss-alert,rssFeedTrigger,slack,1.0
3552,form-to-endpoint,webhook,httpRequest,1.0
3553,morning-metrics,scheduleTrigger,readWriteFile,0.5
3554,email-archiver,emailReadImap,readWriteFile,1.0
3555,rss-alert,rssFeedTrigger,slack,1.0
3556,form-to-endpoint,webhook,httpRequest,1.0
3557,morning-metrics,scheduleTrigger,googleSheets,1.0
3558,email-archiver,emailReadImap,readWriteFile,1.0
3559,rss-alert,rssFeedTrigger,slack,1.0
3560,form-to-endpoint,webhook,googleSheets,0.5
3561,morning-metrics,scheduleTrigger,googleSheets,1.0
3562,email-archiver,emailReadImap,readWriteFile,1.0
3563,rss-alert,rssFeedTrigger,slack,1.0
3564,form-to-endpoint,webhook,httpRequest,1.0
3565,morning-metrics,scheduleTrigger,httpRequest,0.5
3566,email-archiver,emailReadImap,readWriteFile,1.0
3567,rss-alert,rssFeedTrigger,slack,1.0
3568,form-to-endpoint,webhook,httpRequest,1.0
3569,morning-metrics,scheduleTrigger,googleSheets,1.0
3570,email-archiver,emailReadImap,readWriteFile,1.0
3571,rss-alert,rssFeedTrigger,slack,1.0
3572,form-to-endpoint,webhook,slack,0.5
3573,morning-metrics,scheduleTrigger,googleSheets,1.0
3574,email-archiver,emailReadImap,readWriteFile,1.0
3575,rss-alert,rssFeedTrigger,slack,1.0
3576,form-to-endpoint,webhook,httpRequest,1.0
3577,morning-metrics,scheduleTrigger,googleSheets,1.0
3578,email-archiver,emailReadImap,readWriteFile,1.0
3579,rss-alert,rssFeedTrigger,slack,1.0
3580,form-to-endpoint,webhook,httpRequest,1.0
3581,morning-metrics,scheduleTrigger,googleSheets,1.0
3582,email-archiver,emailReadImap,readWriteFile,1.0
3583,rss-alert,rssFeedTrigger,slack,1.0
3584,form-to-endpoint,webhook,httpRequest,1.0
3585,morning-metrics,scheduleTrigger,googleSheets,1.0
3586,email-archiver,emailReadImap,slack,0.5
3587,rss-alert,rssFeedTrigger,slack,1.0
3588,form-to-endpoint,webhook,httpRequest,1.0
3589,morning-metrics,scheduleTrigger,googleSheets,1.0
3590,email-archiver,emailReadImap,readWriteFile,1.0
3591,rss-alert,rssFeedTrigger,slack,1.0
3592,form-to-endpoint,webhook,httpRequest,1.0
3593,morning-metrics,scheduleTrigger,googleSheets,1.0
3594,email-archiver,emailReadImap,readWriteFile,1.0
3595,rss-alert,rssFeedTrigger,slack,1.0
3596,form-to-endpoint,webhook,httpRequest,1.0
3597,morning-metrics,scheduleTrigger,googleSheets,1.0
3598,email-archiver,emailReadImap,readWriteFile,1.0
3599,rss-alert,rssFeedTrigger,slack,1.0
3600,form-to-endpoint,webhook,httpRequest,1.0
3601,morning-metrics,scheduleTrigger,googleSheets,1.0
3602,email-archiver,emailReadImap,readWriteFile,1.0
3603,rss-alert,rssFeedTrigger,slack,1.0
3604,form-to-endpoint,webhook,httpRequest,1.0
3605,morning-metrics,scheduleTrigger,readWriteFile,0.5
3606,email-archiver,emailReadImap,readWriteFile,1.0
3607,rss-alert,emailReadImap,slack,0.5
3608,form-to-endpoint,webhook,httpRequest,1.0
3609,morning-metrics,scheduleTrigger,googleSheets,1.0
3610,email-archiver,emailReadImap,readWriteFile,1.0
3611,rss-alert,rssFeedTrigger,slack,1.0
3612,form-to-endpoint,webhook,httpRequest,1.0
3613,morning-metrics,scheduleTrigger,googleSheets,1.0
3614,email-archiver,emailReadImap,readWriteFile,1.0
3615,rss-alert,rssFeedTrigger,slack,1.0
3616,form-to-endpoint,webhook,httpRequest,1.0
3617,morning-metrics,scheduleTrigger,googleSheets,1.0
3618,email-archiver,emailReadImap,httpRequest,0.5
3619,rss-alert,rssFeedTrigger,slack,1.0
3620,form-to-endpoint,webhook,httpRequest,1.0
3621,morning-metrics,scheduleTrigger,googleSheets,1.0
3622,email-archiver,emailReadImap,readWriteFile,1.0
3623,rss-alert,scheduleTrigger,slack,0.5
3624,form-to-endpoint,webhook,httpRequest,1.0
3625,morning-metrics,scheduleTrigger,googleSheets,1.0
3626,email-archiver,emailReadImap,readWriteFile,1.0
3627,rss-alert,rssFeedTrigger,slack,1.0
3628,form-to-endpoint,webhook,httpRequest,1.0
3629,morning-metrics,scheduleTrigger,googleSheets,1.0
3630,email-archiver,emailReadImap,readWriteFile,1.0
3631,rss-alert,rssFeedTrigger,slack,1.0
3632,form-to-endpoint,webhook,httpRequest,1.0
3633,morning-metrics,scheduleTrigger,googleSheets,1.0
3634,email-archiver,emailReadImap,readWriteFile,1.0
3635,rss-alert,rssFeedTrigger,slack,1.0
3636,form-to-endpoint,webhook,httpRequest,1.0
3637,morning-metrics,scheduleTrigger,googleSheets,1.0
3638,email-archiver,emailReadImap,readWriteFile,1.0
3639,rss-alert,emailReadImap,slack,0.5
3640,form-to-endpoint,webhook,httpRequest,1.0
3641,morning-metrics,scheduleTrigger,googleSheets,1.0
3642,email-archiver,emailReadImap,slack,0.5
3643,rss-alert,rssFeedTrigger,slack,1.0
3644,form-to-endpoint,webhook,googleSheets,0.5
3645,morning-metrics,scheduleTrigger,googleSheets,1.0
3646,email-archiver,emailReadImap,readWriteFile,1.0
3647,rss-alert,rssFeedTrigger,slack,1.0
3648,form-to-endpoint,webhook,httpRequest,1.0
3649,morning-metrics,scheduleTrigger,googleSheets,1.0
3650,email-archiver,webhook,readWriteFile,0.5
3651,rss-alert,rssFeedTrigger,slack,1.0
3652,form-to-endpoint,webhook,httpRequest,1.0
3653,morning-metrics,scheduleTrigger,googleSheets,1.0
3654,email-archiver,emailReadImap,readWriteFile,1.0
3655,rss-alert,rssFeedTrigger,slack,1.0
3656,form-to-endpoint,webhook,httpRequest,1.0
3657,morning-metrics,scheduleTrigger,googleSheets,1.0
3658,email-archiver,emailReadImap,readWriteFile,1.0
3659,rss-alert,rssFeedTrigger,slack,1.0
3660,form-to-endpoint,webhook,httpRequest,1.0
3661,morning-metrics,scheduleTrigger,readWriteFile,0.5
3662,email-archiver,emailReadImap,readWriteFile,1.0
3663,rss-alert,rssFeedTrigger,slack,1.0
3664,form-to-endpoint,webhook,httpRequest,1.0
3665,morning-metrics,scheduleTrigger,googleSheets,1.0
3666,email-archiver,emailReadImap,readWriteFile,1.0
3667,rss-alert,rssFeedTrigger,slack,1.0
3668,form-to-endpoint,webhook,httpRequest,1.0
3669,morning-metrics,scheduleTrigger,googleSheets,1.0
3670,email-archiver,emailReadImap,readWriteFile,1.0
3671,rss-alert,scheduleTrigger,readWriteFile,0.0
3672,form-to-endpoint,webhook,httpRequest,1.0
3673,morning-metrics,scheduleTrigger,googleSheets,1.0
3674,email-archiver,emailReadImap,httpRequest,0.5
3675,rss-alert,rssFeedTrigger,slack,1.0
3676,form-to-endpoint,webhook,httpRequest,1.0
3677,morning-metrics,scheduleTrigger,googleSheets,1.0
3678,email-archiver,emailReadImap,readWriteFile,1.0
3679,rss-alert,rssFeedTrigger,slack,1.0
3680,form-to-endpoint,webhook,googleSheets,0.5
3681,morning-metrics,scheduleTrigger,googleSheets,1.0
3682,email-archiver,emailReadImap,readWriteFile,1.0
3683,rss-alert,rssFeedTrigger,slack,1.0
3684,form-to-endpoint,webhook,httpRequest,1.0
3685,morning-metrics,scheduleTrigger,googleSheets,1.0
3686,email-archiver,emailReadImap,readWriteFile,1.0
3687,rss-alert,rssFeedTrigger,slack,1.0
3688,form-to-endpoint,webhook,googleSheets,0.5
3689,morning-metrics,scheduleTrigger,googleSheets,1.0
3690,email-archiver,emailReadImap,httpRequest,0.5
3691,rss-alert,rssFeedTrigger,slack,1.0
3692,form-to-endpoint,webhook,httpRequest,1.0
3693,morning-metrics,scheduleTrigger,googleSheets,1.0
3694,email-archiver,emailReadImap,readWriteFile,1.0
3695,rss-alert,rssFeedTrigger,slack,1.0
3696,form-to-endpoint,webhook,httpRequest,1.0
3697,morning-metrics,webhook,googleSheets,0.5
3698,email-archiver,emailReadImap,readWriteFile,1.0
3699,rss-alert,rssFeedTrigger,slack,1.0
3700,form-to-endpoint,webhook,httpRequest,1.0
3701,morning-metrics,scheduleTrigger,googleSheets,1.0
3702,email-archiver,emailReadImap,readWriteFile,1.0
3703,rss-alert,rssFeedTrigger,slack,1.0
3704,form-to-endpoint,webhook,httpRequest,1.0
3705,morning-metrics,scheduleTrigger,googleSheets,1.0
3706,email-archiver,emailReadImap,readWriteFile,1.0
3707,rss-alert,rssFeedTrigger,slack,1.0
3708,form-to-endpoint,webhook,httpRequest,1.0
3709,morning-metrics,scheduleTrigger,googleSheets,1.0
3710,email-archiver,emailReadImap,readWriteFile,1.0
3711,rss-alert,rssFeedTrigger,slack,1.0
3712,form-to-endpoint,webhook,httpRequest,1.0
3713,morning-metrics,scheduleTrigger,googleSheets,1.0
3714,email-archiver,emailReadImap,readWriteFile,1.0
3715,rss-alert,rssFeedTrigger,slack,1.0
3716,form-to-endpoint,webhook,httpRequest,1.0
3717,morning-metrics,rssFeedTrigger,googleSheets,0.5
3718,email-archiver,emailReadImap,readWriteFile,1.0
3719,rss-alert,scheduleTrigger,slack,0.5
3720,form-to-endpoint,webhook,httpRequest,1.0
3721,morning-metrics,scheduleTrigger,googleSheets,1.0
3722,email-archiver,emailReadImap,googleSheets,0.5
3723,rss-alert,scheduleTrigger,slack,0.5
3724,form-to-endpoint,webhook,httpRequest,1.0
3725,morning-metrics,scheduleTrigger,googleSheets,1.0
3726,email-archiver,emailReadImap,readWriteFile,1.0
3727,rss-alert,emailReadImap,slack,0.5
3728,form-to-endpoint,webhook,httpRequest,1.0
3729,morning-metrics,scheduleTrigger,googleSheets,1.0
3730,email-archiver,emailReadImap,readWriteFile,1.0
3731,rss-alert,rssFeedTrigger,slack,1.0
3732,form-to-endpoint,webhook,httpRequest,1.0
3733,morning-metrics,scheduleTrigger,googleSheets,1.0
3734,email-archiver,emailReadImap,readWriteFile,1.0
3735,rss-alert,rssFeedTrigger,slack,1.0
3736,form-to-endpoint,emailReadImap,httpRequest,0.5
3737,morning-metrics,scheduleTrigger,googleSheets,1.0
3738,email-archiver,scheduleTrigger,readWriteFile,0.5
3739,rss-alert,rssFeedTrigger,slack,1.0
3740,form-to-endpoint,webhook,httpRequest,1.0
3741,morning-metrics,scheduleTrigger,googleSheets,1.0
3742,email-archiver,webhook,readWriteFile,0.5
3743,rss-alert,rssFeedTrigger,slack,1.0
3744,form-to-endpoint,webhook,httpRequest,1.0
3745,morning-metrics,scheduleTrigger,googleSheets,1.0
3746,email-archiver,emailReadImap,readWriteFile,1.0
3747,rss-alert,rssFeedTrigger,slack,1.0
3748,form-to-endpoint,webhook,httpRequest,1.0
3749,morning-metrics,scheduleTrigger,googleSheets,1.0
3750,email-archiver,emailReadImap,readWriteFile,1.0
3751,rss-alert,rssFeedTrigger,slack,1.0
3752,form-to-endpoint,webhook,httpRequest,1.0
3753,morning-metrics,scheduleTrigger,slack,0.5
3754,email-archiver,emailReadImap,readWriteFile,1.0
3755,rss-alert,rssFeedTrigger,slack,1.0
3756,form-to-endpoint,webhook,httpRequest,1.0
3757,morning-metrics,scheduleTrigger,googleSheets,1.0
3758,email-archiver,emailReadImap,readWriteFile,1.0
3759,rss-alert,rssFeedTrigger,slack,1.0
3760,form-to-endpoint,webhook,httpRequest,1.0
3761,morning-metrics,scheduleTrigger,googleSheets,1.0
3762,email-archiver,emailReadImap,readWriteFile,1.0
3763,rss-alert,rssFeedTrigger,slack,1.0
3764,form-to-endpoint,webhook,httpRequest,1.0
3765,morning-metrics,scheduleTrigger,googleSheets,1.0
3766,email-archiver,emailReadImap,readWriteFile,1.0
3767,rss-alert,rssFeedTrigger,slack,1.0
3768,form-to-endpoint,webhook,httpRequest,1.0
3769,morning-metrics,scheduleTrigger,googleSheets,1.0
3770,email-archiver,emailReadImap,readWriteFile,1.0
3771,rss-alert,rssFeedTrigger,googleSheets,0.5
3772,form-to-endpoint,webhook,httpRequest,1.0
3773,morning-metrics,scheduleTrigger,googleSheets,1.0
3774,email-archiver,emailReadImap,readWriteFile,1.0
3775,rss-alert,rssFeedTrigger,slack,1.0
3776,form-to-endpoint,webhook,httpRequest,1.0
3777,morning-metrics,scheduleTrigger,googleSheets,1.0
3778,email-archiver,emailReadImap,readWriteFile,1.0
3779,rss-alert,rssFeedTrigger,slack,1.0
3780,form-to-endpoint,webhook,httpRequest,1.0
3781,morning-metrics,scheduleTrigger,googleSheets,1.0
3782,email-archiver,webhook,readWriteFile,0.5
3783,rss-alert,rssFeedTrigger,slack,1.0
3784,form-to-endpoint,webhook,httpRequest,1.0
3785,morning-metrics,scheduleTrigger,googleSheets,1.0
3786,email-archiver,emailReadImap,readWriteFile,1.0
3787,rss-alert,rssFeedTrigger,slack,1.0
3788,form-to-endpoint,webhook,httpRequest,1.0
3789,morning-metrics,scheduleTrigger,slack,0.5
3790,email-archiver,scheduleTrigger,readWriteFile,0.5
3791,rss-alert,rssFeedTrigger,httpRequest,0.5
3792,form-to-endpoint,webhook,httpRequest,1.0
3793,morning-metrics,scheduleTrigger,googleSheets,1.0
3794,email-archiver,emailReadImap,googleSheets,0.5
3795,rss-alert,rssFeedTrigger,httpRequest,0.5
3796,form-to-endpoint,webhook,httpRequest,1.0
3797,morning-metrics,scheduleTrigger,googleSheets,1.0
3798,email-archiver,emailReadImap,readWriteFile,1.0
3799,rss-alert,rssFeedTrigger,slack,1.0
3800,form-to-endpoint,webhook,readWriteFile,0.5
3801,morning-metrics,emailReadImap,googleSheets,0.5
3802,email-archiver,emailReadImap,readWriteFile,1.0
3803,rss-alert,rssFeedTrigger,slack,1.0
3804,form-to-endpoint,webhook,httpRequest,1.0
3805,morning-metrics,scheduleTrigger,googleSheets,1.0
3806,email-archiver,emailReadImap,readWriteFile,1.0
3807,rss-alert,rssFeedTrigger,slack,1.0
3808,form-to-endpoint,webhook,httpRequest,1.0
3809,morning-metrics,scheduleTrigger,googleSheets,1.0
3810,email-archiver,emailReadImap,readWriteFile,1.0
3811,rss-alert,rssFeedTrigger,slack,1.0
3812,form-to-endpoint,webhook,httpRequest,1.0
3813,morning-metrics,scheduleTrigger,googleSheets,1.0
3814,email-archiver,emailReadImap,readWriteFile,1.0
3815,rss-alert,rssFeedTrigger,readWriteFile,0.5
3816,form-to-endpoint,webhook,httpRequest,1.0
3817,morning-metrics,scheduleTrigger,httpRequest,0.5
3818,email-archiver,emailReadImap,readWriteFile,1.0
3819,rss-alert,rssFeedTrigger,slack,1.0
3820,form-to-endpoint,webhook,httpRequest,1.0
3821,morning-metrics,scheduleTrigger,googleSheets,1.0
3822,email-archiver,emailReadImap,readWriteFile,1.0
3823,rss-alert,rssFeedTrigger,slack,1.0
3824,form-to-endpoint,webhook,httpRequest,1.0
3825,morning-metrics,scheduleTrigger,googleSheets,1.0
3826,email-archiver,emailReadImap,readWriteFile,1.0
3827,rss-alert,rssFeedTrigger,slack,1.0
3828,form-to-endpoint,webhook,httpRequest,1.0
3829,morning-metrics,scheduleTrigger,googleSheets,1.0
3830,email-archiver,emailReadImap,readWriteFile,1.0
3831,rss-alert,rssFeedTrigger,slack,1.0
3832,form-to-endpoint,webhook,httpRequest,1.0
3833,morning-metrics,scheduleTrigger,googleSheets,1.0
3834,email-archiver,rssFeedTrigger,readWriteFile,0.5
3835,rss-alert,webhook,httpRequest,0.0
3836,form-to-endpoint,webhook,httpRequest,1.0
3837,morning-metrics,scheduleTrigger,googleSheets,1.0
3838,email-archiver,emailReadImap,readWriteFile,1.0
3839,rss-alert,rssFeedTrigger,slack,1.0
3840,form-to-endpoint,webhook,httpRequest,1.0
3841,morning-metrics,scheduleTrigger,googleSheets,1.0
3842,email-archiver,emailReadImap,readWriteFile,1.0
3843,rss-alert,rssFeedTrigger,slack,1.0
3844,form-to-endpoint,webhook,httpRequest,1.0
3845,morning-metrics,scheduleTrigger,googleSheets,1.0
3846,email-archiver,emailReadImap,readWriteFile,1.0
3847,rss-alert,emailReadImap,slack,0.5
3848,form-to-endpoint,webhook,httpRequest,1.0
3849,morning-metrics,scheduleTrigger,googleSheets,1.0
3850,email-archiver,emailReadImap,readWriteFile,1.0
3851,rss-alert,rssFeedTrigger,slack,1.0
3852,form-to-endpoint,webhook,httpRequest,1.0
3853,morning-metrics,scheduleTrigger,googleSheets,1.0
3854,email-archiver,emailReadImap,readWriteFile,1.0
3855,rss-alert,emailReadImap,slack,0.5
3856,form-to-endpoint,webhook,httpRequest,1.0
3857,morning-metrics,scheduleTrigger,googleSheets,1.0
3858,email-archiver,emailReadImap,readWriteFile,1.0
3859,rss-alert,rssFeedTrigger,slack,1.0
3860,form-to-endpoint,webhook,httpRequest,1.0
3861,morning-metrics,scheduleTrigger,googleSheets,1.0
3862,email-archiver,emailReadImap,readWriteFile,1.0
3863,rss-alert,rssFeedTrigger,slack,1.0
3864,form-to-endpoint,webhook,httpRequest,1.0
3865,morning-metrics,scheduleTrigger,googleSheets,1.0
3866,email-archiver,scheduleTrigger,readWriteFile,0.5
3867,rss-alert,rssFeedTrigger,slack,1.0
3868,form-to-endpoint,webhook,httpRequest,1.0
3869,morning-metrics,scheduleTrigger,googleSheets,1.0
3870,email-archiver,emailReadImap,readWriteFile,1.0
3871,rss-alert,rssFeedTrigger,slack,1.0
3872,form-to-endpoint,webhook,httpRequest,1.0
3873,morning-metrics,scheduleTrigger,googleSheets,1.0
3874,email-archiver,emailReadImap,readWriteFile,1.0
3875,rss-alert,rssFeedTrigger,slack,1.0
3876,form-to-endpoint,webhook,slack,0.5
3877,morning-metrics,scheduleTrigger,googleSheets,1.0
3878,email-archiver,emailReadImap,readWriteFile,1.0
3879,rss-alert,rssFeedTrigger,slack,1.0
3880,form-to-endpoint,webhook,httpRequest,1.0
3881,morning-metrics,scheduleTrigger,googleSheets,1.0
3882,email-archiver,emailReadImap,readWriteFile,1.0
3883,rss-alert,rssFeedTrigger,httpRequest,0.5
3884,form-to-endpoint,webhook,httpRequest,1.0
3885,morning-metrics,scheduleTrigger,googleSheets,1.0
3886,email-archiver,emailReadImap,readWriteFile,1.0
3887,rss-alert,rssFeedTrigger,slack,1.0
3888,form-to-endpoint,webhook,httpRequest,1.0
3889,morning-metrics,rssFeedTrigger,googleSheets,0.5
3890,email-archiver,emailReadImap,readWriteFile,1.0
3891,rss-alert,scheduleTrigger,googleSheets,0.0
3892,form-to-endpoint,webhook,httpRequest,1.0
3893,morning-metrics,scheduleTrigger,readWriteFile,0.5
3894,email-archiver,emailReadImap,readWriteFile,1.0
3895,rss-alert,scheduleTrigger,slack,0.5
3896,form-to-endpoint,webhook,httpRequest,1.0
3897,morning-metrics,scheduleTrigger,googleSheets,1.0
3898,email-archiver,emailReadImap,readWriteFile,1.0
3899,rss-alert,rssFeedTrigger,slack,1.0
3900,form-to-endpoint,webhook,httpRequest,1.0
3901,morning-metrics,scheduleTrigger,httpRequest,0.5
3902,email-archiver,emailReadImap,readWriteFile,1.0
3903,rss-alert,rssFeedTrigger,slack,1.0
3904,form-to-endpoint,webhook,httpRequest,1.0
3905,morning-metrics,scheduleTrigger,googleSheets,1.0
3906,email-archiver,emailReadImap,readWriteFile,1.0
3907,rss-alert,rssFeedTrigger,slack,1.0
3908,form-to-endpoint,webhook,httpRequest,1.0
3909,morning-metrics,scheduleTrigger,googleSheets,1.0
3910,email-archiver,emailReadImap,readWriteFile,1.0
3911,rss-alert,rssFeedTrigger,slack,1.0
3912,form-to-endpoint,webhook,slack,0.5
3913,morning-metrics,rssFeedTrigger,googleSheets,0.5
3914,email-archiver,emailReadImap,readWriteFile,1.0
3915,rss-alert,rssFeedTrigger,httpRequest,0.5
3916,form-to-endpoint,webhook,httpRequest,1.0
3917,morning-metrics,scheduleTrigger,googleSheets,1.0
3918,email-archiver,emailReadImap,readWriteFile,1.0
3919,rss-alert,rssFeedTrigger,slack,1.0
3920,form-to-endpoint,webhook,httpRequest,1.0
3921,morning-metrics,scheduleTrigger,googleSheets,1.0
3922,email-archiver,emailReadImap,readWriteFile,1.0
3923,rss-alert,rssFeedTrigger,slack,1.0
3924,form-to-endpoint,webhook,httpRequest,1.0
3925,morning-metrics,scheduleTrigger,googleSheets,1.0
3926,email-archiver,emailReadImap,readWriteFile,1.0
3927,rss-alert,rssFeedTrigger,slack,1.0
3928,form-to-endpoint,rssFeedTrigger,httpRequest,0.5
3929,morning-metrics,scheduleTrigger,googleSheets,1.0
3930,email-archiver,emailReadImap,readWriteFile,1.0
3931,rss-alert,emailReadImap,slack,0.5
3932,form-to-endpoint,webhook,httpRequest,1.0
3933,morning-metrics,scheduleTrigger,httpRequest,0.5
3934,email-archiver,emailReadImap,readWriteFile,1.0
3935,rss-alert,rssFeedTrigger,slack,1.0
3936,form-to-endpoint,webhook,httpRequest,1.0
3937,morning-metrics,scheduleTrigger,slack,0.5
3938,email-archiver,emailReadImap,readWriteFile,1.0
3939,rss-alert,rssFeedTrigger,slack,1.0
3940,form-to-endpoint,webhook,httpRequest,1.0
3941,morning-metrics,scheduleTrigger,googleSheets,1.0
3942,email-archiver,emailReadImap,readWriteFile,1.0
3943,rss-alert,rssFeedTrigger,slack,1.0
3944,form-to-endpoint,webhook,googleSheets,0.5
3945,morning-metrics,scheduleTrigger,googleSheets,1.0
3946,email-archiver,emailReadImap,readWriteFile,1.0
3947,rss-alert,rssFeedTrigger,slack,1.0
3948,form-to-endpoint,webhook,httpRequest,1.0
3949,morning-metrics,scheduleTrigger,googleSheets,1.0
3950,email-archiver,emailReadImap,readWriteFile,1.0
3951,rss-alert,rssFeedTrigger,slack,1.0
3952,form-to-endpoint,webhook,httpRequest,1.0
3953,morning-metrics,scheduleTrigger,googleSheets,1.0
3954,email-archiver,emailReadImap,readWriteFile,1.0
3955,rss-alert,rssFeedTrigger,slack,1.0
3956,form-to-endpoint,webhook,httpRequest,1.0
3957,morning-metrics,emailReadImap,googleSheets,0.5
3958,email-archiver,emailReadImap,readWriteFile,1.0
3959,rss-alert,rssFeedTrigger,slack,1.0
3960,form-to-endpoint,webhook,googleSheets,0.5
3961,morning-metrics,scheduleTrigger,googleSheets,1.0
3962,email-archiver,emailReadImap,readWriteFile,1.0
3963,rss-alert,rssFeedTrigger,slack,1.0
3964,form-to-endpoint,webhook,httpRequest,1.0
3965,morning-metrics,scheduleTrigger,googleSheets,1.0
3966,email-archiver,emailReadImap,slack,0.5
3967,rss-alert,rssFeedTrigger,slack,1.0
3968,form-to-endpoint,webhook,httpRequest,1.0
3969,morning-metrics,scheduleTrigger,googleSheets,1.0
3970,email-archiver,emailReadImap,httpRequest,0.5
3971,rss-alert,rssFeedTrigger,slack,1.0
3972,form-to-endpoint,webhook,httpRequest,1.0
3973,morning-metrics,rssFeedTrigger,googleSheets,0.5
3974,email-archiver,emailReadImap,readWriteFile,1.0
3975,rss-alert,rssFeedTrigger,slack,1.0
3976,form-to-endpoint,webhook,httpRequest,1.0
3977,morning-metrics,scheduleTrigger,googleSheets,1.0
3978,email-archiver,emailReadImap,readWriteFile,1.0
3979,rss-alert,rssFeedTrigger,slack,1.0
3980,form-to-endpoint,webhook,httpRequest,1.0
3981,morning-metrics,scheduleTrigger,googleSheets,1.0
3982,email-archiver,emailReadImap,readWriteFile,1.0
3983,rss-alert,emailReadImap,slack,0.5
3984,form-to-endpoint,webhook,httpRequest,1.0
3985,morning-metrics,scheduleTrigger,googleSheets,1.0
3986,email-archiver,emailReadImap,readWriteFile,1.0
3987,rss-alert,rssFeedTrigger,slack,1.0
3988,form-to-endpoint,webhook,httpRequest,1.0
3989,morning-metrics,scheduleTrigger,googleSheets,1.0
3990,email-archiver,emailReadImap,readWriteFile,1.0
3991,rss-alert,rssFeedTrigger,slack,1.0
3992,form-to-endpoint,webhook,httpRequest,1.0
3993,morning-metrics,webhook,googleSheets,0.5
3994,email-archiver,emailReadImap,readWriteFile,1.0
3995,rss-alert,rssFeedTrigger,slack,1.0
3996,form-to-endpoint,webhook,httpRequest,1.0
3997,morning-metrics,emailReadImap,googleSheets,0.5
3998,email-archiver,emailReadImap,readWriteFile,1.0
3999,rss-alert,rssFeedTrigger,slack,1.0
4000,form-to-endpoint,webhook,httpRequest,1.0
4001,morning-metrics,scheduleTrigger,googleSheets,1.0
4002,email-archiver,emailReadImap,readWriteFile,1.0
4003,rss-alert,rssFeedTrigger,slack,1.0
4004,form-to-endpoint,webhook,httpRequest,1.0
4005,morning-metrics,scheduleTrigger,googleSheets,1.0
4006,email-archiver,emailReadImap,readWriteFile,1.0
4007,rss-alert,scheduleTrigger,slack,0.5
4008,form-to-endpoint,webhook,httpRequest,1.0
4009,morning-metrics,scheduleTrigger,googleSheets,1.0
4010,email-archiver,emailReadImap,readWriteFile,1.0
4011,rss-alert,rssFeedTrigger,slack,1.0
4012,form-to-endpoint,webhook,httpRequest,1.0
4013,morning-metrics,scheduleTrigger,googleSheets,1.0
4014,email-archiver,emailReadImap,readWriteFile,1.0
4015,rss-alert,rssFeedTrigger,slack,1.0
4016,form-to-endpoint,webhook,slack,0.5
4017,morning-metrics,rssFeedTrigger,googleSheets,0.5
4018,email-archiver,emailReadImap,readWriteFile,1.0
4019,rss-alert,rssFeedTrigger,slack,1.0
4020,form-to-endpoint,webhook,httpRequest,1.0
4021,morning-metrics,scheduleTrigger,googleSheets,1.0
4022,email-archiver,emailReadImap,readWriteFile,1.0
4023,rss-alert,rssFeedTrigger,slack,1.0
4024,form-to-endpoint,webhook,httpRequest,1.0
4025,morning-metrics,scheduleTrigger,googleSheets,1.0
4026,email-archiver,emailReadImap,readWriteFile,1.0
4027,rss-alert,rssFeedTrigger,slack,1.0
4028,form-to-endpoint,webhook,httpRequest,1.0
4029,morning-metrics,scheduleTrigger,googleSheets,1.0
4030,email-archiver,emailReadImap,readWriteFile,1.0
4031,rss-alert,rssFeedTrigger,slack,1.0
4032,form-to-endpoint,webhook,httpRequest,1.0
4033,morning-metrics,scheduleTrigger,googleSheets,1.0
4034,email-archiver,emailReadImap,readWriteFile,1.0
4035,rss-alert,rssFeedTrigger,slack,1.0
4036,form-to-endpoint,webhook,httpRequest,1.0
4037,morning-metrics,scheduleTrigger,googleSheets,1.0
4038,email-archiver,emailReadImap,readWriteFile,1.0
4039,rss-alert,rssFeedTrigger,slack,1.0
4040,form-to-endpoint,webhook,httpRequest,1.0
4041,morning-metrics,webhook,googleSheets,0.5
4042,email-archiver,emailReadImap,readWriteFile,1.0
4043,rss-alert,rssFeedTrigger,slack,1.0
4044,form-to-endpoint,webhook,httpRequest,1.0
4045,morning-metrics,scheduleTrigger,googleSheets,1.0
4046,email-archiver,emailReadImap,readWriteFile,1.0
4047,rss-alert,rssFeedTrigger,slack,1.0
4048,form-to-endpoint,webhook,httpRequest,1.0
4049,morning-metrics,scheduleTrigger,googleSheets,1.0
4050,email-archiver,emailReadImap,readWriteFile,1.0
4051,rss-alert,rssFeedTrigger,slack,1.0
4052,form-to-endpoint,webhook,httpRequest,1.0
4053,morning-metrics,scheduleTrigger,googleSheets,1.0
4054,email-archiver,emailReadImap,readWriteFile,1.0
4055,rss-alert,rssFeedTrigger,slack,1.0
4056,form-to-endpoint,webhook,httpRequest,1.0
4057,morning-metrics,scheduleTrigger,googleSheets,1.0
4058,email-archiver,emailReadImap,readWriteFile,1.0
4059,rss-alert,rssFeedTrigger,slack,1.0
4060,form-to-endpoint,webhook,httpRequest,1.0
4061,morning-metrics,scheduleTrigger,readWriteFile,0.5
4062,email-archiver,emailReadImap,readWriteFile,1.0
4063,rss-alert,rssFeedTrigger,slack,1.0
4064,form-to-endpoint,webhook,httpRequest,1.0
4065,morning-metrics,scheduleTrigger,googleSheets,1.0
4066,email-archiver,emailReadImap,readWriteFile,1.0
4067,rss-alert,rssFeedTrigger,slack,1.0
4068,form-to-endpoint,webhook,httpRequest,1.0
4069,morning-metrics,scheduleTrigger,googleSheets,1.0
4070,email-archiver,emailReadImap,readWriteFile,1.0
4071,rss-alert,rssFeedTrigger,slack,1.0
4072,form-to-endpoint,webhook,googleSheets,0.5
4073,morning-metrics,scheduleTrigger,googleSheets,1.0
4074,email-archiver,emailReadImap,slack,0.5
4075,rss-alert,rssFeedTrigger,slack,1.0
4076,form-to-endpoint,scheduleTrigger,httpRequest,0.5
4077,morning-metrics,webhook,googleSheets,0.5
4078,email-archiver,emailReadImap,readWriteFile,1.0
4079,rss-alert,rssFeedTrigger,slack,1.0
4080,form-to-endpoint,webhook,httpRequest,1.0
4081,morning-metrics,scheduleTrigger,googleSheets,1.0
4082,email-archiver,emailReadImap,readWriteFile,1.0
4083,rss-alert,rssFeedTrigger,slack,1.0
4084,form-to-endpoint,webhook,httpRequest,1.0
4085,morning-metrics,scheduleTrigger,googleSheets,1.0
4086,email-archiver,emailReadImap,readWriteFile,1.0
4087,rss-alert,rssFeedTrigger,slack,1.0
4088,form-to-endpoint,webhook,slack,0.5
4089,morning-metrics,scheduleTrigger,googleSheets,1.0
4090,email-archiver,emailReadImap,slack,0.5
4091,rss-alert,scheduleTrigger,slack,0.5
4092,form-to-endpoint,webhook,httpRequest,1.0
4093,morning-metrics,scheduleTrigger,googleSheets,1.0
4094,email-archiver,emailReadImap,readWriteFile,1.0
4095,rss-alert,rssFeedTrigger,slack,1.0
4096,form-to-endpoint,webhook,httpRequest,1.0
4097,morning-metrics,scheduleTrigger,googleSheets,1.0
4098,email-archiver,emailReadImap,readWriteFile,1.0
4099,rss-alert,rssFeedTrigger,httpRequest,0.5
4100,form-to-endpoint,webhook,httpRequest,1.0
4101,morning-metrics,scheduleTrigger,googleSheets,1.0
4102,email-archiver,emailReadImap,readWriteFile,1.0
4103,rss-alert,rssFeedTrigger,slack,1.0
4104,form-to-endpoint,webhook,httpRequest,1.0
4105,morning-metrics,scheduleTrigger,googleSheets,1.0
4106,email-archiver,emailReadImap,readWriteFile,1.0
4107,rss-alert,rssFeedTrigger,slack,1.0
4108,form-to-endpoint,webhook,httpRequest,1.0
4109,morning-metrics,scheduleTrigger,googleSheets,1.0
4110,email-archiver,emailReadImap,readWriteFile,1.0
4111,rss-alert,rssFeedTrigger,slack,1.0
4112,form-to-endpoint,webhook,httpRequest,1.0
4113,morning-metrics,scheduleTrigger,googleSheets,1.0
4114,email-archiver,emailReadImap,readWriteFile,1.0
4115,rss-alert,rssFeedTrigger,slack,1.0
4116,form-to-endpoint,webhook,httpRequest,1.0
4117,morning-metrics,scheduleTrigger,googleSheets,1.0
4118,email-archiver,emailReadImap,readWriteFile,1.0
4119,rss-alert,rssFeedTrigger,slack,1.0
4120,form-to-endpoint,webhook,httpRequest,1.0
4121,morning-metrics,scheduleTrigger,googleSheets,1.0
4122,email-archiver,emailReadImap,readWriteFile,1.0
4123,rss-alert,rssFeedTrigger,slack,1.0
4124,form-to-endpoint,webhook,httpRequest,1.0
4125,morning-metrics,scheduleTrigger,googleSheets,1.0
4126,email-archiver,emailReadImap,readWriteFile,1.0
4127,rss-alert,rssFeedTrigger,googleSheets,0.5
4128,form-to-endpoint,webhook,httpRequest,1.0
4129,morning-metrics,scheduleTrigger,googleSheets,1.0
4130,email-archiver,emailReadImap,readWriteFile,1.0
4131,rss-alert,rssFeedTrigger,slack,1.0
4132,form-to-endpoint,webhook,httpRequest,1.0
4133,morning-metrics,scheduleTrigger,readWriteFile,0.5
4134,email-archiver,emailReadImap,readWriteFile,1.0
4135,rss-alert,rssFeedTrigger,slack,1.0
4136,form-to-endpoint,webhook,httpRequest,1.0
4137,morning-metrics,scheduleTrigger,googleSheets,1.0
4138,email-archiver,emailReadImap,readWriteFile,1.0
4139,rss-alert,webhook,slack,0.5
4140,form-to-endpoint,webhook,httpRequest,1.0
4141,morning-metrics,scheduleTrigger,googleSheets,1.0
4142,email-archiver,emailReadImap,readWriteFile,1.0
4143,rss-alert,rssFeedTrigger,slack,1.0
4144,form-to-endpoint,webhook,httpRequest,1.0
4145,morning-metrics,scheduleTrigger,readWriteFile,0.5
4146,email-archiver,emailReadImap,readWriteFile,1.0
4147,rss-alert,rssFeedTrigger,slack,1.0
4148,form-to-endpoint,webhook,httpRequest,1.0
4149,morning-metrics,scheduleTrigger,googleSheets,1.0
4150,email-archiver,emailReadImap,readWriteFile,1.0
4151,rss-alert,rssFeedTrigger,slack,1.0
4152,form-to-endpoint,webhook,httpRequest,1.0
4153,morning-metrics,scheduleTrigger,googleSheets,1.0
4154,email-archiver,emailReadImap,readWriteFile,1.0
4155,rss-alert,rssFeedTrigger,googleSheets,0.5
4156,form-to-endpoint,webhook,httpRequest,1.0
4157,morning-metrics,scheduleTrigger,googleSheets,1.0
4158,email-archiver,emailReadImap,readWriteFile,1.0
4159,rss-alert,rssFeedTrigger,slack,1.0
4160,form-to-endpoint,webhook,slack,0.5
4161,morning-metrics,scheduleTrigger,googleSheets,1.0
4162,email-archiver,emailReadImap,readWriteFile,1.0
4163,rss-alert,rssFeedTrigger,slack,1.0
4164,form-to-endpoint,webhook,httpRequest,1.0
4165,morning-metrics,scheduleTrigger,googleSheets,1.0
4166,email-archiver,emailReadImap,readWriteFile,1.0
4167,rss-alert,rssFeedTrigger,slack,1.0
4168,form-to-endpoint,webhook,httpRequest,1.0
4169,morning-metrics,scheduleTrigger,googleSheets,1.0
4170,email-archiver,emailReadImap,readWriteFile,1.0
4171,rss-alert,rssFeedTrigger,slack,1.0
4172,form-to-endpoint,scheduleTrigger,httpRequest,0.5
4173,morning-metrics,scheduleTrigger,googleSheets,1.0
4174,email-archiver,emailReadImap,readWriteFile,1.0
4175,rss-alert,rssFeedTrigger,slack,1.0
4176,form-to-endpoint,webhook,httpRequest,1.0
4177,morning-metrics,scheduleTrigger,googleSheets,1.0
4178,email-archiver,emailReadImap,readWriteFile,1.0
4179,rss-alert,rssFeedTrigger,slack,1.0
4180,form-to-endpoint,webhook,httpRequest,1.0
4181,morning-metrics,scheduleTrigger,httpRequest,0.5
4182,email-archiver,emailReadImap,readWriteFile,1.0
4183,rss-alert,rssFeedTrigger,slack,1.0
4184,form-to-endpoint,webhook,httpRequest,1.0
4185,morning-metrics,scheduleTrigger,googleSheets,1.0
4186,email-archiver,emailReadImap,readWriteFile,1.0
4187,rss-alert,rssFeedTrigger,slack,1.0
4188,form-to-endpoint,webhook,slack,0.5
4189,morning-metrics,scheduleTrigger,googleSheets,1.0
4190,email-archiver,emailReadImap,readWriteFile,1.0
4191,rss-alert,rssFeedTrigger,readWriteFile,0.5
4192,form-to-endpoint,webhook,httpRequest,1.0
4193,morning-metrics,scheduleTrigger,googleSheets,1.0
4194,email-archiver,emailReadImap,readWriteFile,1.0
4195,rss-alert,rssFeedTrigger,slack,1.0
4196,form-to-endpoint,webhook,httpRequest,1.0
4197,morning-metrics,scheduleTrigger,googleSheets,1.0
4198,email-archiver,emailReadImap,readWriteFile,1.0
4199,rss-alert,rssFeedTrigger,slack,1.0
4200,form-to-endpoint,webhook,httpRequest,1.0
4201,morning-metrics,scheduleTrigger,googleSheets,1.0
4202,email-archiver,emailReadImap,readWriteFile,1.0
4203,rss-alert,webhook,slack,0.5
4204,form-to-endpoint,webhook,slack,0.5
4205,morning-metrics,scheduleTrigger,googleSheets,1.0
4206,email-archiver,scheduleTrigger,readWriteFile,0.5
4207,rss-alert,rssFeedTrigger,slack,1.0
4208,form-to-endpoint,webhook,httpRequest,1.0
4209,morning-metrics,scheduleTrigger,googleSheets,1.0
4210,email-archiver,emailReadImap,readWriteFile,1.0
4211,rss-alert,rssFeedTrigger,slack,1.0
4212,form-to-endpoint,webhook,httpRequest,1.0
4213,morning-metrics,scheduleTrigger,googleSheets,1.0
4214,email-archiver,emailReadImap,readWriteFile,1.0
4215,rss-alert,rssFeedTrigger,slack,1.0
4216,form-to-endpoint,webhook,httpRequest,1.0
4217,morning-metrics,scheduleTrigger,httpRequest,0.5
4218,email-archiver,emailReadImap,readWriteFile,1.0
4219,rss-alert,rssFeedTrigger,slack,1.0
4220,form-to-endpoint,webhook,httpRequest,1.0
4221,morning-metrics,scheduleTrigger,googleSheets,1.0
4222,email-archiver,rssFeedTrigger,readWriteFile,0.5
4223,rss-alert,rssFeedTrigger,readWriteFile,0.5
4224,form-to-endpoint,webhook,httpRequest,1.0
4225,morning-metrics,scheduleTrigger,googleSheets,1.0
4226,email-archiver,emailReadImap,readWriteFile,1.0
4227,rss-alert,emailReadImap,slack,0.5
4228,form-to-endpoint,webhook,httpRequest,1.0
4229,morning-metrics,scheduleTrigger,readWriteFile,0.5
4230,email-archiver,emailReadImap,readWriteFile,1.0
4231,rss-alert,rssFeedTrigger,slack,1.0
4232,form-to-endpoint,webhook,googleSheets,0.5
4233,morning-metrics,scheduleTrigger,googleSheets,1.0
4234,email-archiver,emailReadImap,slack,0.5
4235,rss-alert,rssFeedTrigger,slack,1.0
4236,form-to-endpoint,rssFeedTrigger,httpRequest,0.5
4237,morning-metrics,scheduleTrigger,googleSheets,1.0
4238,email-archiver,emailReadImap,readWriteFile,1.0
4239,rss-alert,rssFeedTrigger,slack,1.0
4240,form-to-endpoint,webhook,httpRequest,1.0
4241,morning-metrics,emailReadImap,googleSheets,0.5
4242,email-archiver,scheduleTrigger,readWriteFile,0.5
4243,rss-alert,rssFeedTrigger,slack,1.0
4244,form-to-endpoint,webhook,httpRequest,1.0
4245,morning-metrics,scheduleTrigger,googleSheets,1.0
4246,email-archiver,emailReadImap,readWriteFile,1.0
4247,rss-alert,rssFeedTrigger,slack,1.0
4248,form-to-endpoint,webhook,httpRequest,1.0
4249,morning-metrics,scheduleTrigger,googleSheets,1.0
4250,email-archiver,emailReadImap,readWriteFile,1.0
4251,rss-alert,rssFeedTrigger,slack,1.0
4252,form-to-endpoint,webhook,httpRequest,1.0
4253,morning-metrics,scheduleTrigger,googleSheets,1.0
4254,email-archiver,emailReadImap,readWriteFile,1.0
4255,rss-alert,rssFeedTrigger,slack,1.0
4256,form-to-endpoint,webhook,httpRequest,1.0
4257,morning-metrics,scheduleTrigger,googleSheets,1.0
4258,email-archiver,emailReadImap,readWriteFile,1.0
4259,rss-alert,rssFeedTrigger,slack,1.0
4260,form-to-endpoint,webhook,httpRequest,1.0
4261,morning-metrics,scheduleTrigger,googleSheets,1.0
4262,email-archiver,emailReadImap,readWriteFile,1.0
4263,rss-alert,rssFeedTrigger,slack,1.0
4264,form-to-endpoint,webhook,httpRequest,1.0
4265,morning-metrics,scheduleTrigger,slack,0.5
4266,email-archiver,emailReadImap,readWriteFile,1.0
4267,rss-alert,rssFeedTrigger,slack,1.0
4268,form-to-endpoint,webhook,httpRequest,1.0
4269,morning-metrics,emailReadImap,googleSheets,0.5
4270,email-archiver,emailReadImap,readWriteFile,1.0
4271,rss-alert,scheduleTrigger,googleSheets,0.0
4272,form-to-endpoint,webhook,httpRequest,1.0
4273,morning-metrics,scheduleTrigger,googleSheets,1.0
4274,email-archiver,emailReadImap,readWriteFile,1.0
4275,rss-alert,rssFeedTrigger,slack,1.0
4276,form-to-endpoint,webhook,httpRequest,1.0
4277,morning-metrics,emailReadImap,googleSheets,0.5
4278,email-archiver,emailReadImap,readWriteFile,1.0
4279,rss-alert,rssFeedTrigger,slack,1.0
4280,form-to-endpoint,webhook,httpRequest,1.0
4281,morning-metrics,scheduleTrigger,googleSheets,1.0
4282,email-archiver,emailReadImap,readWriteFile,1.0
4283,rss-alert,rssFeedTrigger,slack,1.0
4284,form-to-endpoint,webhook,httpRequest,1.0
4285,morning-metrics,scheduleTrigger,googleSheets,1.0
4286,email-archiver,emailReadImap,readWriteFile,1.0
4287,rss-alert,rssFeedTrigger,slack,1.0
4288,form-to-endpoint,webhook,httpRequest,1.0
4289,morning-metrics,scheduleTrigger,googleSheets,1.0
4290,email-archiver,emailReadImap,readWriteFile,1.0
4291,rss-alert,rssFeedTrigger,slack,1.0
4292,form-to-endpoint,webhook,httpRequest,1.0
4293,morning-metrics,scheduleTrigger,googleSheets,1.0
4294,email-archiver,emailReadImap,readWriteFile,1.0
4295,rss-alert,rssFeedTrigger,slack,1.0
4296,form-to-endpoint,webhook,httpRequest,1.0
4297,morning-metrics,scheduleTrigger,googleSheets,1.0
4298,email-archiver,emailReadImap,readWriteFile,1.0
4299,rss-alert,rssFeedTrigger,slack,1.0
4300,form-to-endpoint,rssFeedTrigger,httpRequest,0.5
4301,morning-metrics,scheduleTrigger,googleSheets,1.0
4302,email-archiver,emailReadImap,readWriteFile,1.0
4303,rss-alert,rssFeedTrigger,slack,1.0
4304,form-to-endpoint,webhook,httpRequest,1.0
4305,morning-metrics,scheduleTrigger,googleSheets,1.0
4306,email-archiver,emailReadImap,readWriteFile,1.0
4307,rss-alert,rssFeedTrigger,slack,1.0
4308,form-to-endpoint,webhook,httpRequest,1.0
4309,morning-metrics,rssFeedTrigger,googleSheets,0.5
4310,email-archiver,emailReadImap,readWriteFile,1.0
4311,rss-alert,rssFeedTrigger,slack,1.0
4312,form-to-endpoint,webhook,httpRequest,1.0
4313,morning-metrics,scheduleTrigger,googleSheets,1.0
4314,email-archiver,emailReadImap,readWriteFile,1.0
4315,rss-alert,scheduleTrigger,slack,0.5
4316,form-to-endpoint,webhook,httpRequest,1.0
4317,morning-metrics,scheduleTrigger,googleSheets,1.0
4318,email-archiver,emailReadImap,readWriteFile,1.0
4319,rss-alert,rssFeedTrigger,slack,1.0
4320,form-to-endpoint,webhook,httpRequest,1.0
4321,morning-metrics,scheduleTrigger,googleSheets,1.0
4322,email-archiver,emailReadImap,readWriteFile,1.0
4323,rss-alert,rssFeedTrigger,slack,1.0
4324,form-to-endpoint,webhook,httpRequest,1.0
4325,morning-metrics,scheduleTrigger,googleSheets,1.0
4326,email-archiver,emailReadImap,readWriteFile,1.0
4327,rss-alert,rssFeedTrigger,slack,1.0
4328,form-to-endpoint,webhook,httpRequest,1.0
4329,morning-metrics,scheduleTrigger,googleSheets,1.0
4330,email-archiver,emailReadImap,readWriteFile,1.0
4331,rss-alert,rssFeedTrigger,slack,1.0
4332,form-to-endpoint,webhook,httpRequest,1.0
4333,morning-metrics,scheduleTrigger,googleSheets,1.0
4334,email-archiver,rssFeedTrigger,readWriteFile,0.5
4335,rss-alert,rssFeedTrigger,googleSheets,0.5
4336,form-to-endpoint,webhook,httpRequest,1.0
4337,morning-metrics,scheduleTrigger,googleSheets,1.0
4338,email-archiver,emailReadImap,readWriteFile,1.0
4339,rss-alert,rssFeedTrigger,slack,1.0
4340,form-to-endpoint,webhook,httpRequest,1.0
4341,morning-metrics,scheduleTrigger,slack,0.5
4342,email-archiver,emailReadImap,readWriteFile,1.0
4343,rss-alert,rssFeedTrigger,slack,1.0
4344,form-to-endpoint,webhook,httpRequest,1.0
4345,morning-metrics,scheduleTrigger,googleSheets,1.0
4346,email-archiver,emailReadImap,readWriteFile,1.0
4347,rss-alert,rssFeedTrigger,slack,1.0
4348,form-to-endpoint,webhook,httpRequest,1.0
4349,morning-metrics,scheduleTrigger,googleSheets,1.0
4350,email-archiver,emailReadImap,readWriteFile,1.0
4351,rss-alert,rssFeedTrigger,googleSheets,0.5
4352,form-to-endpoint,webhook,httpRequest,1.0
4353,morning-metrics,scheduleTrigger,googleSheets,1.0
4354,email-archiver,emailReadImap,readWriteFile,1.0
4355,rss-alert,rssFeedTrigger,googleSheets,0.5
4356,form-to-endpoint,webhook,httpRequest,1.0
4357,morning-metrics,scheduleTrigger,googleSheets,1.0
4358,email-archiver,emailReadImap,readWriteFile,1.0
4359,rss-alert,rssFeedTrigger,slack,1.0
4360,form-to-endpoint,webhook,httpRequest,1.0
4361,morning-metrics,scheduleTrigger,googleSheets,1.0
4362,email-archiver,emailReadImap,readWriteFile,1.0
4363,rss-alert,rssFeedTrigger,slack,1.0
4364,form-to-endpoint,webhook,httpRequest,1.0
4365,morning-metrics,scheduleTrigger,googleSheets,1.0
4366,email-archiver,emailReadImap,readWriteFile,1.0
4367,rss-alert,rssFeedTrigger,slack,1.0
4368,form-to-endpoint,scheduleTrigger,httpRequest,0.5
4369,morning-metrics,scheduleTrigger,googleSheets,1.0
4370,email-archiver,emailReadImap,readWriteFile,1.0
4371,rss-alert,rssFeedTrigger,slack,1.0
4372,form-to-endpoint,webhook,httpRequest,1.0
4373,morning-metrics,scheduleTrigger,googleSheets,1.0
4374,email-archiver,emailReadImap,readWriteFile,1.0
4375,rss-alert,rssFeedTrigger,slack,1.0
4376,form-to-endpoint,webhook,httpRequest,1.0
4377,morning-metrics,scheduleTrigger,googleSheets,1.0
4378,email-archiver,emailReadImap,readWriteFile,1.0
4379,rss-alert,rssFeedTrigger,googleSheets,0.5
4380,form-to-endpoint,webhook,httpRequest,1.0
4381,morning-metrics,scheduleTrigger,googleSheets,1.0
4382,email-archiver,emailReadImap,readWriteFile,1.0
4383,rss-alert,rssFeedTrigger,slack,1.0
4384,form-to-endpoint,webhook,httpRequest,1.0
4385,morning-metrics,scheduleTrigger,googleSheets,1.0
4386,email-archiver,emailReadImap,readWriteFile,1.0
4387,rss-alert,rssFeedTrigger,slack,1.0
4388,form-to-endpoint,webhook,httpRequest,1.0
4389,morning-metrics,scheduleTrigger,googleSheets,1.0
4390,email-archiver,emailReadImap,readWriteFile,1.0
4391,rss-alert,emailReadImap,slack,0.5
4392,form-to-endpoint,rssFeedTrigger,httpRequest,0.5
4393,morning-metrics,scheduleTrigger,googleSheets,1.0
4394,email-archiver,emailReadImap,readWriteFile,1.0
4395,rss-alert,rssFeedTrigger,slack,1.0
4396,form-to-endpoint,webhook,httpRequest,1.0
4397,morning-metrics,rssFeedTrigger,googleSheets,0.5
4398,email-archiver,emailReadImap,readWriteFile,1.0
4399,rss-alert,rssFeedTrigger,slack,1.0
4400,form-to-endpoint,webhook,httpRequest,1.0
4401,morning-metrics,scheduleTrigger,httpRequest,0.5
4402,email-archiver,emailReadImap,readWriteFile,1.0
4403,rss-alert,rssFeedTrigger,slack,1.0
4404,form-to-endpoint,webhook,httpRequest,1.0
4405,morning-metrics,scheduleTrigger,googleSheets,1.0
4406,email-archiver,emailReadImap,httpRequest,0.5
4407,rss-alert,rssFeedTrigger,slack,1.0
4408,form-to-endpoint,rssFeedTrigger,httpRequest,0.5
4409,morning-metrics,scheduleTrigger,googleSheets,1.0
4410,email-archiver,emailReadImap,readWriteFile,1.0
4411,rss-alert,rssFeedTrigger,slack,1.0
4412,form-to-endpoint,webhook,httpRequest,1.0
4413,morning-metrics,scheduleTrigger,googleSheets,1.0
4414,email-archiver,emailReadImap,readWriteFile,1.0
4415,rss-alert,rssFeedTrigger,slack,1.0
4416,form-to-endpoint,webhook,httpRequest,1.0
4417,morning-metrics,scheduleTrigger,googleSheets,1.0
4418,email-archiver,emailReadImap,readWriteFile,1.0
4419,rss-alert,webhook,slack,0.5
4420,form-to-endpoint,webhook,httpRequest,1.0
4421,morning-metrics,scheduleTrigger,googleSheets,1.0
4422,email-archiver,emailReadImap,readWriteFile,1.0
4423,rss-alert,rssFeedTrigger,slack,1.0
4424,form-to-endpoint,webhook,httpRequest,1.0
4425,morning-metrics,scheduleTrigger,googleSheets,1.0
4426,email-archiver,emailReadImap,readWriteFile,1.0
4427,rss-alert,rssFeedTrigger,slack,1.0
4428,form-to-endpoint,webhook,httpRequest,1.0
4429,morning-metrics,scheduleTrigger,googleSheets,1.0
4430,email-archiver,emailReadImap,readWriteFile,1.0
4431,rss-alert,rssFeedTrigger,slack,1.0
4432,form-to-endpoint,webhook,httpRequest,1.0
4433,morning-metrics,scheduleTrigger,googleSheets,1.0
4434,email-archiver,emailReadImap,readWriteFile,1.0
4435,rss-alert,rssFeedTrigger,slack,1.0
4436,form-to-endpoint,webhook,httpRequest,1.0
4437,morning-metrics,scheduleTrigger,googleSheets,1.0
4438,email-archiver,emailReadImap,readWriteFile,1.0
4439,rss-alert,rssFeedTrigger,slack,1.0
4440,form-to-endpoint,webhook,httpRequest,1.0
4441,morning-metrics,scheduleTrigger,httpRequest,0.5
4442,email-archiver,emailReadImap,readWriteFile,1.0
4443,rss-alert,rssFeedTrigger,slack,1.0
4444,form-to-endpoint,webhook,httpRequest,1.0
4445,morning-metrics,scheduleTrigger,readWriteFile,0.5
4446,email-archiver,emailReadImap,readWriteFile,1.0
4447,rss-alert,rssFeedTrigger,slack,1.0
4448,form-to-endpoint,webhook,httpRequest,1.0
4449,morning-metrics,scheduleTrigger,googleSheets,1.0
4450,email-archiver,emailReadImap,readWriteFile,1.0
4451,rss-alert,rssFeedTrigger,httpRequest,0.5
4452,form-to-endpoint,webhook,httpRequest,1.0
4453,morning-metrics,scheduleTrigger,googleSheets,1.0
4454,email-archiver,emailReadImap,readWriteFile,1.0
4455,rss-alert,rssFeedTrigger,googleSheets,0.5
4456,form-to-endpoint,webhook,httpRequest,1.0
4457,morning-metrics,scheduleTrigger,googleSheets,1.0
4458,email-archiver,emailReadImap,readWriteFile,1.0
4459,rss-alert,rssFeedTrigger,slack,1.0
4460,form-to-endpoint,webhook,httpRequest,1.0
4461,morning-metrics,scheduleTrigger,googleSheets,1.0
4462,email-archiver,emailReadImap,readWriteFile,1.0
4463,rss-alert,rssFeedTrigger,slack,1.0
4464,form-to-endpoint,webhook,httpRequest,1.0
4465,morning-metrics,scheduleTrigger,googleSheets,1.0
4466,email-archiver,emailReadImap,readWriteFile,1.0
4467,rss-alert,rssFeedTrigger,slack,1.0
4468,form-to-endpoint,webhook,httpRequest,1.0
4469,morning-metrics,scheduleTrigger,googleSheets,1.0
4470,email-archiver,rssFeedTrigger,readWriteFile,0.5
4471,rss-alert,rssFeedTrigger,readWriteFile,0.5
4472,form-to-endpoint,webhook,httpRequest,1.0
4473,morning-metrics,webhook,googleSheets,0.5
4474,email-archiver,scheduleTrigger,readWriteFile,0.5
4475,rss-alert,rssFeedTrigger,slack,1.0
4476,form-to-endpoint,webhook,httpRequest,1.0
4477,morning-metrics,scheduleTrigger,googleSheets,1.0
4478,email-archiver,emailReadImap,readWriteFile,1.0
4479,rss-alert,rssFeedTrigger,slack,1.0
4480,form-to-endpoint,webhook,httpRequest,1.0
4481,morning-metrics,scheduleTrigger,googleSheets,1.0
4482,email-archiver,emailReadImap,readWriteFile,1.0
4483,rss-alert,emailReadImap,slack,0.5
4484,form-to-endpoint,webhook,httpRequest,1.0
4485,morning-metrics,scheduleTrigger,slack,0.5
4486,email-archiver,emailReadImap,readWriteFile,1.0
4487,rss-alert,rssFeedTrigger,slack,1.0
4488,form-to-endpoint,webhook,slack,0.5
4489,morning-metrics,scheduleTrigger,googleSheets,1.0
4490,email-archiver,emailReadImap,readWriteFile,1.0
4491,rss-alert,rssFeedTrigger,slack,1.0
4492,form-to-endpoint,webhook,slack,0.5
4493,morning-metrics,scheduleTrigger,googleSheets,1.0
4494,email-archiver,emailReadImap,readWriteFile,1.0
4495,rss-alert,rssFeedTrigger,slack,1.0
4496,form-to-endpoint,webhook,httpRequest,1.0
4497,morning-metrics,scheduleTrigger,googleSheets,1.0
4498,email-archiver,emailReadImap,readWriteFile,1.0
4499,rss-alert,rssFeedTrigger,slack,1.0
4500,form-to-endpoint,webhook,httpRequest,1.0
4501,morning-metrics,scheduleTrigger,googleSheets,1.0
4502,email-archiver,emailReadImap,readWriteFile,1.0
4503,rss-alert,rssFeedTrigger,slack,1.0
4504,form-to-endpoint,webhook,httpRequest,1.0
4505,morning-metrics,scheduleTrigger,googleSheets,1.0
4506,email-archiver,emailReadImap,readWriteFile,1.0
4507,rss-alert,rssFeedTrigger,slack,1.0
4508,form-to-endpoint,webhook,httpRequest,1.0
4509,morning-metrics,scheduleTrigger,googleSheets,1.0
4510,email-archiver,webhook,readWriteFile,0.5
4511,rss-alert,rssFeedTrigger,slack,1.0
4512,form-to-endpoint,webhook,googleSheets,0.5
4513,morning-metrics,scheduleTrigger,googleSheets,1.0
4514,email-archiver,emailReadImap,readWriteFile,1.0
4515,rss-alert,rssFeedTrigger,slack,1.0
4516,form-to-endpoint,webhook,httpRequest,1.0
4517,morning-metrics,scheduleTrigger,googleSheets,1.0
4518,email-archiver,emailReadImap,readWriteFile,1.0
4519,rss-alert,rssFeedTrigger,slack,1.0
4520,form-to-endpoint,webhook,httpRequest,1.0
4521,morning-metrics,scheduleTrigger,httpRequest,0.5
4522,email-archiver,emailReadImap,readWriteFile,1.0
4523,rss-alert,webhook,slack,0.5
4524,form-to-endpoint,webhook,httpRequest,1.0
4525,morning-metrics,scheduleTrigger,googleSheets,1.0
4526,email-archiver,emailReadImap,readWriteFile,1.0
4527,rss-alert,rssFeedTrigger,slack,1.0
4528,form-to-endpoint,webhook,readWriteFile,0.5
4529,morning-metrics,scheduleTrigger,googleSheets,1.0
4530,email-archiver,emailReadImap,readWriteFile,1.0
4531,rss-alert,emailReadImap,slack,0.5
4532,form-to-endpoint,webhook,httpRequest,1.0
4533,morning-metrics,scheduleTrigger,googleSheets,1.0
4534,email-archiver,emailReadImap,readWriteFile,1.0
4535,rss-alert,rssFeedTrigger,slack,1.0
4536,form-to-endpoint,webhook,httpRequest,1.0
4537,morning-metrics,scheduleTrigger,googleSheets,1.0
4538,email-archiver,emailReadImap,readWriteFile,1.0
4539,rss-alert,webhook,slack,0.5
4540,form-to-endpoint,webhook,httpRequest,1.0
4541,morning-metrics,scheduleTrigger,readWriteFile,0.5
4542,email-archiver,emailReadImap,readWriteFile,1.0
4543,rss-alert,rssFeedTrigger,slack,1.0
4544,form-to-endpoint,webhook,httpRequest,1.0
4545,morning-metrics,scheduleTrigger,googleSheets,1.0
4546,email-archiver,emailReadImap,readWriteFile,1.0
4547,rss-alert,rssFeedTrigger,slack,1.0
4548,form-to-endpoint,webhook,httpRequest,1.0
4549,morning-metrics,scheduleTrigger,googleSheets,1.0
4550,email-archiver,emailReadImap,readWriteFile,1.0
4551,rss-alert,rssFeedTrigger,slack,1.0
4552,form-to-endpoint,webhook,httpRequest,1.0
4553,morning-metrics,rssFeedTrigger,googleSheets,0.5
4554,email-archiver,emailReadImap,readWriteFile,1.0
4555,rss-alert,rssFeedTrigger,httpRequest,0.5
4556,form-to-endpoint,webhook,httpRequest,1.0
4557,morning-metrics,scheduleTrigger,googleSheets,1.0
4558,email-archiver,emailReadImap,googleSheets,0.5
4559,rss-alert,rssFeedTrigger,slack,1.0
4560,form-to-endpoint,webhook,httpRequest,1.0
4561,morning-metrics,scheduleTrigger,googleSheets,1.0
4562,email-archiver,emailReadImap,googleSheets,0.5
4563,rss-alert,rssFeedTrigger,slack,1.0
4564,form-to-endpoint,emailReadImap,httpRequest,0.5
4565,morning-metrics,emailReadImap,googleSheets,0.5
4566,email-archiver,emailReadImap,readWriteFile,1.0
4567,rss-alert,rssFeedTrigger,slack,1.0
4568,form-to-endpoint,webhook,httpRequest,1.0
4569,morning-metrics,scheduleTrigger,googleSheets,1.0
4570,email-archiver,emailReadImap,readWriteFile,1.0
4571,rss-alert,rssFeedTrigger,slack,1.0
4572,form-to-endpoint,webhook,httpRequest,1.0
4573,morning-metrics,scheduleTrigger,googleSheets,1.0
4574,email-archiver,emailReadImap,readWriteFile,1.0
4575,rss-alert,rssFeedTrigger,slack,1.0
4576,form-to-endpoint,scheduleTrigger,httpRequest,0.5
4577,morning-metrics,scheduleTrigger,googleSheets,1.0
4578,email-archiver,emailReadImap,readWriteFile,1.0
4579,rss-alert,rssFeedTrigger,slack,1.0
4580,form-to-endpoint,webhook,httpRequest,1.0
4581,morning-metrics,scheduleTrigger,googleSheets,1.0
4582,email-archiver,emailReadImap,readWriteFile,1.0
4583,rss-alert,scheduleTrigger,slack,0.5
4584,form-to-endpoint,webhook,httpRequest,1.0
4585,morning-metrics,scheduleTrigger,googleSheets,1.0
4586,email-archiver,emailReadImap,readWriteFile,1.0
4587,rss-alert,rssFeedTrigger,slack,1.0
4588,form-to-endpoint,webhook,httpRequest,1.0
4589,morning-metrics,scheduleTrigger,googleSheets,1.0
4590,email-archiver,emailReadImap,readWriteFile,1.0
4591,rss-alert,rssFeedTrigger,slack,1.0
4592,form-to-endpoint,webhook,httpRequest,1.0
4593,morning-metrics,scheduleTrigger,googleSheets,1.0
4594,email-archiver,emailReadImap,readWriteFile,1.0
4595,rss-alert,rssFeedTrigger,slack,1.0
4596,form-to-endpoint,webhook,httpRequest,1.0
4597,morning-metrics,scheduleTrigger,googleSheets,1.0
4598,email-archiver,emailReadImap,readWriteFile,1.0
4599,rss-alert,rssFeedTrigger,slack,1.0
4600,form-to-endpoint,emailReadImap,httpRequest,0.5
4601,morning-metrics,scheduleTrigger,googleSheets,1.0
4602,email-archiver,emailReadImap,readWriteFile,1.0
4603,rss-alert,rssFeedTrigger,slack,1.0
4604,form-to-endpoint,webhook,httpRequest,1.0
4605,morning-metrics,scheduleTrigger,googleSheets,1.0
4606,email-archiver,emailReadImap,readWriteFile,1.0
4607,rss-alert,rssFeedTrigger,slack,1.0
4608,form-to-endpoint,webhook,httpRequest,1.0
4609,morning-metrics,scheduleTrigger,httpRequest,0.5
4610,email-archiver,rssFeedTrigger,readWriteFile,0.5
4611,rss-alert,rssFeedTrigger,slack,1.0
4612,form-to-endpoint,webhook,httpRequest,1.0
4613,morning-metrics,scheduleTrigger,googleSheets,1.0
4614,email-archiver,emailReadImap,readWriteFile,1.0
4615,rss-alert,rssFeedTrigger,slack,1.0
4616,form-to-endpoint,webhook,readWriteFile,0.5
4617,morning-metrics,scheduleTrigger,googleSheets,1.0
4618,email-archiver,emailReadImap,readWriteFile,1.0
4619,rss-alert,rssFeedTrigger,slack,1.0
4620,form-to-endpoint,webhook,httpRequest,1.0
4621,morning-metrics,scheduleTrigger,googleSheets,1.0
4622,email-archiver,emailReadImap,readWriteFile,1.0
4623,rss-alert,rssFeedTrigger,slack,1.0
4624,form-to-endpoint,rssFeedTrigger,httpRequest,0.5
4625,morning-metrics,scheduleTrigger,googleSheets,1.0
4626,email-archiver,emailReadImap,readWriteFile,1.0
4627,rss-alert,rssFeedTrigger,slack,1.0
4628,form-to-endpoint,webhook,httpRequest,1.0
4629,morning-metrics,scheduleTrigger,googleSheets,1.0
4630,email-archiver,emailReadImap,readWriteFile,1.0
4631,rss-alert,rssFeedTrigger,slack,1.0
4632,form-to-endpoint,webhook,httpRequest,1.0
4633,morning-metrics,scheduleTrigger,googleSheets,1.0
4634,email-archiver,emailReadImap,readWriteFile,1.0
4635,rss-alert,rssFeedTrigger,slack,1.0
4636,form-to-endpoint,webhook,httpRequest,1.0
4637,morning-metrics,scheduleTrigger,googleSheets,1.0
4638,email-archiver,emailReadImap,readWriteFile,1.0
4639,rss-alert,rssFeedTrigger,slack,1.0
4640,form-to-endpoint,webhook,googleSheets,0.5
4641,morning-metrics,scheduleTrigger,googleSheets,1.0
4642,email-archiver,emailReadImap,readWriteFile,1.0
4643,rss-alert,rssFeedTrigger,slack,1.0
4644,form-to-endpoint,webhook,httpRequest,1.0
4645,morning-metrics,scheduleTrigger,googleSheets,1.0
4646,email-archiver,emailReadImap,readWriteFile,1.0
4647,rss-alert,rssFeedTrigger,slack,1.0
4648,form-to-endpoint,webhook,httpRequest,1.0
4649,morning-metrics,scheduleTrigger,googleSheets,1.0
4650,email-archiver,emailReadImap,readWriteFile,1.0
4651,rss-alert,rssFeedTrigger,googleSheets,0.5
4652,form-to-endpoint,webhook,httpRequest,1.0
4653,morning-metrics,scheduleTrigger,googleSheets,1.0
4654,email-archiver,emailReadImap,googleSheets,0.5
4655,rss-alert,rssFeedTrigger,slack,1.0
4656,form-to-endpoint,webhook,httpRequest,1.0
4657,morning-metrics,scheduleTrigger,googleSheets,1.0
4658,email-archiver,emailReadImap,readWriteFile,1.0
4659,rss-alert,rssFeedTrigger,slack,1.0
4660,form-to-endpoint,webhook,httpRequest,1.0
4661,morning-metrics,scheduleTrigger,googleSheets,1.0
4662,email-archiver,emailReadImap,readWriteFile,1.0
4663,rss-alert,rssFeedTrigger,slack,1.0
4664,form-to-endpoint,webhook,httpRequest,1.0
4665,morning-metrics,scheduleTrigger,googleSheets,1.0
4666,email-archiver,emailReadImap,readWriteFile,1.0
4667,rss-alert,emailReadImap,slack,0.5
4668,form-to-endpoint,webhook,httpRequest,1.0
4669,morning-metrics,scheduleTrigger,googleSheets,1.0
4670,email-archiver,emailReadImap,readWriteFile,1.0
4671,rss-alert,rssFeedTrigger,slack,1.0
4672,form-to-endpoint,webhook,httpRequest,1.0
4673,morning-metrics,scheduleTrigger,googleSheets,1.0
4674,email-archiver,emailReadImap,readWriteFile,1.0
4675,rss-alert,webhook,slack,0.5
4676,form-to-endpoint,webhook,httpRequest,1.0
4677,morning-metrics,scheduleTrigger,googleSheets,1.0
4678,email-archiver,emailReadImap,readWriteFile,1.0
4679,rss-alert,rssFeedTrigger,slack,1.0
4680,form-to-endpoint,emailReadImap,slack,0.0
4681,morning-metrics,scheduleTrigger,googleSheets,1.0
4682,email-archiver,emailReadImap,readWriteFile,1.0
4683,rss-alert,rssFeedTrigger,slack,1.0
4684,form-to-endpoint,webhook,httpRequest,1.0
4685,morning-metrics,scheduleTrigger,googleSheets,1.0
4686,email-archiver,emailReadImap,readWriteFile,1.0
4687,rss-alert,rssFeedTrigger,slack,1.0
4688,form-to-endpoint,webhook,httpRequest,1.0
4689,morning-metrics,scheduleTrigger,googleSheets,1.0
4690,email-archiver,emailReadImap,readWriteFile,1.0
4691,rss-alert,rssFeedTrigger,slack,1.0
4692,form-to-endpoint,webhook,httpRequest,1.0
4693,morning-metrics,scheduleTrigger,googleSheets,1.0
4694,email-archiver,emailReadImap,readWriteFile,1.0
4695,rss-alert,rssFeedTrigger,slack,1.0
4696,form-to-endpoint,webhook,httpRequest,1.0
4697,morning-metrics,scheduleTrigger,googleSheets,1.0
4698,email-archiver,emailReadImap,readWriteFile,1.0
4699,rss-alert,rssFeedTrigger,slack,1.0
4700,form-to-endpoint,webhook,httpRequest,1.0
4701,morning-metrics,scheduleTrigger,googleSheets,1.0
4702,email-archiver,emailReadImap,readWriteFile,1.0
4703,rss-alert,rssFeedTrigger,slack,1.0
4704,form-to-endpoint,scheduleTrigger,httpRequest,0.5
4705,morning-metrics,scheduleTrigger,googleSheets,1.0
4706,email-archiver,emailReadImap,readWriteFile,1.0
4707,rss-alert,rssFeedTrigger,slack,1.0
4708,form-to-endpoint,webhook,httpRequest,1.0
4709,morning-metrics,scheduleTrigger,googleSheets,1.0
4710,email-archiver,scheduleTrigger,readWriteFile,0.5
4711,rss-alert,rssFeedTrigger,slack,1.0
4712,form-to-endpoint,webhook,httpRequest,1.0
4713,morning-metrics,scheduleTrigger,googleSheets,1.0
4714,email-archiver,emailReadImap,readWriteFile,1.0
4715,rss-alert,rssFeedTrigger,slack,1.0
4716,form-to-endpoint,webhook,httpRequest,1.0
4717,morning-metrics,scheduleTrigger,googleSheets,1.0
4718,email-archiver,emailReadImap,readWriteFile,1.0
4719,rss-alert,rssFeedTrigger,slack,1.0
4720,form-to-endpoint,webhook,httpRequest,1.0
4721,morning-metrics,emailReadImap,googleSheets,0.5
4722,email-archiver,rssFeedTrigger,readWriteFile,0.5
4723,rss-alert,webhook,slack,0.5
4724,form-to-endpoint,webhook,httpRequest,1.0
4725,morning-metrics,scheduleTrigger,googleSheets,1.0
4726,email-archiver,emailReadImap,readWriteFile,1.0
4727,rss-alert,rssFeedTrigger,slack,1.0
4728,form-to-endpoint,webhook,httpRequest,1.0
4729,morning-metrics,scheduleTrigger,googleSheets,1.0
4730,email-archiver,emailReadImap,readWriteFile,1.0
4731,rss-alert,rssFeedTrigger,slack,1.0
4732,form-to-endpoint,webhook,httpRequest,1.0
4733,morning-metrics,scheduleTrigger,googleSheets,1.0
4734,email-archiver,emailReadImap,readWriteFile,1.0
4735,rss-alert,rssFeedTrigger,slack,1.0
4736,form-to-endpoint,rssFeedTrigger,httpRequest,0.5
4737,morning-metrics,scheduleTrigger,googleSheets,1.0
4738,email-archiver,emailReadImap,readWriteFile,1.0
4739,rss-alert,rssFeedTrigger,slack,1.0
4740,form-to-endpoint,webhook,httpRequest,1.0
4741,morning-metrics,scheduleTrigger,googleSheets,1.0
4742,email-archiver,emailReadImap,readWriteFile,1.0
4743,rss-alert,emailReadImap,slack,0.5
4744,form-to-endpoint,webhook,httpRequest,1.0
4745,morning-metrics,scheduleTrigger,googleSheets,1.0
4746,email-archiver,emailReadImap,readWriteFile,1.0
4747,rss-alert,rssFeedTrigger,slack,1.0
4748,form-to-endpoint,webhook,httpRequest,1.0
4749,morning-metrics,scheduleTrigger,googleSheets,1.0
4750,email-archiver,emailReadImap,readWriteFile,1.0
4751,rss-alert,rssFeedTrigger,slack,1.0
4752,form-to-endpoint,webhook,httpRequest,1.0
4753,morning-metrics,scheduleTrigger,googleSheets,1.0
4754,email-archiver,emailReadImap,readWriteFile,1.0
4755,rss-alert,rssFeedTrigger,slack,1.0
4756,form-to-endpoint,webhook,httpRequest,1.0
4757,morning-metrics,scheduleTrigger,googleSheets,1.0
4758,email-archiver,emailReadImap,readWriteFile,1.0
4759,rss-alert,emailReadImap,slack,0.5
4760,form-to-endpoint,scheduleTrigger,httpRequest,0.5
4761,morning-metrics,scheduleTrigger,googleSheets,1.0
4762,email-archiver,emailReadImap,readWriteFile,1.0
4763,rss-alert,rssFeedTrigger,slack,1.0
4764,form-to-endpoint,webhook,httpRequest,1.0
4765,morning-metrics,scheduleTrigger,googleSheets,1.0
4766,email-archiver,emailReadImap,readWriteFile,1.0
4767,rss-alert,rssFeedTrigger,slack,1.0
4768,form-to-endpoint,webhook,httpRequest,1.0
4769,morning-metrics,scheduleTrigger,googleSheets,1.0
4770,email-archiver,emailReadImap,httpRequest,0.5
4771,rss-alert,rssFeedTrigger,slack,1.0
4772,form-to-endpoint,webhook,httpRequest,1.0
4773,morning-metrics,scheduleTrigger,googleSheets,1.0
4774,email-archiver,emailReadImap,readWriteFile,1.0
4775,rss-alert,rssFeedTrigger,slack,1.0
4776,form-to-endpoint,webhook,httpRequest,1.0
4777,morning-metrics,emailReadImap,googleSheets,0.5
4778,email-archiver,emailReadImap,readWriteFile,1.0
4779,rss-alert,rssFeedTrigger,slack,1.0
4780,form-to-endpoint,webhook,httpRequest,1.0
4781,morning-metrics,scheduleTrigger,googleSheets,1.0
4782,email-archiver,emailReadImap,slack,0.5
4783,rss-alert,rssFeedTrigger,slack,1.0
4784,form-to-endpoint,webhook,httpRequest,1.0
4785,morning-metrics,scheduleTrigger,googleSheets,1.0
4786,email-archiver,emailReadImap,readWriteFile,1.0
4787,rss-alert,rssFeedTrigger,slack,1.0
4788,form-to-endpoint,webhook,httpRequest,1.0
4789,morning-metrics,scheduleTrigger,googleSheets,1.0
4790,email-archiver,emailReadImap,readWriteFile,1.0
4791,rss-alert,rssFeedTrigger,slack,1.0
4792,form-to-endpoint,scheduleTrigger,httpRequest,0.5
4793,morning-metrics,scheduleTrigger,googleSheets,1.0
4794,email-archiver,emailReadImap,readWriteFile,1.0
4795,rss-alert,rssFeedTrigger,slack,1.0
4796,form-to-endpoint,webhook,httpRequest,1.0
4797,morning-metrics,scheduleTrigger,googleSheets,1.0
4798,email-archiver,emailReadImap,readWriteFile,1.0
4799,rss-alert,rssFeedTrigger,readWriteFile,0.5
4800,form-to-endpoint,emailReadImap,httpRequest,0.5
4801,morning-metrics,scheduleTrigger,googleSheets,1.0
4802,email-archiver,emailReadImap,httpRequest,0.5
4803,rss-alert,rssFeedTrigger,slack,1.0
4804,form-to-endpoint,webhook,httpRequest,1.0
4805,morning-metrics,scheduleTrigger,googleSheets,1.0
4806,email-archiver,emailReadImap,readWriteFile,1.0
4807,rss-alert,scheduleTrigger,slack,0.5
4808,form-to-endpoint,webhook,httpRequest,1.0
4809,morning-metrics,scheduleTrigger,googleSheets,1.0
4810,email-archiver,emailReadImap,readWriteFile,1.0
4811,rss-alert,webhook,googleSheets,0.0
4812,form-to-endpoint,webhook,httpRequest,1.0
4813,morning-metrics,scheduleTrigger,googleSheets,1.0
4814,email-archiver,emailReadImap,readWriteFile,1.0
4815,rss-alert,rssFeedTrigger,slack,1.0
4816,form-to-endpoint,webhook,httpRequest,1.0
4817,morning-metrics,webhook,googleSheets,0.5
4818,email-archiver,emailReadImap,readWriteFile,1.0
4819,rss-alert,rssFeedTrigger,slack,1.0
4820,form-to-endpoint,webhook,httpRequest,1.0
4821,morning-metrics,scheduleTrigger,googleSheets,1.0
4822,email-archiver,emailReadImap,readWriteFile,1.0
4823,rss-alert,rssFeedTrigger,slack,1.0
4824,form-to-endpoint,webhook,httpRequest,1.0
4825,morning-metrics,scheduleTrigger,googleSheets,1.0
4826,email-archiver,emailReadImap,readWriteFile,1.0
4827,rss-alert,rssFeedTrigger,slack,1.0
4828,form-to-endpoint,webhook,httpRequest,1.0
4829,morning-metrics,scheduleTrigger,googleSheets,1.0
4830,email-archiver,emailReadImap,readWriteFile,1.0
4831,rss-alert,rssFeedTrigger,slack,1.0
4832,form-to-endpoint,webhook,httpRequest,1.0
4833,morning-metrics,webhook,googleSheets,0.5
4834,email-archiver,emailReadImap,readWriteFile,1.0
4835,rss-alert,rssFeedTrigger,slack,1.0
4836,form-to-endpoint,webhook,httpRequest,1.0
4837,morning-metrics,scheduleTrigger,httpRequest,0.5
4838,email-archiver,emailReadImap,readWriteFile,1.0
4839,rss-alert,rssFeedTrigger,slack,1.0
4840,form-to-endpoint,webhook,httpRequest,1.0
4841,morning-metrics,scheduleTrigger,googleSheets,1.0
4842,email-archiver,emailReadImap,readWriteFile,1.0
4843,rss-alert,rssFeedTrigger,slack,1.0
4844,form-to-endpoint,webhook,httpRequest,1.0
4845,morning-metrics,scheduleTrigger,googleSheets,1.0
4846,email-archiver,emailReadImap,readWriteFile,1.0
4847,rss-alert,rssFeedTrigger,slack,1.0
4848,form-to-endpoint,webhook,httpRequest,1.0
4849,morning-metrics,scheduleTrigger,googleSheets,1.0
4850,email-archiver,emailReadImap,httpRequest,0.5
4851,rss-alert,rssFeedTrigger,httpRequest,0.5
4852,form-to-endpoint,webhook,httpRequest,1.0
4853,morning-metrics,scheduleTrigger,googleSheets,1.0
4854,email-archiver,emailReadImap,readWriteFile,1.0
4855,rss-alert,rssFeedTrigger,slack,1.0
4856,form-to-endpoint,webhook,httpRequest,1.0
4857,morning-metrics,scheduleTrigger,googleSheets,1.0
4858,email-archiver,emailReadImap,readWriteFile,1.0
4859,rss-alert,rssFeedTrigger,slack,1.0
4860,form-to-endpoint,webhook,httpRequest,1.0
4861,morning-metrics,scheduleTrigger,googleSheets,1.0
4862,email-archiver,emailReadImap,readWriteFile,1.0
4863,rss-alert,rssFeedTrigger,slack,1.0
4864,form-to-endpoint,webhook,httpRequest,1.0
4865,morning-metrics,scheduleTrigger,googleSheets,1.0
4866,email-archiver,emailReadImap,readWriteFile,1.0
4867,rss-alert,rssFeedTrigger,slack,1.0
4868,form-to-endpoint,webhook,httpRequest,1.0
4869,morning-metrics,scheduleTrigger,googleSheets,1.0
4870,email-archiver,emailReadImap,readWriteFile,1.0
4871,rss-alert,rssFeedTrigger,slack,1.0
4872,form-to-endpoint,webhook,httpRequest,1.0
4873,morning-metrics,scheduleTrigger,googleSheets,1.0
4874,email-archiver,emailReadImap,readWriteFile,1.0
4875,rss-alert,rssFeedTrigger,slack,1.0
4876,form-to-endpoint,webhook,httpRequest,1.0
4877,morning-metrics,scheduleTrigger,googleSheets,1.0
4878,email-archiver,emailReadImap,readWriteFile,1.0
4879,rss-alert,rssFeedTrigger,slack,1.0
4880,form-to-endpoint,scheduleTrigger,httpRequest,0.5
4881,morning-metrics,scheduleTrigger,googleSheets,1.0
4882,email-archiver,emailReadImap,readWriteFile,1.0
4883,rss-alert,rssFeedTrigger,slack,1.0
4884,form-to-endpoint,webhook,httpRequest,1.0
4885,morning-metrics,scheduleTrigger,googleSheets,1.0
4886,email-archiver,emailReadImap,readWriteFile,1.0
4887,rss-alert,rssFeedTrigger,slack,1.0
4888,form-to-endpoint,webhook,httpRequest,1.0
4889,morning-metrics,scheduleTrigger,googleSheets,1.0
4890,email-archiver,emailReadImap,readWriteFile,1.0
4891,rss-alert,webhook,slack,0.5
4892,form-to-endpoint,emailReadImap,httpRequest,0.5
4893,morning-metrics,scheduleTrigger,googleSheets,1.0
4894,email-archiver,emailReadImap,readWriteFile,1.0
4895,rss-alert,rssFeedTrigger,slack,1.0
4896,form-to-endpoint,webhook,httpRequest,1.0
4897,morning-metrics,scheduleTrigger,googleSheets,1.0
4898,email-archiver,emailReadImap,readWriteFile,1.0
4899,rss-alert,rssFeedTrigger,slack,1.0
4900,form-to-endpoint,webhook,httpRequest,1.0
4901,morning-metrics,scheduleTrigger,googleSheets,1.0
4902,email-archiver,emailReadImap,readWriteFile,1.0
4903,rss-alert,rssFeedTrigger,slack,1.0
4904,form-to-endpoint,webhook,httpRequest,1.0
4905,morning-metrics,scheduleTrigger,googleSheets,1.0
4906,email-archiver,emailReadImap,readWriteFile,1.0
4907,rss-alert,rssFeedTrigger,slack,1.0
4908,form-to-endpoint,webhook,httpRequest,1.0
4909,morning-metrics,scheduleTrigger,readWriteFile,0.5
4910,email-archiver,emailReadImap,readWriteFile,1.0
4911,rss-alert,rssFeedTrigger,slack,1.0
4912,form-to-endpoint,rssFeedTrigger,httpRequest,0.5
4913,morning-metrics,scheduleTrigger,googleSheets,1.0
4914,email-archiver,rssFeedTrigger,readWriteFile,0.5
4915,rss-alert,rssFeedTrigger,slack,1.0
4916,form-to-endpoint,webhook,slack,0.5
4917,morning-metrics,scheduleTrigger,googleSheets,1.0
4918,email-archiver,emailReadImap,readWriteFile,1.0
4919,rss-alert,scheduleTrigger,googleSheets,0.0
4920,form-to-endpoint,webhook,httpRequest,1.0
4921,morning-metrics,scheduleTrigger,googleSheets,1.0
4922,email-archiver,emailReadImap,readWriteFile,1.0
4923,rss-alert,rssFeedTrigger,slack,1.0
4924,form-to-endpoint,webhook,httpRequest,1.0
4925,morning-metrics,scheduleTrigger,googleSheets,1.0
4926,email-archiver,emailReadImap,readWriteFile,1.0
4927,rss-alert,rssFeedTrigger,slack,1.0
4928,form-to-endpoint,webhook,httpRequest,1.0
4929,morning-metrics,scheduleTrigger,googleSheets,1.0
4930,email-archiver,emailReadImap,readWriteFile,1.0
4931,rss-alert,rssFeedTrigger,slack,1.0
4932,form-to-endpoint,webhook,googleSheets,0.5
4933,morning-metrics,scheduleTrigger,googleSheets,1.0
4934,email-archiver,emailReadImap,readWriteFile,1.0
4935,rss-alert,rssFeedTrigger,slack,1.0
4936,form-to-endpoint,webhook,httpRequest,1.0
4937,morning-metrics,scheduleTrigger,googleSheets,1.0
4938,email-archiver,emailReadImap,readWriteFile,1.0
4939,rss-alert,rssFeedTrigger,slack,1.0
4940,form-to-endpoint,webhook,httpRequest,1.0
4941,morning-metrics,scheduleTrigger,googleSheets,1.0
4942,email-archiver,emailReadImap,readWriteFile,1.0
4943,rss-alert,rssFeedTrigger,slack,1.0
4944,form-to-endpoint,webhook,httpRequest,1.0
4945,morning-metrics,scheduleTrigger,googleSheets,1.0
4946,email-archiver,emailReadImap,readWriteFile,1.0
4947,rss-alert,rssFeedTrigger,googleSheets,0.5
4948,form-to-endpoint,webhook,httpRequest,1.0
4949,morning-metrics,scheduleTrigger,googleSheets,1.0
4950,email-archiver,emailReadImap,readWriteFile,1.0
4951,rss-alert,rssFeedTrigger,slack,1.0
4952,form-to-endpoint,webhook,httpRequest,1.0
4953,morning-metrics,scheduleTrigger,googleSheets,1.0
4954,email-archiver,emailReadImap,readWriteFile,1.0
4955,rss-alert,rssFeedTrigger,slack,1.0
4956,form-to-endpoint,webhook,httpRequest,1.0
4957,morning-metrics,scheduleTrigger,googleSheets,1.0
4958,email-archiver,emailReadImap,googleSheets,0.5
4959,rss-alert,rssFeedTrigger,slack,1.0
4960,form-to-endpoint,webhook,httpRequest,1.0
4961,morning-metrics,scheduleTrigger,googleSheets,1.0
4962,email-archiver,emailReadImap,slack,0.5
4963,rss-alert,rssFeedTrigger,slack,1.0
4964,form-to-endpoint,emailReadImap,googleSheets,0.0
4965,morning-metrics,scheduleTrigger,googleSheets,1.0
4966,email-archiver,emailReadImap,readWriteFile,1.0
4967,rss-alert,rssFeedTrigger,slack,1.0
4968,form-to-endpoint,webhook,httpRequest,1.0
4969,morning-metrics,emailReadImap,googleSheets,0.5
4970,email-archiver,emailReadImap,readWriteFile,1.0
4971,rss-alert,emailReadImap,slack,0.5
4972,form-to-endpoint,webhook,httpRequest,1.0
4973,morning-metrics,emailReadImap,googleSheets,0.5
4974,email-archiver,emailReadImap,readWriteFile,1.0
4975,rss-alert,rssFeedTrigger,slack,1.0
4976,form-to-endpoint,webhook,httpRequest,1.0
4977,morning-metrics,scheduleTrigger,googleSheets,1.0
4978,email-archiver,emailReadImap,readWriteFile,1.0
4979,rss-alert,rssFeedTrigger,slack,1.0
4980,form-to-endpoint,webhook,httpRequest,1.0
4981,morning-metrics,scheduleTrigger,googleSheets,1.0
4982,email-archiver,emailReadImap,readWriteFile,1.0
4983,rss-alert,rssFeedTrigger,slack,1.0
4984,form-to-endpoint,webhook,httpRequest,1.0
4985,morning-metrics,scheduleTrigger,googleSheets,1.0
4986,email-archiver,emailReadImap,readWriteFile,1.0
4987,rss-alert,rssFeedTrigger,slack,1.0
4988,form-to-endpoint,webhook,httpRequest,1.0
4989,morning-metrics,scheduleTrigger,googleSheets,1.0
4990,email-archiver,emailReadImap,readWriteFile,1.0
4991,rss-alert,rssFeedTrigger,slack,1.0
4992,form-to-endpoint,webhook,httpRequest,1.0
4993,morning-metrics,scheduleTrigger,googleSheets,1.0
4994,email-archiver,emailReadImap,readWriteFile,1.0
4995,rss-alert,rssFeedTrigger,slack,1.0
4996,form-to-endpoint,webhook,httpRequest,1.0
4997,morning-metrics,scheduleTrigger,googleSheets,1.0
4998,email-archiver,emailReadImap,readWriteFile,1.0
4999,rss-alert,rssFeedTrigger,slack,1.0
5000,form-to-endpoint,webhook,httpRequest,1.0
5001,morning-metrics,scheduleTrigger,googleSheets,1.0
5002,email-archiver,emailReadImap,readWriteFile,1.0
5003,rss-alert,rssFeedTrigger,slack,1.0
5004,form-to-endpoint,webhook,httpRequest,1.0
5005,morning-metrics,scheduleTrigger,googleSheets,1.0
5006,email-archiver,emailReadImap,readWriteFile,1.0
5007,rss-alert,rssFeedTrigger,slack,1.0
5008,form-to-endpoint,webhook,httpRequest,1.0
5009,morning-metrics,scheduleTrigger,googleSheets,1.0
5010,email-archiver,emailReadImap,readWriteFile,1.0
5011,rss-alert,rssFeedTrigger,slack,1.0
5012,form-to-endpoint,webhook,httpRequest,1.0
5013,morning-metrics,scheduleTrigger,googleSheets,1.0
5014,email-archiver,emailReadImap,readWriteFile,1.0
5015,rss-alert,rssFeedTrigger,slack,1.0
5016,form-to-endpoint,webhook,httpRequest,1.0
5017,morning-metrics,scheduleTrigger,googleSheets,1.0
5018,email-archiver,emailReadImap,readWriteFile,1.0
5019,rss-alert,rssFeedTrigger,slack,1.0
5020,form-to-endpoint,emailReadImap,httpRequest,0.5
5021,morning-metrics,scheduleTrigger,slack,0.5
5022,email-archiver,emailReadImap,readWriteFile,1.0
5023,rss-alert,rssFeedTrigger,slack,1.0
5024,form-to-endpoint,webhook,httpRequest,1.0
5025,morning-metrics,scheduleTrigger,googleSheets,1.0
5026,email-archiver,emailReadImap,readWriteFile,1.0
5027,rss-alert,rssFeedTrigger,slack,1.0
5028,form-to-endpoint,scheduleTrigger,httpRequest,0.5
5029,morning-metrics,scheduleTrigger,googleSheets,1.0
5030,email-archiver,emailReadImap,readWriteFile,1.0
5031,rss-alert,rssFeedTrigger,slack,1.0
5032,form-to-endpoint,webhook,httpRequest,1.0
5033,morning-metrics,scheduleTrigger,googleSheets,1.0
5034,email-archiver,emailReadImap,readWriteFile,1.0
5035,rss-alert,rssFeedTrigger,slack,1.0
5036,form-to-endpoint,webhook,httpRequest,1.0
5037,morning-metrics,scheduleTrigger,googleSheets,1.0
5038,email-archiver,emailReadImap,readWriteFile,1.0
5039,rss-alert,rssFeedTrigger,slack,1.0
5040,form-to-endpoint,webhook,httpRequest,1.0
5041,morning-metrics,scheduleTrigger,googleSheets,1.0
5042,email-archiver,emailReadImap,readWriteFile,1.0
5043,rss-alert,rssFeedTrigger,slack,1.0
5044,form-to-endpoint,webhook,httpRequest,1.0
5045,morning-metrics,scheduleTrigger,googleSheets,1.0
5046,email-archiver,emailReadImap,readWriteFile,1.0
5047,rss-alert,rssFeedTrigger,slack,1.0
5048,form-to-endpoint,webhook,readWriteFile,0.5
5049,morning-metrics,scheduleTrigger,googleSheets,1.0
5050,email-archiver,emailReadImap,readWriteFile,1.0
5051,rss-alert,rssFeedTrigger,slack,1.0
5052,form-to-endpoint,webhook,httpRequest,1.0
5053,morning-metrics,scheduleTrigger,googleSheets,1.0
5054,email-archiver,webhook,readWriteFile,0.5
5055,rss-alert,rssFeedTrigger,slack,1.0
5056,form-to-endpoint,emailReadImap,httpRequest,0.5
5057,morning-metrics,scheduleTrigger,googleSheets,1.0
5058,email-archiver,emailReadImap,readWriteFile,1.0
5059,rss-alert,rssFeedTrigger,slack,1.0
5060,form-to-endpoint,webhook,httpRequest,1.0
5061,morning-metrics,scheduleTrigger,googleSheets,1.0
5062,email-archiver,emailReadImap,readWriteFile,1.0
5063,rss-alert,rssFeedTrigger,slack,1.0
5064,form-to-endpoint,webhook,httpRequest,1.0
5065,morning-metrics,scheduleTrigger,googleSheets,1.0
5066,email-archiver,emailReadImap,slack,0.5
5067,rss-alert,rssFeedTrigger,slack,1.0
5068,form-to-endpoint,webhook,httpRequest,1.0
5069,morning-metrics,webhook,googleSheets,0.5
5070,email-archiver,emailReadImap,readWriteFile,1.0
5071,rss-alert,scheduleTrigger,slack,0.5
5072,form-to-endpoint,webhook,httpRequest,1.0
5073,morning-metrics,scheduleTrigger,googleSheets,1.0
5074,email-archiver,emailReadImap,readWriteFile,1.0
5075,rss-alert,rssFeedTrigger,slack,1.0
5076,form-to-endpoint,webhook,httpRequest,1.0
5077,morning-metrics,scheduleTrigger,googleSheets,1.0
5078,email-archiver,emailReadImap,readWriteFile,1.0
5079,rss-alert,rssFeedTrigger,slack,1.0
5080,form-to-endpoint,webhook,httpRequest,1.0
5081,morning-metrics,scheduleTrigger,googleSheets,1.0
5082,email-archiver,emailReadImap,readWriteFile,1.0
5083,rss-alert,rssFeedTrigger,slack,1.0
5084,form-to-endpoint,webhook,httpRequest,1.0
5085,morning-metrics,scheduleTrigger,googleSheets,1.0
5086,email-archiver,emailReadImap,readWriteFile,1.0
5087,rss-alert,rssFeedTrigger,slack,1.0
5088,form-to-endpoint,webhook,httpRequest,1.0
5089,morning-metrics,scheduleTrigger,googleSheets,1.0
5090,email-archiver,emailReadImap,readWriteFile,1.0
5091,rss-alert,emailReadImap,slack,0.5
5092,form-to-endpoint,webhook,httpRequest,1.0
5093,morning-metrics,scheduleTrigger,googleSheets,1.0
5094,email-archiver,emailReadImap,readWriteFile,1.0
5095,rss-alert,rssFeedTrigger,slack,1.0
5096,form-to-endpoint,webhook,httpRequest,1.0
5097,morning-metrics,webhook,googleSheets,0.5
5098,email-archiver,emailReadImap,readWriteFile,1.0
5099,rss-alert,rssFeedTrigger,slack,1.0
5100,form-to-endpoint,webhook,httpRequest,1.0
5101,morning-metrics,scheduleTrigger,googleSheets,1.0
5102,email-archiver,emailReadImap,httpRequest,0.5
5103,rss-alert,rssFeedTrigger,slack,1.0
5104,form-to-endpoint,webhook,httpRequest,1.0
5105,morning-metrics,scheduleTrigger,googleSheets,1.0
5106,email-archiver,emailReadImap,readWriteFile,1.0
5107,rss-alert,rssFeedTrigger,slack,1.0
5108,form-to-endpoint,webhook,readWriteFile,0.5
5109,morning-metrics,scheduleTrigger,googleSheets,1.0
5110,email-archiver,emailReadImap,readWriteFile,1.0
5111,rss-alert,rssFeedTrigger,slack,1.0
5112,form-to-endpoint,webhook,httpRequest,1.0
5113,morning-metrics,emailReadImap,googleSheets,0.5
5114,email-archiver,emailReadImap,readWriteFile,1.0
5115,rss-alert,rssFeedTrigger,slack,1.0
5116,form-to-endpoint,webhook,httpRequest,1.0
5117,morning-metrics,scheduleTrigger,googleSheets,1.0
5118,email-archiver,emailReadImap,readWriteFile,1.0
5119,rss-alert,rssFeedTrigger,slack,1.0
5120,form-to-endpoint,webhook,httpRequest,1.0
5121,morning-metrics,scheduleTrigger,googleSheets,1.0
5122,email-archiver,emailReadImap,readWriteFile,1.0
5123,rss-alert,rssFeedTrigger,slack,1.0
5124,form-to-endpoint,webhook,slack,0.5
5125,morning-metrics,scheduleTrigger,googleSheets,1.0
5126,email-archiver,scheduleTrigger,readWriteFile,0.5
5127,rss-alert,rssFeedTrigger,slack,1.0
5128,form-to-endpoint,webhook,httpRequest,1.0
5129,morning-metrics,scheduleTrigger,googleSheets,1.0
5130,email-archiver,emailReadImap,readWriteFile,1.0
5131,rss-alert,rssFeedTrigger,slack,1.0
5132,form-to-endpoint,scheduleTrigger,httpRequest,0.5
5133,morning-metrics,scheduleTrigger,googleSheets,1.0
5134,email-archiver,emailReadImap,readWriteFile,1.0
5135,rss-alert,rssFeedTrigger,slack,1.0
5136,form-to-endpoint,webhook,httpRequest,1.0
5137,morning-metrics,scheduleTrigger,googleSheets,1.0
5138,email-archiver,emailReadImap,readWriteFile,1.0
5139,rss-alert,rssFeedTrigger,slack,1.0
5140,form-to-endpoint,webhook,httpRequest,1.0
5141,morning-metrics,scheduleTrigger,googleSheets,1.0
5142,email-archiver,emailReadImap,readWriteFile,1.0
5143,rss-alert,rssFeedTrigger,slack,1.0
5144,form-to-endpoint,webhook,httpRequest,1.0
5145,morning-metrics,emailReadImap,googleSheets,0.5
5146,email-archiver,emailReadImap,readWriteFile,1.0
5147,rss-alert,rssFeedTrigger,slack,1.0
5148,form-to-endpoint,webhook,httpRequest,1.0
5149,morning-metrics,webhook,googleSheets,0.5
5150,email-archiver,emailReadImap,readWriteFile,1.0
5151,rss-alert,rssFeedTrigger,slack,1.0
5152,form-to-endpoint,webhook,httpRequest,1.0
5153,morning-metrics,scheduleTrigger,googleSheets,1.0
5154,email-archiver,emailReadImap,httpRequest,0.5
5155,rss-alert,rssFeedTrigger,slack,1.0
5156,form-to-endpoint,webhook,httpRequest,1.0
5157,morning-metrics,scheduleTrigger,googleSheets,1.0
5158,email-archiver,emailReadImap,readWriteFile,1.0
5159,rss-alert,rssFeedTrigger,slack,1.0
5160,form-to-endpoint,webhook,httpRequest,1.0
5161,morning-metrics,scheduleTrigger,googleSheets,1.0
5162,email-archiver,emailReadImap,readWriteFile,1.0
5163,rss-alert,rssFeedTrigger,slack,1.0
5164,form-to-endpoint,webhook,httpRequest,1.0
5165,morning-metrics,scheduleTrigger,googleSheets,1.0
5166,email-archiver,emailReadImap,readWriteFile,1.0
5167,rss-alert,rssFeedTrigger,httpRequest,0.5
5168,form-to-endpoint,webhook,httpRequest,1.0
5169,morning-metrics,scheduleTrigger,googleSheets,1.0
5170,email-archiver,emailReadImap,readWriteFile,1.0
5171,rss-alert,rssFeedTrigger,slack,1.0
5172,form-to-endpoint,webhook,googleSheets,0.5
5173,morning-metrics,webhook,googleSheets,0.5
5174,email-archiver,emailReadImap,readWriteFile,1.0
5175,rss-alert,rssFeedTrigger,slack,1.0
5176,form-to-endpoint,webhook,httpRequest,1.0
5177,morning-metrics,scheduleTrigger,googleSheets,1.0
5178,email-archiver,emailReadImap,readWriteFile,1.0
5179,rss-alert,rssFeedTrigger,slack,1.0
5180,form-to-endpoint,webhook,httpRequest,1.0
5181,morning-metrics,scheduleTrigger,googleSheets,1.0
5182,email-archiver,emailReadImap,readWriteFile,1.0
5183,rss-alert,rssFeedTrigger,slack,1.0
5184,form-to-endpoint,webhook,httpRequest,1.0
5185,morning-metrics,scheduleTrigger,googleSheets,1.0
5186,email-archiver,emailReadImap,readWriteFile,1.0
5187,rss-alert,rssFeedTrigger,slack,1.0
5188,form-to-endpoint,webhook,httpRequest,1.0
5189,morning-metrics,scheduleTrigger,readWriteFile,0.5
5190,email-archiver,emailReadImap,readWriteFile,1.0
5191,rss-alert,rssFeedTrigger,slack,1.0
5192,form-to-endpoint,webhook,httpRequest,1.0
5193,morning-metrics,scheduleTrigger,googleSheets,1.0
5194,email-archiver,emailReadImap,readWriteFile,1.0
5195,rss-alert,rssFeedTrigger,slack,1.0
5196,form-to-endpoint,webhook,httpRequest,1.0
5197,morning-metrics,scheduleTrigger,googleSheets,1.0
5198,email-archiver,emailReadImap,readWriteFile,1.0
5199,rss-alert,rssFeedTrigger,slack,1.0
5200,form-to-endpoint,webhook,httpRequest,1.0
5201,morning-metrics,scheduleTrigger,googleSheets,1.0
5202,email-archiver,emailReadImap,readWriteFile,1.0
5203,rss-alert,rssFeedTrigger,slack,1.0
5204,form-to-endpoint,webhook,httpRequest,1.0
5205,morning-metrics,scheduleTrigger,googleSheets,1.0
5206,email-archiver,rssFeedTrigger,readWriteFile,0.5
5207,rss-alert,rssFeedTrigger,slack,1.0
5208,form-to-endpoint,webhook,slack,0.5
5209,morning-metrics,scheduleTrigger,googleSheets,1.0
5210,email-archiver,emailReadImap,readWriteFile,1.0
5211,rss-alert,rssFeedTrigger,slack,1.0
5212,form-to-endpoint,webhook,httpRequest,1.0
5213,morning-metrics,scheduleTrigger,googleSheets,1.0
5214,email-archiver,emailReadImap,readWriteFile,1.0
5215,rss-alert,rssFeedTrigger,slack,1.0
5216,form-to-endpoint,webhook,httpRequest,1.0
5217,morning-metrics,scheduleTrigger,googleSheets,1.0
5218,email-archiver,emailReadImap,readWriteFile,1.0
5219,rss-alert,rssFeedTrigger,slack,1.0
5220,form-to-endpoint,webhook,httpRequest,1.0
5221,morning-metrics,rssFeedTrigger,googleSheets,0.5
5222,email-archiver,emailReadImap,httpRequest,0.5
5223,rss-alert,rssFeedTrigger,readWriteFile,0.5
5224,form-to-endpoint,webhook,httpRequest,1.0
5225,morning-metrics,scheduleTrigger,googleSheets,1.0
5226,email-archiver,emailReadImap,readWriteFile,1.0
5227,rss-alert,rssFeedTrigger,slack,1.0
5228,form-to-endpoint,webhook,httpRequest,1.0
5229,morning-metrics,scheduleTrigger,googleSheets,1.0
5230,email-archiver,emailReadImap,readWriteFile,1.0
5231,rss-alert,rssFeedTrigger,slack,1.0
5232,form-to-endpoint,webhook,httpRequest,1.0
5233,morning-metrics,scheduleTrigger,googleSheets,1.0
5234,email-archiver,rssFeedTrigger,readWriteFile,0.5
5235,rss-alert,rssFeedTrigger,slack,1.0
5236,form-to-endpoint,webhook,httpRequest,1.0
5237,morning-metrics,scheduleTrigger,slack,0.5
5238,email-archiver,rssFeedTrigger,readWriteFile,0.5
5239,rss-alert,rssFeedTrigger,slack,1.0
5240,form-to-endpoint,webhook,httpRequest,1.0
5241,morning-metrics,scheduleTrigger,googleSheets,1.0
5242,email-archiver,emailReadImap,readWriteFile,1.0
5243,rss-alert,rssFeedTrigger,slack,1.0
5244,form-to-endpoint,webhook,httpRequest,1.0
5245,morning-metrics,scheduleTrigger,googleSheets,1.0
5246,email-archiver,emailReadImap,httpRequest,0.5
5247,rss-alert,rssFeedTrigger,slack,1.0
5248,form-to-endpoint,webhook,googleSheets,0.5
5249,morning-metrics,scheduleTrigger,googleSheets,1.0
5250,email-archiver,emailReadImap,readWriteFile,1.0
5251,rss-alert,rssFeedTrigger,slack,1.0
5252,form-to-endpoint,webhook,httpRequest,1.0
5253,morning-metrics,scheduleTrigger,googleSheets,1.0
5254,email-archiver,emailReadImap,readWriteFile,1.0
5255,rss-alert,rssFeedTrigger,slack,1.0
5256,form-to-endpoint,webhook,httpRequest,1.0
5257,morning-metrics,scheduleTrigger,googleSheets,1.0
5258,email-archiver,emailReadImap,readWriteFile,1.0
5259,rss-alert,rssFeedTrigger,slack,1.0
5260,form-to-endpoint,webhook,httpRequest,1.0
5261,morning-metrics,scheduleTrigger,googleSheets,1.0
5262,email-archiver,emailReadImap,readWriteFile,1.0
5263,rss-alert,rssFeedTrigger,slack,1.0
5264,form-to-endpoint,webhook,httpRequest,1.0
5265,morning-metrics,scheduleTrigger,googleSheets,1.0
5266,email-archiver,emailReadImap,readWriteFile,1.0
5267,rss-alert,rssFeedTrigger,slack,1.0
5268,form-to-endpoint,webhook,httpRequest,1.0
5269,morning-metrics,rssFeedTrigger,googleSheets,0.5
5270,email-archiver,emailReadImap,readWriteFile,1.0
5271,rss-alert,rssFeedTrigger,slack,1.0
5272,form-to-endpoint,webhook,httpRequest,1.0
5273,morning-metrics,scheduleTrigger,googleSheets,1.0
5274,email-archiver,emailReadImap,readWriteFile,1.0
5275,rss-alert,emailReadImap,slack,0.5
5276,form-to-endpoint,webhook,httpRequest,1.0
5277,morning-metrics,scheduleTrigger,googleSheets,1.0
5278,email-archiver,emailReadImap,readWriteFile,1.0
5279,rss-alert,rssFeedTrigger,slack,1.0
5280,form-to-endpoint,webhook,httpRequest,1.0
5281,morning-metrics,scheduleTrigger,slack,0.5
5282,email-archiver,emailReadImap,readWriteFile,1.0
5283,rss-alert,rssFeedTrigger,slack,1.0
5284,form-to-endpoint,webhook,httpRequest,1.0
5285,morning-metrics,scheduleTrigger,googleSheets,1.0
5286,email-archiver,emailReadImap,readWriteFile,1.0
5287,rss-alert,rssFeedTrigger,slack,1.0
5288,form-to-endpoint,webhook,httpRequest,1.0
5289,morning-metrics,scheduleTrigger,slack,0.5
5290,email-archiver,emailReadImap,readWriteFile,1.0
5291,rss-alert,rssFeedTrigger,httpRequest,0.5
5292,form-to-endpoint,emailReadImap,readWriteFile,0.0
5293,morning-metrics,scheduleTrigger,googleSheets,1.0
5294,email-archiver,emailReadImap,readWriteFile,1.0
5295,rss-alert,webhook,slack,0.5
5296,form-to-endpoint,webhook,readWriteFile,0.5
5297,morning-metrics,scheduleTrigger,googleSheets,1.0
5298,email-archiver,emailReadImap,readWriteFile,1.0
5299,rss-alert,scheduleTrigger,slack,0.5
5300,form-to-endpoint,webhook,httpRequest,1.0
5301,morning-metrics,scheduleTrigger,googleSheets,1.0
5302,email-archiver,emailReadImap,readWriteFile,1.0
5303,rss-alert,scheduleTrigger,slack,0.5
5304,form-to-endpoint,webhook,httpRequest,1.0
5305,morning-metrics,scheduleTrigger,googleSheets,1.0
5306,email-archiver,emailReadImap,readWriteFile,1.0
5307,rss-alert,rssFeedTrigger,slack,1.0
5308,form-to-endpoint,webhook,httpRequest,1.0
5309,morning-metrics,scheduleTrigger,googleSheets,1.0
5310,email-archiver,emailReadImap,readWriteFile,1.0
5311,rss-alert,rssFeedTrigger,slack,1.0
5312,form-to-endpoint,webhook,httpRequest,1.0
5313,morning-metrics,emailReadImap,readWriteFile,0.0
5314,email-archiver,emailReadImap,readWriteFile,1.0
5315,rss-alert,rssFeedTrigger,slack,1.0
5316,form-to-endpoint,webhook,slack,0.5
5317,morning-metrics,scheduleTrigger,googleSheets,1.0
5318,email-archiver,emailReadImap,readWriteFile,1.0
5319,rss-alert,rssFeedTrigger,readWriteFile,0.5
5320,form-to-endpoint,webhook,httpRequest,1.0
5321,morning-metrics,scheduleTrigger,googleSheets,1.0
5322,email-archiver,emailReadImap,readWriteFile,1.0
5323,rss-alert,rssFeedTrigger,slack,1.0
5324,form-to-endpoint,webhook,httpRequest,1.0
5325,morning-metrics,scheduleTrigger,googleSheets,1.0
5326,email-archiver,webhook,readWriteFile,0.5
5327,rss-alert,rssFeedTrigger,slack,1.0
5328,form-to-endpoint,webhook,httpRequest,1.0
5329,morning-metrics,scheduleTrigger,googleSheets,1.0
5330,email-archiver,emailReadImap,googleSheets,0.5
5331,rss-alert,rssFeedTrigger,slack,1.0
5332,form-to-endpoint,webhook,httpRequest,1.0
5333,morning-metrics,scheduleTrigger,googleSheets,1.0
5334,email-archiver,emailReadImap,readWriteFile,1.0
5335,rss-alert,rssFeedTrigger,slack,1.0
5336,form-to-endpoint,webhook,httpRequest,1.0
5337,morning-metrics,scheduleTrigger,googleSheets,1.0
5338,email-archiver,emailReadImap,readWriteFile,1.0
5339,rss-alert,rssFeedTrigger,slack,1.0
5340,form-to-endpoint,webhook,httpRequest,1.0
5341,morning-metrics,scheduleTrigger,googleSheets,1.0
5342,email-archiver,emailReadImap,readWriteFile,1.0
5343,rss-alert,rssFeedTrigger,slack,1.0
5344,form-to-endpoint,emailReadImap,httpRequest,0.5
5345,morning-metrics,scheduleTrigger,googleSheets,1.0
5346,email-archiver,emailReadImap,readWriteFile,1.0
5347,rss-alert,rssFeedTrigger,slack,1.0
5348,form-to-endpoint,webhook,httpRequest,1.0
5349,morning-metrics,scheduleTrigger,googleSheets,1.0
5350,email-archiver,emailReadImap,readWriteFile,1.0
5351,rss-alert,rssFeedTrigger,slack,1.0
5352,form-to-endpoint,webhook,httpRequest,1.0
5353,morning-metrics,scheduleTrigger,googleSheets,1.0
5354,email-archiver,emailReadImap,readWriteFile,1.0
5355,rss-alert,rssFeedTrigger,slack,1.0
5356,form-to-endpoint,webhook,httpRequest,1.0
5357,morning-metrics,scheduleTrigger,googleSheets,1.0
5358,email-archiver,emailReadImap,httpRequest,0.5
5359,rss-alert,rssFeedTrigger,readWriteFile,0.5
5360,form-to-endpoint,webhook,httpRequest,1.0
5361,morning-metrics,scheduleTrigger,googleSheets,1.0
5362,email-archiver,emailReadImap,readWriteFile,1.0
5363,rss-alert,rssFeedTrigger,slack,1.0
5364,form-to-endpoint,webhook,httpRequest,1.0
5365,morning-metrics,scheduleTrigger,googleSheets,1.0
5366,email-archiver,webhook,readWriteFile,0.5
5367,rss-alert,rssFeedTrigger,slack,1.0
5368,form-to-endpoint,webhook,httpRequest,1.0
5369,morning-metrics,scheduleTrigger,readWriteFile,0.5
5370,email-archiver,emailReadImap,readWriteFile,1.0
5371,rss-alert,rssFeedTrigger,slack,1.0
5372,form-to-endpoint,webhook,httpRequest,1.0
5373,morning-metrics,scheduleTrigger,googleSheets,1.0
5374,email-archiver,emailReadImap,readWriteFile,1.0
5375,rss-alert,rssFeedTrigger,slack,1.0
5376,form-to-endpoint,webhook,httpRequest,1.0
5377,morning-metrics,scheduleTrigger,googleSheets,1.0
5378,email-archiver,emailReadImap,slack,0.5
5379,rss-alert,rssFeedTrigger,readWriteFile,0.5
5380,form-to-endpoint,webhook,httpRequest,1.0
5381,morning-metrics,scheduleTrigger,googleSheets,1.0
5382,email-archiver,emailReadImap,readWriteFile,1.0
5383,rss-alert,rssFeedTrigger,slack,1.0
5384,form-to-endpoint,webhook,httpRequest,1.0
5385,morning-metrics,scheduleTrigger,googleSheets,1.0
5386,email-archiver,emailReadImap,readWriteFile,1.0
5387,rss-alert,rssFeedTrigger,googleSheets,0.5
5388,form-to-endpoint,webhook,httpRequest,1.0
5389,morning-metrics,scheduleTrigger,googleSheets,1.0
5390,email-archiver,emailReadImap,readWriteFile,1.0
5391,rss-alert,rssFeedTrigger,slack,1.0
5392,form-to-endpoint,webhook,httpRequest,1.0
5393,morning-metrics,scheduleTrigger,googleSheets,1.0
5394,email-archiver,emailReadImap,readWriteFile,1.0
5395,rss-alert,rssFeedTrigger,slack,1.0
5396,form-to-endpoint,emailReadImap,httpRequest,0.5
5397,morning-metrics,scheduleTrigger,googleSheets,1.0
5398,email-archiver,emailReadImap,readWriteFile,1.0
5399,rss-alert,rssFeedTrigger,slack,1.0
5400,form-to-endpoint,webhook,httpRequest,1.0
5401,morning-metrics,scheduleTrigger,googleSheets,1.0
5402,email-archiver,emailReadImap,slack,0.5
5403,rss-alert,rssFeedTrigger,slack,1.0
5404,form-to-endpoint,webhook,httpRequest,1.0
5405,morning-metrics,scheduleTrigger,googleSheets,1.0
5406,email-archiver,emailReadImap,readWriteFile,1.0
5407,rss-alert,rssFeedTrigger,slack,1.0
5408,form-to-endpoint,webhook,httpRequest,1.0
5409,morning-metrics,scheduleTrigger,googleSheets,1.0
5410,email-archiver,emailReadImap,readWriteFile,1.0
5411,rss-alert,rssFeedTrigger,slack,1.0
5412,form-to-endpoint,webhook,httpRequest,1.0
5413,morning-metrics,scheduleTrigger,googleSheets,1.0
5414,email-archiver,emailReadImap,readWriteFile,1.0
5415,rss-alert,rssFeedTrigger,slack,1.0
5416,form-to-endpoint,webhook,httpRequest,1.0
5417,morning-metrics,scheduleTrigger,googleSheets,1.0
5418,email-archiver,emailReadImap,httpRequest,0.5
5419,rss-alert,rssFeedTrigger,slack,1.0
5420,form-to-endpoint,webhook,httpRequest,1.0
5421,morning-metrics,scheduleTrigger,googleSheets,1.0
5422,email-archiver,emailReadImap,readWriteFile,1.0
5423,rss-alert,rssFeedTrigger,slack,1.0
5424,form-to-endpoint,webhook,httpRequest,1.0
5425,morning-metrics,scheduleTrigger,googleSheets,1.0
5426,email-archiver,emailReadImap,readWriteFile,1.0
5427,rss-alert,rssFeedTrigger,slack,1.0
5428,form-to-endpoint,webhook,httpRequest,1.0
5429,morning-metrics,scheduleTrigger,googleSheets,1.0
5430,email-archiver,emailReadImap,readWriteFile,1.0
5431,rss-alert,rssFeedTrigger,slack,1.0
5432,form-to-endpoint,webhook,httpRequest,1.0
5433,morning-metrics,scheduleTrigger,googleSheets,1.0
5434,email-archiver,webhook,readWriteFile,0.5
5435,rss-alert,rssFeedTrigger,slack,1.0
5436,form-to-endpoint,webhook,httpRequest,1.0
5437,morning-metrics,scheduleTrigger,googleSheets,1.0
5438,email-archiver,emailReadImap,readWriteFile,1.0
5439,rss-alert,rssFeedTrigger,slack,1.0
5440,form-to-endpoint,webhook,httpRequest,1.0
5441,morning-metrics,scheduleTrigger,googleSheets,1.0
5442,email-archiver,emailReadImap,readWriteFile,1.0
5443,rss-alert,rssFeedTrigger,slack,1.0
5444,form-to-endpoint,webhook,httpRequest,1.0
5445,morning-metrics,scheduleTrigger,googleSheets,1.0
5446,email-archiver,webhook,readWriteFile,0.5
5447,rss-alert,rssFeedTrigger,slack,1.0
5448,form-to-endpoint,rssFeedTrigger,readWriteFile,0.0
5449,morning-metrics,scheduleTrigger,googleSheets,1.0
5450,email-archiver,emailReadImap,readWriteFile,1.0
5451,rss-alert,rssFeedTrigger,slack,1.0
5452,form-to-endpoint,webhook,httpRequest,1.0
5453,morning-metrics,scheduleTrigger,googleSheets,1.0
5454,email-archiver,emailReadImap,readWriteFile,1.0
5455,rss-alert,rssFeedTrigger,slack,1.0
5456,form-to-endpoint,webhook,httpRequest,1.0
5457,morning-metrics,scheduleTrigger,googleSheets,1.0
5458,email-archiver,emailReadImap,readWriteFile,1.0
5459,rss-alert,rssFeedTrigger,slack,1.0
5460,form-to-endpoint,webhook,httpRequest,1.0
5461,morning-metrics,scheduleTrigger,googleSheets,1.0
5462,email-archiver,emailReadImap,readWriteFile,1.0
5463,rss-alert,rssFeedTrigger,slack,1.0
5464,form-to-endpoint,webhook,httpRequest,1.0
5465,morning-metrics,scheduleTrigger,googleSheets,1.0
5466,email-archiver,emailReadImap,readWriteFile,1.0
5467,rss-alert,rssFeedTrigger,slack,1.0
5468,form-to-endpoint,webhook,httpRequest,1.0
5469,morning-metrics,scheduleTrigger,googleSheets,1.0
5470,email-archiver,emailReadImap,httpRequest,0.5
5471,rss-alert,rssFeedTrigger,slack,1.0
5472,form-to-endpoint,webhook,httpRequest,1.0
5473,morning-metrics,scheduleTrigger,googleSheets,1.0
5474,email-archiver,emailReadImap,readWriteFile,1.0
5475,rss-alert,rssFeedTrigger,slack,1.0
5476,form-to-endpoint,webhook,httpRequest,1.0
5477,morning-metrics,scheduleTrigger,googleSheets,1.0
5478,email-archiver,emailReadImap,readWriteFile,1.0
5479,rss-alert,rssFeedTrigger,slack,1.0
5480,form-to-endpoint,webhook,httpRequest,1.0
5481,morning-metrics,scheduleTrigger,googleSheets,1.0
5482,email-archiver,emailReadImap,readWriteFile,1.0
5483,rss-alert,rssFeedTrigger,googleSheets,0.5
5484,form-to-endpoint,webhook,httpRequest,1.0
5485,morning-metrics,scheduleTrigger,googleSheets,1.0
5486,email-archiver,scheduleTrigger,readWriteFile,0.5
5487,rss-alert,rssFeedTrigger,slack,1.0
5488,form-to-endpoint,webhook,httpRequest,1.0
5489,morning-metrics,scheduleTrigger,googleSheets,1.0
5490,email-archiver,emailReadImap,readWriteFile,1.0
5491,rss-alert,rssFeedTrigger,slack,1.0
5492,form-to-endpoint,webhook,httpRequest,1.0
5493,morning-metrics,scheduleTrigger,googleSheets,1.0
5494,email-archiver,emailReadImap,readWriteFile,1.0
5495,rss-alert,webhook,slack,0.5
5496,form-to-endpoint,webhook,httpRequest,1.0
5497,morning-metrics,scheduleTrigger,googleSheets,1.0
5498,email-archiver,emailReadImap,slack,0.5
5499,rss-alert,rssFeedTrigger,slack,1.0
5500,form-to-endpoint,rssFeedTrigger,httpRequest,0.5
5501,morning-metrics,scheduleTrigger,googleSheets,1.0
5502,email-archiver,emailReadImap,readWriteFile,1.0
5503,rss-alert,rssFeedTrigger,slack,1.0
5504,form-to-endpoint,webhook,httpRequest,1.0
5505,morning-metrics,webhook,googleSheets,0.5
5506,email-archiver,emailReadImap,readWriteFile,1.0
5507,rss-alert,rssFeedTrigger,slack,1.0
5508,form-to-endpoint,webhook,httpRequest,1.0
5509,morning-metrics,scheduleTrigger,readWriteFile,0.5
5510,email-archiver,emailReadImap,googleSheets,0.5
5511,rss-alert,webhook,httpRequest,0.0
5512,form-to-endpoint,webhook,httpRequest,1.0
5513,morning-metrics,scheduleTrigger,googleSheets,1.0
5514,email-archiver,emailReadImap,readWriteFile,1.0
5515,rss-alert,rssFeedTrigger,slack,1.0
5516,form-to-endpoint,scheduleTrigger,httpRequest,0.5
5517,morning-metrics,scheduleTrigger,googleSheets,1.0
5518,email-archiver,emailReadImap,readWriteFile,1.0
5519,rss-alert,rssFeedTrigger,slack,1.0
5520,form-to-endpoint,webhook,httpRequest,1.0
5521,morning-metrics,webhook,googleSheets,0.5
5522,email-archiver,emailReadImap,readWriteFile,1.0
5523,rss-alert,rssFeedTrigger,slack,1.0
5524,form-to-endpoint,rssFeedTrigger,httpRequest,0.5
5525,morning-metrics,scheduleTrigger,googleSheets,1.0
5526,email-archiver,emailReadImap,readWriteFile,1.0
5527,rss-alert,rssFeedTrigger,slack,1.0
5528,form-to-endpoint,webhook,httpRequest,1.0
5529,morning-metrics,webhook,googleSheets,0.5
5530,email-archiver,emailReadImap,readWriteFile,1.0
5531,rss-alert,rssFeedTrigger,slack,1.0
5532,form-to-endpoint,webhook,httpRequest,1.0
5533,morning-metrics,scheduleTrigger,googleSheets,1.0
5534,email-archiver,rssFeedTrigger,readWriteFile,0.5
5535,rss-alert,rssFeedTrigger,slack,1.0
5536,form-to-endpoint,webhook,httpRequest,1.0
5537,morning-metrics,scheduleTrigger,slack,0.5
5538,email-archiver,emailReadImap,readWriteFile,1.0
5539,rss-alert,rssFeedTrigger,slack,1.0
5540,form-to-endpoint,webhook,httpRequest,1.0
5541,morning-metrics,scheduleTrigger,slack,0.5
5542,email-archiver,emailReadImap,readWriteFile,1.0
5543,rss-alert,rssFeedTrigger,slack,1.0
5544,form-to-endpoint,webhook,httpRequest,1.0
5545,morning-metrics,scheduleTrigger,googleSheets,1.0
5546,email-archiver,emailReadImap,readWriteFile,1.0
5547,rss-alert,rssFeedTrigger,httpRequest,0.5
5548,form-to-endpoint,webhook,httpRequest,1.0
5549,morning-metrics,scheduleTrigger,googleSheets,1.0
5550,email-archiver,emailReadImap,readWriteFile,1.0
5551,rss-alert,scheduleTrigger,slack,0.5
5552,form-to-endpoint,webhook,httpRequest,1.0
5553,morning-metrics,scheduleTrigger,googleSheets,1.0
5554,email-archiver,emailReadImap,readWriteFile,1.0
5555,rss-alert,rssFeedTrigger,slack,1.0
5556,form-to-endpoint,webhook,httpRequest,1.0
5557,morning-metrics,scheduleTrigger,googleSheets,1.0
5558,email-archiver,emailReadImap,readWriteFile,1.0
5559,rss-alert,rssFeedTrigger,readWriteFile,0.5
5560,form-to-endpoint,webhook,httpRequest,1.0
5561,morning-metrics,scheduleTrigger,googleSheets,1.0
5562,email-archiver,emailReadImap,httpRequest,0.5
5563,rss-alert,rssFeedTrigger,slack,1.0
5564,form-to-endpoint,webhook,httpRequest,1.0
5565,morning-metrics,scheduleTrigger,googleSheets,1.0
5566,email-archiver,emailReadImap,readWriteFile,1.0
5567,rss-alert,rssFeedTrigger,slack,1.0
5568,form-to-endpoint,webhook,httpRequest,1.0
5569,morning-metrics,rssFeedTrigger,googleSheets,0.5
5570,email-archiver,emailReadImap,readWriteFile,1.0
5571,rss-alert,rssFeedTrigger,slack,1.0
5572,form-to-endpoint,webhook,httpRequest,1.0
5573,morning-metrics,scheduleTrigger,googleSheets,1.0
5574,email-archiver,emailReadImap,readWriteFile,1.0
5575,rss-alert,rssFeedTrigger,slack,1.0
5576,form-to-endpoint,webhook,httpRequest,1.0
5577,morning-metrics,scheduleTrigger,readWriteFile,0.5
5578,email-archiver,emailReadImap,readWriteFile,1.0
5579,rss-alert,rssFeedTrigger,slack,1.0
5580,form-to-endpoint,webhook,httpRequest,1.0
5581,morning-metrics,scheduleTrigger,googleSheets,1.0
5582,email-archiver,emailReadImap,readWriteFile,1.0
5583,rss-alert,rssFeedTrigger,slack,1.0
5584,form-to-endpoint,webhook,httpRequest,1.0
5585,morning-metrics,scheduleTrigger,googleSheets,1.0
5586,email-archiver,emailReadImap,googleSheets,0.5
5587,rss-alert,rssFeedTrigger,slack,1.0
5588,form-to-endpoint,webhook,httpRequest,1.0
5589,morning-metrics,scheduleTrigger,googleSheets,1.0
5590,email-archiver,rssFeedTrigger,readWriteFile,0.5
5591,rss-alert,rssFeedTrigger,slack,1.0
5592,form-to-endpoint,webhook,httpRequest,1.0
5593,morning-metrics,scheduleTrigger,googleSheets,1.0
5594,email-archiver,emailReadImap,readWriteFile,1.0
5595,rss-alert,rssFeedTrigger,slack,1.0
5596,form-to-endpoint,webhook,httpRequest,1.0
5597,morning-metrics,scheduleTrigger,googleSheets,1.0
5598,email-archiver,emailReadImap,readWriteFile,1.0
5599,rss-alert,rssFeedTrigger,slack,1.0
5600,form-to-endpoint,webhook,httpRequest,1.0
5601,morning-metrics,scheduleTrigger,googleSheets,1.0
5602,email-archiver,emailReadImap,googleSheets,0.5
5603,rss-alert,rssFeedTrigger,slack,1.0
5604,form-to-endpoint,emailReadImap,httpRequest,0.5
5605,morning-metrics,scheduleTrigger,googleSheets,1.0
5606,email-archiver,emailReadImap,readWriteFile,1.0
5607,rss-alert,rssFeedTrigger,slack,1.0
5608,form-to-endpoint,webhook,httpRequest,1.0
5609,morning-metrics,scheduleTrigger,googleSheets,1.0
5610,email-archiver,emailReadImap,readWriteFile,1.0
5611,rss-alert,webhook,slack,0.5
5612,form-to-endpoint,webhook,httpRequest,1.0
5613,morning-metrics,scheduleTrigger,readWriteFile,0.5
5614,email-archiver,emailReadImap,readWriteFile,1.0
5615,rss-alert,rssFeedTrigger,slack,1.0
5616,form-to-endpoint,webhook,httpRequest,1.0
5617,morning-metrics,scheduleTrigger,googleSheets,1.0
5618,email-archiver,emailReadImap,readWriteFile,1.0
5619,rss-alert,rssFeedTrigger,slack,1.0
5620,form-to-endpoint,webhook,httpRequest,1.0
5621,morning-metrics,scheduleTrigger,googleSheets,1.0
5622,email-archiver,emailReadImap,readWriteFile,1.0
5623,rss-alert,rssFeedTrigger,slack,1.0
5624,form-to-endpoint,rssFeedTrigger,httpRequest,0.5
5625,morning-metrics,scheduleTrigger,googleSheets,1.0
5626,email-archiver,emailReadImap,readWriteFile,1.0
5627,rss-alert,rssFeedTrigger,slack,1.0
5628,form-to-endpoint,webhook,httpRequest,1.0
5629,morning-metrics,scheduleTrigger,googleSheets,1.0
5630,email-archiver,emailReadImap,readWriteFile,1.0
5631,rss-alert,rssFeedTrigger,slack,1.0
5632,form-to-endpoint,webhook,httpRequest,1.0
5633,morning-metrics,scheduleTrigger,googleSheets,1.0
5634,email-archiver,emailReadImap,readWriteFile,1.0
5635,rss-alert,rssFeedTrigger,slack,1.0
5636,form-to-endpoint,webhook,slack,0.5
5637,morning-metrics,scheduleTrigger,googleSheets,1.0
5638,email-archiver,emailReadImap,readWriteFile,1.0
5639,rss-alert,rssFeedTrigger,slack,1.0
5640,form-to-endpoint,webhook,httpRequest,1.0
5641,morning-metrics,scheduleTrigger,httpRequest,0.5
5642,email-archiver,emailReadImap,readWriteFile,1.0
5643,rss-alert,rssFeedTrigger,slack,1.0
5644,form-to-endpoint,webhook,httpRequest,1.0
5645,morning-metrics,scheduleTrigger,googleSheets,1.0
5646,email-archiver,webhook,readWriteFile,0.5
5647,rss-alert,rssFeedTrigger,slack,1.0
5648,form-to-endpoint,scheduleTrigger,httpRequest,0.5
5649,morning-metrics,scheduleTrigger,googleSheets,1.0
5650,email-archiver,scheduleTrigger,readWriteFile,0.5
5651,rss-alert,rssFeedTrigger,slack,1.0
5652,form-to-endpoint,webhook,httpRequest,1.0
5653,morning-metrics,scheduleTrigger,googleSheets,1.0
5654,email-archiver,emailReadImap,readWriteFile,1.0
5655,rss-alert,rssFeedTrigger,slack,1.0
5656,form-to-endpoint,webhook,httpRequest,1.0
5657,morning-metrics,scheduleTrigger,googleSheets,1.0
5658,email-archiver,scheduleTrigger,readWriteFile,0.5
5659,rss-alert,rssFeedTrigger,slack,1.0
5660,form-to-endpoint,webhook,httpRequest,1.0
5661,morning-metrics,scheduleTrigger,googleSheets,1.0
5662,email-archiver,emailReadImap,readWriteFile,1.0
5663,rss-alert,scheduleTrigger,slack,0.5
5664,form-to-endpoint,webhook,httpRequest,1.0
5665,morning-metrics,scheduleTrigger,googleSheets,1.0
5666,email-archiver,emailReadImap,readWriteFile,1.0
5667,rss-alert,rssFeedTrigger,slack,1.0
5668,form-to-endpoint,webhook,httpRequest,1.0
5669,morning-metrics,scheduleTrigger,googleSheets,1.0
5670,email-archiver,emailReadImap,readWriteFile,1.0
5671,rss-alert,rssFeedTrigger,slack,1.0
5672,form-to-endpoint,webhook,httpRequest,1.0
5673,morning-metrics,scheduleTrigger,googleSheets,1.0
5674,email-archiver,scheduleTrigger,readWriteFile,0.5
5675,rss-alert,scheduleTrigger,readWriteFile,0.0
5676,form-to-endpoint,webhook,httpRequest,1.0
5677,morning-metrics,scheduleTrigger,googleSheets,1.0
5678,email-archiver,scheduleTrigger,httpRequest,0.0
5679,rss-alert,rssFeedTrigger,slack,1.0
5680,form-to-endpoint,webhook,httpRequest,1.0
5681,morning-metrics,scheduleTrigger,googleSheets,1.0
5682,email-archiver,emailReadImap,readWriteFile,1.0
5683,rss-alert,rssFeedTrigger,slack,1.0
5684,form-to-endpoint,webhook,httpRequest,1.0
5685,morning-metrics,scheduleTrigger,googleSheets,1.0
5686,email-archiver,emailReadImap,readWriteFile,1.0
5687,rss-alert,rssFeedTrigger,slack,1.0
5688,form-to-endpoint,webhook,httpRequest,1.0
5689,morning-metrics,scheduleTrigger,googleSheets,1.0
5690,email-archiver,emailReadImap,readWriteFile,1.0
5691,rss-alert,rssFeedTrigger,readWriteFile,0.5
5692,form-to-endpoint,webhook,httpRequest,1.0
5693,morning-metrics,scheduleTrigger,googleSheets,1.0
5694,email-archiver,emailReadImap,readWriteFile,1.0
5695,rss-alert,rssFeedTrigger,slack,1.0
5696,form-to-endpoint,scheduleTrigger,httpRequest,0.5
5697,morning-metrics,scheduleTrigger,googleSheets,1.0
5698,email-archiver,emailReadImap,readWriteFile,1.0
5699,rss-alert,rssFeedTrigger,slack,1.0
5700,form-to-endpoint,webhook,httpRequest,1.0
5701,morning-metrics,scheduleTrigger,googleSheets,1.0
5702,email-archiver,emailReadImap,readWriteFile,1.0
5703,rss-alert,rssFeedTrigger,slack,1.0
5704,form-to-endpoint,webhook,httpRequest,1.0
5705,morning-metrics,scheduleTrigger,googleSheets,1.0
5706,email-archiver,emailReadImap,readWriteFile,1.0
5707,rss-alert,rssFeedTrigger,slack,1.0
5708,form-to-endpoint,webhook,httpRequest,1.0
5709,morning-metrics,scheduleTrigger,googleSheets,1.0
5710,email-archiver,emailReadImap,readWriteFile,1.0
5711,rss-alert,rssFeedTrigger,slack,1.0
5712,form-to-endpoint,webhook,httpRequest,1.0
5713,morning-metrics,scheduleTrigger,httpRequest,0.5
5714,email-archiver,emailReadImap,readWriteFile,1.0
5715,rss-alert,rssFeedTrigger,slack,1.0
5716,form-to-endpoint,webhook,httpRequest,1.0
5717,morning-metrics,scheduleTrigger,readWriteFile,0.5
5718,email-archiver,emailReadImap,readWriteFile,1.0
5719,rss-alert,emailReadImap,slack,0.5
5720,form-to-endpoint,webhook,slack,0.5
5721,morning-metrics,scheduleTrigger,slack,0.5
5722,email-archiver,emailReadImap,readWriteFile,1.0
5723,rss-alert,rssFeedTrigger,slack,1.0
5724,form-to-endpoint,webhook,httpRequest,1.0
5725,morning-metrics,scheduleTrigger,googleSheets,1.0
5726,email-archiver,emailReadImap,readWriteFile,1.0
5727,rss-alert,rssFeedTrigger,slack,1.0
5728,form-to-endpoint,webhook,httpRequest,1.0
5729,morning-metrics,scheduleTrigger,googleSheets,1.0
5730,email-archiver,emailReadImap,readWriteFile,1.0
5731,rss-alert,rssFeedTrigger,slack,1.0
5732,form-to-endpoint,webhook,httpRequest,1.0
5733,morning-metrics,scheduleTrigger,googleSheets,1.0
5734,email-archiver,emailReadImap,readWriteFile,1.0
5735,rss-alert,rssFeedTrigger,slack,1.0
5736,form-to-endpoint,webhook,httpRequest,1.0
5737,morning-metrics,scheduleTrigger,googleSheets,1.0
5738,email-archiver,webhook,readWriteFile,0.5
5739,rss-alert,rssFeedTrigger,slack,1.0
5740,form-to-endpoint,webhook,httpRequest,1.0
5741,morning-metrics,scheduleTrigger,googleSheets,1.0
5742,email-archiver,emailReadImap,readWriteFile,1.0
5743,rss-alert,rssFeedTrigger,slack,1.0
5744,form-to-endpoint,webhook,httpRequest,1.0
5745,morning-metrics,scheduleTrigger,googleSheets,1.0
5746,email-archiver,emailReadImap,readWriteFile,1.0
5747,rss-alert,rssFeedTrigger,slack,1.0
5748,form-to-endpoint,webhook,httpRequest,1.0
5749,morning-metrics,scheduleTrigger,readWriteFile,0.5
5750,email-archiver,emailReadImap,readWriteFile,1.0
5751,rss-alert,rssFeedTrigger,slack,1.0
5752,form-to-endpoint,webhook,httpRequest,1.0
5753,morning-metrics,scheduleTrigger,googleSheets,1.0
5754,email-archiver,emailReadImap,readWriteFile,1.0
5755,rss-alert,rssFeedTrigger,slack,1.0
5756,form-to-endpoint,webhook,httpRequest,1.0
5757,morning-metrics,scheduleTrigger,googleSheets,1.0
5758,email-archiver,emailReadImap,readWriteFile,1.0
5759,rss-alert,rssFeedTrigger,slack,1.0
5760,form-to-endpoint,webhook,httpRequest,1.0
5761,morning-metrics,scheduleTrigger,googleSheets,1.0
5762,email-archiver,emailReadImap,readWriteFile,1.0
5763,rss-alert,rssFeedTrigger,slack,1.0
5764,form-to-endpoint,webhook,httpRequest,1.0
5765,morning-metrics,scheduleTrigger,googleSheets,1.0
5766,email-archiver,emailReadImap,readWriteFile,1.0
5767,rss-alert,rssFeedTrigger,slack,1.0
5768,form-to-endpoint,webhook,httpRequest,1.0
5769,morning-metrics,emailReadImap,googleSheets,0.5
5770,email-archiver,webhook,readWriteFile,0.5
5771,rss-alert,rssFeedTrigger,slack,1.0
5772,form-to-endpoint,webhook,httpRequest,1.0
5773,morning-metrics,scheduleTrigger,googleSheets,1.0
5774,email-archiver,emailReadImap,httpRequest,0.5
5775,rss-alert,rssFeedTrigger,slack,1.0
5776,form-to-endpoint,webhook,httpRequest,1.0
5777,morning-metrics,scheduleTrigger,googleSheets,1.0
5778,email-archiver,webhook,readWriteFile,0.5
5779,rss-alert,rssFeedTrigger,slack,1.0
5780,form-to-endpoint,webhook,httpRequest,1.0
5781,morning-metrics,scheduleTrigger,googleSheets,1.0
5782,email-archiver,emailReadImap,readWriteFile,1.0
5783,rss-alert,rssFeedTrigger,slack,1.0
5784,form-to-endpoint,webhook,httpRequest,1.0
5785,morning-metrics,scheduleTrigger,googleSheets,1.0
5786,email-archiver,emailReadImap,readWriteFile,1.0
5787,rss-alert,rssFeedTrigger,slack,1.0
5788,form-to-endpoint,webhook,httpRequest,1.0
5789,morning-metrics,scheduleTrigger,googleSheets,1.0
5790,email-archiver,emailReadImap,readWriteFile,1.0
5791,rss-alert,rssFeedTrigger,slack,1.0
5792,form-to-endpoint,webhook,httpRequest,1.0
5793,morning-metrics,scheduleTrigger,googleSheets,1.0
5794,email-archiver,emailReadImap,readWriteFile,1.0
5795,rss-alert,rssFeedTrigger,slack,1.0
5796,form-to-endpoint,webhook,httpRequest,1.0
5797,morning-metrics,scheduleTrigger,googleSheets,1.0
5798,email-archiver,emailReadImap,readWriteFile,1.0
5799,rss-alert,rssFeedTrigger,slack,1.0
5800,form-to-endpoint,webhook,httpRequest,1.0
5801,morning-metrics,scheduleTrigger,googleSheets,1.0
5802,email-archiver,emailReadImap,readWriteFile,1.0
5803,rss-alert,rssFeedTrigger,slack,1.0
5804,form-to-endpoint,webhook,httpRequest,1.0
5805,morning-metrics,scheduleTrigger,googleSheets,1.0
5806,email-archiver,emailReadImap,httpRequest,0.5
5807,rss-alert,rssFeedTrigger,slack,1.0
5808,form-to-endpoint,webhook,httpRequest,1.0
5809,morning-metrics,scheduleTrigger,googleSheets,1.0
5810,email-archiver,emailReadImap,readWriteFile,1.0
5811,rss-alert,rssFeedTrigger,httpRequest,0.5
5812,form-to-endpoint,webhook,httpRequest,1.0
5813,morning-metrics,scheduleTrigger,googleSheets,1.0
5814,email-archiver,emailReadImap,readWriteFile,1.0
5815,rss-alert,rssFeedTrigger,slack,1.0
5816,form-to-endpoint,webhook,httpRequest,1.0
5817,morning-metrics,rssFeedTrigger,slack,0.0
5818,email-archiver,webhook,googleSheets,0.0
5819,rss-alert,rssFeedTrigger,slack,1.0
5820,form-to-endpoint,webhook,httpRequest,1.0
5821,morning-metrics,scheduleTrigger,googleSheets,1.0
5822,email-archiver,emailReadImap,readWriteFile,1.0
5823,rss-alert,rssFeedTrigger,slack,1.0
5824,form-to-endpoint,webhook,httpRequest,1.0
5825,morning-metrics,scheduleTrigger,googleSheets,1.0
5826,email-archiver,emailReadImap,readWriteFile,1.0
5827,rss-alert,rssFeedTrigger,slack,1.0
5828,form-to-endpoint,webhook,httpRequest,1.0
5829,morning-metrics,scheduleTrigger,googleSheets,1.0
5830,email-archiver,emailReadImap,readWriteFile,1.0
5831,rss-alert,rssFeedTrigger,slack,1.0
5832,form-to-endpoint,webhook,httpRequest,1.0
5833,morning-metrics,webhook,googleSheets,0.5
5834,email-archiver,emailReadImap,readWriteFile,1.0
5835,rss-alert,rssFeedTrigger,slack,1.0
5836,form-to-endpoint,webhook,httpRequest,1.0
5837,morning-metrics,scheduleTrigger,googleSheets,1.0
5838,email-archiver,emailReadImap,readWriteFile,1.0
5839,rss-alert,rssFeedTrigger,slack,1.0
5840,form-to-endpoint,webhook,httpRequest,1.0
5841,morning-metrics,scheduleTrigger,googleSheets,1.0
5842,email-archiver,emailReadImap,readWriteFile,1.0
5843,rss-alert,rssFeedTrigger,slack,1.0
5844,form-to-endpoint,webhook,httpRequest,1.0
5845,morning-metrics,scheduleTrigger,readWriteFile,0.5
5846,email-archiver,emailReadImap,readWriteFile,1.0
5847,rss-alert,rssFeedTrigger,slack,1.0
5848,form-to-endpoint,webhook,httpRequest,1.0
5849,morning-metrics,scheduleTrigger,googleSheets,1.0
5850,email-archiver,emailReadImap,readWriteFile,1.0
5851,rss-alert,rssFeedTrigger,slack,1.0
5852,form-to-endpoint,webhook,httpRequest,1.0
5853,morning-metrics,scheduleTrigger,googleSheets,1.0
5854,email-archiver,rssFeedTrigger,googleSheets,0.0
5855,rss-alert,rssFeedTrigger,slack,1.0
5856,form-to-endpoint,webhook,httpRequest,1.0
5857,morning-metrics,scheduleTrigger,googleSheets,1.0
5858,email-archiver,emailReadImap,googleSheets,0.5
5859,rss-alert,rssFeedTrigger,slack,1.0
5860,form-to-endpoint,rssFeedTrigger,httpRequest,0.5
5861,morning-metrics,scheduleTrigger,googleSheets,1.0
5862,email-archiver,emailReadImap,readWriteFile,1.0
5863,rss-alert,rssFeedTrigger,slack,1.0
5864,form-to-endpoint,webhook,httpRequest,1.0
5865,morning-metrics,scheduleTrigger,googleSheets,1.0
5866,email-archiver,emailReadImap,readWriteFile,1.0
5867,rss-alert,rssFeedTrigger,slack,1.0
5868,form-to-endpoint,webhook,httpRequest,1.0
5869,morning-metrics,scheduleTrigger,googleSheets,1.0
5870,email-archiver,emailReadImap,readWriteFile,1.0
5871,rss-alert,rssFeedTrigger,slack,1.0
5872,form-to-endpoint,webhook,httpRequest,1.0
5873,morning-metrics,scheduleTrigger,googleSheets,1.0
5874,email-archiver,emailReadImap,readWriteFile,1.0
5875,rss-alert,rssFeedTrigger,slack,1.0
5876,form-to-endpoint,webhook,httpRequest,1.0
5877,morning-metrics,scheduleTrigger,googleSheets,1.0
5878,email-archiver,emailReadImap,readWriteFile,1.0
5879,rss-alert,rssFeedTrigger,slack,1.0
5880,form-to-endpoint,webhook,httpRequest,1.0
5881,morning-metrics,scheduleTrigger,googleSheets,1.0
5882,email-archiver,emailReadImap,readWriteFile,1.0
5883,rss-alert,rssFeedTrigger,slack,1.0
5884,form-to-endpoint,webhook,httpRequest,1.0
5885,morning-metrics,webhook,googleSheets,0.5
5886,email-archiver,emailReadImap,readWriteFile,1.0
5887,rss-alert,rssFeedTrigger,readWriteFile,0.5
5888,form-to-endpoint,webhook,httpRequest,1.0
5889,morning-metrics,scheduleTrigger,googleSheets,1.0
5890,email-archiver,emailReadImap,readWriteFile,1.0
5891,rss-alert,rssFeedTrigger,slack,1.0
5892,form-to-endpoint,webhook,httpRequest,1.0
5893,morning-metrics,scheduleTrigger,googleSheets,1.0
5894,email-archiver,emailReadImap,readWriteFile,1.0
5895,rss-alert,rssFeedTrigger,slack,1.0
5896,form-to-endpoint,webhook,httpRequest,1.0
5897,morning-metrics,scheduleTrigger,googleSheets,1.0
5898,email-archiver,emailReadImap,readWriteFile,1.0
5899,rss-alert,rssFeedTrigger,readWriteFile,0.5
5900,form-to-endpoint,webhook,httpRequest,1.0
5901,morning-metrics,webhook,googleSheets,0.5
5902,email-archiver,emailReadImap,readWriteFile,1.0
5903,rss-alert,rssFeedTrigger,slack,1.0
5904,form-to-endpoint,webhook,httpRequest,1.0
5905,morning-metrics,scheduleTrigger,googleSheets,1.0
5906,email-archiver,emailReadImap,readWriteFile,1.0
5907,rss-alert,rssFeedTrigger,slack,1.0
5908,form-to-endpoint,webhook,httpRequest,1.0
5909,morning-metrics,scheduleTrigger,readWriteFile,0.5
5910,email-archiver,emailReadImap,readWriteFile,1.0
5911,rss-alert,rssFeedTrigger,slack,1.0
5912,form-to-endpoint,webhook,httpRequest,1.0
5913,morning-metrics,scheduleTrigger,googleSheets,1.0
5914,email-archiver,scheduleTrigger,readWriteFile,0.5
5915,rss-alert,rssFeedTrigger,slack,1.0
5916,form-to-endpoint,webhook,httpRequest,1.0
5917,morning-metrics,scheduleTrigger,googleSheets,1.0
5918,email-archiver,emailReadImap,slack,0.5
5919,rss-alert,rssFeedTrigger,slack,1.0
5920,form-to-endpoint,webhook,httpRequest,1.0
5921,morning-metrics,scheduleTrigger,googleSheets,1.0
5922,email-archiver,emailReadImap,readWriteFile,1.0
5923,rss-alert,rssFeedTrigger,slack,1.0
5924,form-to-endpoint,webhook,googleSheets,0.5
5925,morning-metrics,scheduleTrigger,googleSheets,1.0
5926,email-archiver,emailReadImap,readWriteFile,1.0
5927,rss-alert,scheduleTrigger,slack,0.5
5928,form-to-endpoint,webhook,httpRequest,1.0
5929,morning-metrics,scheduleTrigger,googleSheets,1.0
5930,email-archiver,emailReadImap,readWriteFile,1.0
5931,rss-alert,rssFeedTrigger,slack,1.0
5932,form-to-endpoint,webhook,httpRequest,1.0
5933,morning-metrics,scheduleTrigger,googleSheets,1.0
5934,email-archiver,emailReadImap,readWriteFile,1.0
5935,rss-alert,rssFeedTrigger,slack,1.0
5936,form-to-endpoint,rssFeedTrigger,httpRequest,0.5
5937,morning-metrics,scheduleTrigger,googleSheets,1.0
5938,email-archiver,emailReadImap,readWriteFile,1.0
5939,rss-alert,rssFeedTrigger,slack,1.0
5940,form-to-endpoint,webhook,httpRequest,1.0
5941,morning-metrics,scheduleTrigger,httpRequest,0.5
5942,email-archiver,emailReadImap,readWriteFile,1.0
5943,rss-alert,rssFeedTrigger,slack,1.0
5944,form-to-endpoint,webhook,httpRequest,1.0
5945,morning-metrics,scheduleTrigger,googleSheets,1.0
5946,email-archiver,emailReadImap,readWriteFile,1.0
5947,rss-alert,rssFeedTrigger,slack,1.0
5948,form-to-endpoint,webhook,httpRequest,1.0
5949,morning-metrics,scheduleTrigger,googleSheets,1.0
5950,email-archiver,emailReadImap,readWriteFile,1.0
5951,rss-alert,webhook,slack,0.5
5952,form-to-endpoint,webhook,httpRequest,1.0
5953,morning-metrics,scheduleTrigger,googleSheets,1.0
5954,email-archiver,emailReadImap,readWriteFile,1.0
5955,rss-alert,rssFeedTrigger,readWriteFile,0.5
5956,form-to-endpoint,webhook,httpRequest,1.0
5957,morning-metrics,scheduleTrigger,googleSheets,1.0
5958,email-archiver,rssFeedTrigger,readWriteFile,0.5
5959,rss-alert,rssFeedTrigger,slack,1.0
5960,form-to-endpoint,webhook,httpRequest,1.0
5961,morning-metrics,scheduleTrigger,googleSheets,1.0
5962,email-archiver,emailReadImap,readWriteFile,1.0
5963,rss-alert,rssFeedTrigger,httpRequest,0.5
5964,form-to-endpoint,webhook,httpRequest,1.0
5965,morning-metrics,scheduleTrigger,googleSheets,1.0
5966,email-archiver,emailReadImap,readWriteFile,1.0
5967,rss-alert,rssFeedTrigger,slack,1.0
5968,form-to-endpoint,webhook,googleSheets,0.5
5969,morning-metrics,scheduleTrigger,googleSheets,1.0
5970,email-archiver,emailReadImap,readWriteFile,1.0
5971,rss-alert,rssFeedTrigger,slack,1.0
5972,form-to-endpoint,webhook,httpRequest,1.0
5973,morning-metrics,scheduleTrigger,googleSheets,1.0
5974,email-archiver,emailReadImap,readWriteFile,1.0
5975,rss-alert,rssFeedTrigger,slack,1.0
5976,form-to-endpoint,webhook,httpRequest,1.0
5977,morning-metrics,scheduleTrigger,googleSheets,1.0
5978,email-archiver,emailReadImap,readWriteFile,1.0
5979,rss-alert,rssFeedTrigger,slack,1.0
5980,form-to-endpoint,webhook,httpRequest,1.0
5981,morning-metrics,scheduleTrigger,googleSheets,1.0
5982,email-archiver,emailReadImap,readWriteFile,1.0
5983,rss-alert,scheduleTrigger,slack,0.5
5984,form-to-endpoint,webhook,httpRequest,1.0
5985,morning-metrics,scheduleTrigger,googleSheets,1.0
5986,email-archiver,emailReadImap,readWriteFile,1.0
5987,rss-alert,rssFeedTrigger,slack,1.0
5988,form-to-endpoint,webhook,httpRequest,1.0
5989,morning-metrics,scheduleTrigger,googleSheets,1.0
5990,email-archiver,emailReadImap,readWriteFile,1.0
5991,rss-alert,rssFeedTrigger,slack,1.0
5992,form-to-endpoint,webhook,httpRequest,1.0
5993,morning-metrics,scheduleTrigger,googleSheets,1.0
5994,email-archiver,emailReadImap,readWriteFile,1.0
5995,rss-alert,scheduleTrigger,slack,0.5
5996,form-to-endpoint,webhook,httpRequest,1.0
5997,morning-metrics,scheduleTrigger,googleSheets,1.0
5998,email-archiver,emailReadImap,readWriteFile,1.0
5999,rss-alert,rssFeedTrigger,slack,1.0
6000,form-to-endpoint,webhook,httpRequest,1.0
6001,morning-metrics,scheduleTrigger,googleSheets,1.0
6002,email-archiver,emailReadImap,readWriteFile,1.0
6003,rss-alert,rssFeedTrigger,slack,1.0
6004,form-to-endpoint,webhook,httpRequest,1.0
6005,morning-metrics,scheduleTrigger,googleSheets,1.0
6006,email-archiver,emailReadImap,readWriteFile,1.0
6007,rss-alert,rssFeedTrigger,slack,1.0
6008,form-to-endpoint,webhook,httpRequest,1.0
6009,morning-metrics,scheduleTrigger,googleSheets,1.0
6010,email-archiver,emailReadImap,readWriteFile,1.0
6011,rss-alert,rssFeedTrigger,slack,1.0
6012,form-to-endpoint,webhook,httpRequest,1.0
6013,morning-metrics,scheduleTrigger,googleSheets,1.0
6014,email-archiver,emailReadImap,readWriteFile,1.0
6015,rss-alert,rssFeedTrigger,slack,1.0
6016,form-to-endpoint,webhook,httpRequest,1.0
6017,morning-metrics,scheduleTrigger,googleSheets,1.0
6018,email-archiver,scheduleTrigger,readWriteFile,0.5
6019,rss-alert,rssFeedTrigger,httpRequest,0.5
6020,form-to-endpoint,webhook,httpRequest,1.0
6021,morning-metrics,scheduleTrigger,googleSheets,1.0
6022,email-archiver,emailReadImap,readWriteFile,1.0
6023,rss-alert,rssFeedTrigger,slack,1.0
6024,form-to-endpoint,webhook,httpRequest,1.0
6025,morning-metrics,scheduleTrigger,googleSheets,1.0
6026,email-archiver,rssFeedTrigger,readWriteFile,0.5
6027,rss-alert,rssFeedTrigger,slack,1.0
6028,form-to-endpoint,webhook,httpRequest,1.0
6029,morning-metrics,scheduleTrigger,googleSheets,1.0
6030,email-archiver,emailReadImap,readWriteFile,1.0
6031,rss-alert,webhook,slack,0.5
6032,form-to-endpoint,webhook,httpRequest,1.0
6033,morning-metrics,scheduleTrigger,googleSheets,1.0
6034,email-archiver,emailReadImap,readWriteFile,1.0
6035,rss-alert,emailReadImap,slack,0.5
6036,form-to-endpoint,rssFeedTrigger,httpRequest,0.5
6037,morning-metrics,webhook,googleSheets,0.5
6038,email-archiver,scheduleTrigger,readWriteFile,0.5
6039,rss-alert,rssFeedTrigger,slack,1.0
6040,form-to-endpoint,webhook,httpRequest,1.0
6041,morning-metrics,webhook,googleSheets,0.5
6042,email-archiver,emailReadImap,readWriteFile,1.0
6043,rss-alert,rssFeedTrigger,slack,1.0
6044,form-to-endpoint,webhook,httpRequest,1.0
6045,morning-metrics,scheduleTrigger,googleSheets,1.0
6046,email-archiver,emailReadImap,readWriteFile,1.0
6047,rss-alert,rssFeedTrigger,slack,1.0
6048,form-to-endpoint,webhook,httpRequest,1.0
6049,morning-metrics,scheduleTrigger,readWriteFile,0.5
6050,email-archiver,emailReadImap,readWriteFile,1.0
6051,rss-alert,rssFeedTrigger,slack,1.0
6052,form-to-endpoint,webhook,httpRequest,1.0
6053,morning-metrics,scheduleTrigger,googleSheets,1.0
6054,email-archiver,emailReadImap,readWriteFile,1.0
6055,rss-alert,rssFeedTrigger,readWriteFile,0.5
6056,form-to-endpoint,webhook,httpRequest,1.0
6057,morning-metrics,scheduleTrigger,googleSheets,1.0
6058,email-archiver,emailReadImap,readWriteFile,1.0
6059,rss-alert,rssFeedTrigger,slack,1.0
6060,form-to-endpoint,webhook,httpRequest,1.0
6061,morning-metrics,scheduleTrigger,googleSheets,1.0
6062,email-archiver,emailReadImap,readWriteFile,1.0
6063,rss-alert,rssFeedTrigger,slack,1.0
6064,form-to-endpoint,webhook,httpRequest,1.0
6065,morning-metrics,scheduleTrigger,googleSheets,1.0
6066,email-archiver,emailReadImap,readWriteFile,1.0
6067,rss-alert,scheduleTrigger,slack,0.5
6068,form-to-endpoint,webhook,httpRequest,1.0
6069,morning-metrics,scheduleTrigger,googleSheets,1.0
6070,email-archiver,emailReadImap,readWriteFile,1.0
6071,rss-alert,rssFeedTrigger,googleSheets,0.5
6072,form-to-endpoint,webhook,httpRequest,1.0
6073,morning-metrics,scheduleTrigger,googleSheets,1.0
6074,email-archiver,emailReadImap,readWriteFile,1.0
6075,rss-alert,rssFeedTrigger,httpRequest,0.5
6076,form-to-endpoint,webhook,readWriteFile,0.5
6077,morning-metrics,scheduleTrigger,googleSheets,1.0
6078,email-archiver,emailReadImap,readWriteFile,1.0
6079,rss-alert,rssFeedTrigger,slack,1.0
6080,form-to-endpoint,webhook,httpRequest,1.0
6081,morning-metrics,scheduleTrigger,googleSheets,1.0
6082,email-archiver,emailReadImap,readWriteFile,1.0
6083,rss-alert,rssFeedTrigger,slack,1.0
6084,form-to-endpoint,webhook,httpRequest,1.0
6085,morning-metrics,scheduleTrigger,readWriteFile,0.5
6086,email-archiver,emailReadImap,readWriteFile,1.0
6087,rss-alert,rssFeedTrigger,slack,1.0
6088,form-to-endpoint,webhook,httpRequest,1.0
6089,morning-metrics,scheduleTrigger,googleSheets,1.0
6090,email-archiver,emailReadImap,readWriteFile,1.0
6091,rss-alert,rssFeedTrigger,slack,1.0
6092,form-to-endpoint,rssFeedTrigger,slack,0.0
6093,morning-metrics,scheduleTrigger,googleSheets,1.0
6094,email-archiver,emailReadImap,googleSheets,0.5
6095,rss-alert,rssFeedTrigger,slack,1.0
6096,form-to-endpoint,webhook,httpRequest,1.0
6097,morning-metrics,scheduleTrigger,googleSheets,1.0
6098,email-archiver,emailReadImap,readWriteFile,1.0
6099,rss-alert,rssFeedTrigger,slack,1.0
6100,form-to-endpoint,webhook,httpRequest,1.0
6101,morning-metrics,scheduleTrigger,googleSheets,1.0
6102,email-archiver,emailReadImap,readWriteFile,1.0
6103,rss-alert,rssFeedTrigger,slack,1.0
6104,form-to-endpoint,webhook,httpRequest,1.0
6105,morning-metrics,scheduleTrigger,googleSheets,1.0
6106,email-archiver,emailReadImap,readWriteFile,1.0
6107,rss-alert,rssFeedTrigger,slack,1.0
6108,form-to-endpoint,emailReadImap,httpRequest,0.5
6109,morning-metrics,scheduleTrigger,googleSheets,1.0
6110,email-archiver,emailReadImap,readWriteFile,1.0
6111,rss-alert,rssFeedTrigger,slack,1.0
6112,form-to-endpoint,webhook,httpRequest,1.0
6113,morning-metrics,scheduleTrigger,googleSheets,1.0
6114,email-archiver,emailReadImap,readWriteFile,1.0
6115,rss-alert,rssFeedTrigger,slack,1.0
6116,form-to-endpoint,webhook,httpRequest,1.0
6117,morning-metrics,webhook,googleSheets,0.5
6118,email-archiver,emailReadImap,readWriteFile,1.0
6119,rss-alert,rssFeedTrigger,slack,1.0
6120,form-to-endpoint,webhook,httpRequest,1.0
6121,morning-metrics,scheduleTrigger,googleSheets,1.0
6122,email-archiver,emailReadImap,readWriteFile,1.0
6123,rss-alert,rssFeedTrigger,slack,1.0
6124,form-to-endpoint,webhook,slack,0.5
6125,morning-metrics,scheduleTrigger,googleSheets,1.0
6126,email-archiver,emailReadImap,readWriteFile,1.0
6127,rss-alert,rssFeedTrigger,slack,1.0
6128,form-to-endpoint,webhook,httpRequest,1.0
6129,morning-metrics,scheduleTrigger,googleSheets,1.0
6130,email-archiver,emailReadImap,readWriteFile,1.0
6131,rss-alert,rssFeedTrigger,slack,1.0
6132,form-to-endpoint,webhook,httpRequest,1.0
6133,morning-metrics,scheduleTrigger,googleSheets,1.0
6134,email-archiver,emailReadImap,readWriteFile,1.0
6135,rss-alert,rssFeedTrigger,slack,1.0
6136,form-to-endpoint,webhook,httpRequest,1.0
6137,morning-metrics,scheduleTrigger,googleSheets,1.0
6138,email-archiver,rssFeedTrigger,readWriteFile,0.5
6139,rss-alert,rssFeedTrigger,slack,1.0
6140,form-to-endpoint,webhook,httpRequest,1.0
6141,morning-metrics,scheduleTrigger,googleSheets,1.0
6142,email-archiver,emailReadImap,readWriteFile,1.0
6143,rss-alert,rssFeedTrigger,slack,1.0
6144,form-to-endpoint,webhook,httpRequest,1.0
6145,morning-metrics,scheduleTrigger,googleSheets,1.0
6146,email-archiver,emailReadImap,readWriteFile,1.0
6147,rss-alert,rssFeedTrigger,slack,1.0
6148,form-to-endpoint,webhook,slack,0.5
6149,morning-metrics,scheduleTrigger,googleSheets,1.0
6150,email-archiver,emailReadImap,readWriteFile,1.0
6151,rss-alert,rssFeedTrigger,slack,1.0
6152,form-to-endpoint,webhook,httpRequest,1.0
6153,morning-metrics,webhook,readWriteFile,0.0
6154,email-archiver,emailReadImap,readWriteFile,1.0
6155,rss-alert,rssFeedTrigger,slack,1.0
6156,form-to-endpoint,webhook,httpRequest,1.0
6157,morning-metrics,scheduleTrigger,googleSheets,1.0
6158,email-archiver,emailReadImap,readWriteFile,1.0
6159,rss-alert,rssFeedTrigger,readWriteFile,0.5
6160,form-to-endpoint,webhook,httpRequest,1.0
6161,morning-metrics,scheduleTrigger,googleSheets,1.0
6162,email-archiver,emailReadImap,readWriteFile,1.0
6163,rss-alert,rssFeedTrigger,slack,1.0
6164,form-to-endpoint,webhook,httpRequest,1.0
6165,morning-metrics,scheduleTrigger,googleSheets,1.0
6166,email-archiver,emailReadImap,readWriteFile,1.0
6167,rss-alert,rssFeedTrigger,slack,1.0
6168,form-to-endpoint,webhook,httpRequest,1.0
6169,morning-metrics,scheduleTrigger,googleSheets,1.0
6170,email-archiver,emailReadImap,readWriteFile,1.0
6171,rss-alert,rssFeedTrigger,slack,1.0
6172,form-to-endpoint,webhook,httpRequest,1.0
6173,morning-metrics,scheduleTrigger,googleSheets,1.0
6174,email-archiver,emailReadImap,readWriteFile,1.0
6175,rss-alert,rssFeedTrigger,slack,1.0
6176,form-to-endpoint,webhook,httpRequest,1.0
6177,morning-metrics,scheduleTrigger,googleSheets,1.0
6178,email-archiver,emailReadImap,readWriteFile,1.0
6179,rss-alert,rssFeedTrigger,slack,1.0
6180,form-to-endpoint,webhook,httpRequest,1.0
6181,morning-metrics,scheduleTrigger,googleSheets,1.0
6182,email-archiver,emailReadImap,readWriteFile,1.0
6183,rss-alert,rssFeedTrigger,slack,1.0
6184,form-to-endpoint,rssFeedTrigger,httpRequest,0.5
6185,morning-metrics,scheduleTrigger,googleSheets,1.0
6186,email-archiver,emailReadImap,readWriteFile,1.0
6187,rss-alert,rssFeedTrigger,slack,1.0
6188,form-to-endpoint,webhook,httpRequest,1.0
6189,morning-metrics,scheduleTrigger,readWriteFile,0.5
6190,email-archiver,emailReadImap,readWriteFile,1.0
6191,rss-alert,rssFeedTrigger,slack,1.0
6192,form-to-endpoint,rssFeedTrigger,httpRequest,0.5
6193,morning-metrics,scheduleTrigger,googleSheets,1.0
6194,email-archiver,emailReadImap,readWriteFile,1.0
6195,rss-alert,rssFeedTrigger,slack,1.0
6196,form-to-endpoint,webhook,httpRequest,1.0
6197,morning-metrics,scheduleTrigger,googleSheets,1.0
6198,email-archiver,emailReadImap,readWriteFile,1.0
6199,rss-alert,rssFeedTrigger,slack,1.0
6200,form-to-endpoint,webhook,httpRequest,1.0
6201,morning-metrics,scheduleTrigger,googleSheets,1.0
6202,email-archiver,emailReadImap,readWriteFile,1.0
6203,rss-alert,rssFeedTrigger,slack,1.0
6204,form-to-endpoint,rssFeedTrigger,httpRequest,0.5
6205,morning-metrics,scheduleTrigger,googleSheets,1.0
6206,email-archiver,emailReadImap,readWriteFile,1.0
6207,rss-alert,rssFeedTrigger,slack,1.0
6208,form-to-endpoint,webhook,httpRequest,1.0
6209,morning-metrics,scheduleTrigger,googleSheets,1.0
6210,email-archiver,emailReadImap,readWriteFile,1.0
6211,rss-alert,rssFeedTrigger,slack,1.0
6212,form-to-endpoint,webhook,slack,0.5
6213,morning-metrics,scheduleTrigger,googleSheets,1.0
6214,email-archiver,emailReadImap,readWriteFile,1.0
6215,rss-alert,rssFeedTrigger,slack,1.0
6216,form-to-endpoint,webhook,httpRequest,1.0
6217,morning-metrics,scheduleTrigger,googleSheets,1.0
6218,email-archiver,emailReadImap,readWriteFile,1.0
6219,rss-alert,rssFeedTrigger,slack,1.0
6220,form-to-endpoint,webhook,httpRequest,1.0
6221,morning-metrics,scheduleTrigger,googleSheets,1.0
6222,email-archiver,emailReadImap,readWriteFile,1.0
6223,rss-alert,rssFeedTrigger,slack,1.0
6224,form-to-endpoint,webhook,httpRequest,1.0
6225,morning-metrics,scheduleTrigger,googleSheets,1.0
6226,email-archiver,emailReadImap,readWriteFile,1.0
6227,rss-alert,rssFeedTrigger,slack,1.0
6228,form-to-endpoint,scheduleTrigger,httpRequest,0.5
6229,morning-metrics,scheduleTrigger,readWriteFile,0.5
6230,email-archiver,emailReadImap,readWriteFile,1.0
6231,rss-alert,rssFeedTrigger,slack,1.0
6232,form-to-endpoint,emailReadImap,httpRequest,0.5
6233,morning-metrics,scheduleTrigger,googleSheets,1.0
6234,email-archiver,emailReadImap,readWriteFile,1.0
6235,rss-alert,rssFeedTrigger,slack,1.0
6236,form-to-endpoint,webhook,httpRequest,1.0
6237,morning-metrics,scheduleTrigger,googleSheets,1.0
6238,email-archiver,webhook,httpRequest,0.0
6239,rss-alert,rssFeedTrigger,slack,1.0
6240,form-to-endpoint,emailReadImap,httpRequest,0.5
6241,morning-metrics,scheduleTrigger,googleSheets,1.0
6242,email-archiver,emailReadImap,readWriteFile,1.0
6243,rss-alert,rssFeedTrigger,slack,1.0
6244,form-to-endpoint,webhook,httpRequest,1.0
6245,morning-metrics,scheduleTrigger,httpRequest,0.5
6246,email-archiver,emailReadImap,readWriteFile,1.0
6247,rss-alert,rssFeedTrigger,slack,1.0
6248,form-to-endpoint,webhook,httpRequest,1.0
6249,morning-metrics,scheduleTrigger,googleSheets,1.0
6250,email-archiver,emailReadImap,readWriteFile,1.0
6251,rss-alert,rssFeedTrigger,slack,1.0
6252,form-to-endpoint,webhook,httpRequest,1.0
6253,morning-metrics,scheduleTrigger,googleSheets,1.0
6254,email-archiver,emailReadImap,readWriteFile,1.0
6255,rss-alert,rssFeedTrigger,slack,1.0
6256,form-to-endpoint,webhook,httpRequest,1.0
6257,morning-metrics,scheduleTrigger,googleSheets,1.0
6258,email-archiver,emailReadImap,readWriteFile,1.0
6259,rss-alert,rssFeedTrigger,slack,1.0
6260,form-to-endpoint,webhook,httpRequest,1.0
6261,morning-metrics,scheduleTrigger,googleSheets,1.0
6262,email-archiver,emailReadImap,readWriteFile,1.0
6263,rss-alert,rssFeedTrigger,slack,1.0
6264,form-to-endpoint,webhook,httpRequest,1.0
6265,morning-metrics,scheduleTrigger,googleSheets,1.0
6266,email-archiver,emailReadImap,readWriteFile,1.0
6267,rss-alert,rssFeedTrigger,slack,1.0
6268,form-to-endpoint,webhook,httpRequest,1.0
6269,morning-metrics,scheduleTrigger,googleSheets,1.0
6270,email-archiver,emailReadImap,readWriteFile,1.0
6271,rss-alert,rssFeedTrigger,slack,1.0
6272,form-to-endpoint,webhook,httpRequest,1.0
6273,morning-metrics,scheduleTrigger,googleSheets,1.0
6274,email-archiver,emailReadImap,readWriteFile,1.0
6275,rss-alert,rssFeedTrigger,slack,1.0
6276,form-to-endpoint,webhook,httpRequest,1.0
6277,morning-metrics,scheduleTrigger,googleSheets,1.0
6278,email-archiver,emailReadImap,readWriteFile,1.0
6279,rss-alert,rssFeedTrigger,slack,1.0
6280,form-to-endpoint,webhook,httpRequest,1.0
6281,morning-metrics,scheduleTrigger,googleSheets,1.0
6282,email-archiver,emailReadImap,readWriteFile,1.0
6283,rss-alert,rssFeedTrigger,slack,1.0
6284,form-to-endpoint,webhook,httpRequest,1.0
6285,morning-metrics,scheduleTrigger,googleSheets,1.0
6286,email-archiver,webhook,readWriteFile,0.5
6287,rss-alert,webhook,slack,0.5
6288,form-to-endpoint,webhook,httpRequest,1.0
6289,morning-metrics,scheduleTrigger,googleSheets,1.0
6290,email-archiver,emailReadImap,readWriteFile,1.0
6291,rss-alert,rssFeedTrigger,slack,1.0
6292,form-to-endpoint,webhook,httpRequest,1.0
6293,morning-metrics,scheduleTrigger,googleSheets,1.0
6294,email-archiver,emailReadImap,googleSheets,0.5
6295,rss-alert,rssFeedTrigger,slack,1.0
6296,form-to-endpoint,webhook,httpRequest,1.0
6297,morning-metrics,scheduleTrigger,googleSheets,1.0
6298,email-archiver,emailReadImap,readWriteFile,1.0
6299,rss-alert,rssFeedTrigger,slack,1.0
6300,form-to-endpoint,webhook,httpRequest,1.0
6301,morning-metrics,scheduleTrigger,googleSheets,1.0
6302,email-archiver,emailReadImap,readWriteFile,1.0
6303,rss-alert,rssFeedTrigger,slack,1.0
6304,form-to-endpoint,webhook,httpRequest,1.0
6305,morning-metrics,scheduleTrigger,googleSheets,1.0
6306,email-archiver,emailReadImap,readWriteFile,1.0
6307,rss-alert,rssFeedTrigger,slack,1.0
6308,form-to-endpoint,webhook,httpRequest,1.0
6309,morning-metrics,scheduleTrigger,googleSheets,1.0
6310,email-archiver,emailReadImap,readWriteFile,1.0
6311,rss-alert,rssFeedTrigger,slack,1.0
6312,form-to-endpoint,webhook,httpRequest,1.0
6313,morning-metrics,scheduleTrigger,googleSheets,1.0
6314,email-archiver,emailReadImap,readWriteFile,1.0
6315,rss-alert,rssFeedTrigger,slack,1.0
6316,form-to-endpoint,webhook,httpRequest,1.0
6317,morning-metrics,scheduleTrigger,googleSheets,1.0
6318,email-archiver,webhook,readWriteFile,0.5
6319,rss-alert,webhook,slack,0.5
6320,form-to-endpoint,webhook,httpRequest,1.0
6321,morning-metrics,scheduleTrigger,googleSheets,1.0
6322,email-archiver,scheduleTrigger,readWriteFile,0.5
6323,rss-alert,rssFeedTrigger,googleSheets,0.5
6324,form-to-endpoint,scheduleTrigger,httpRequest,0.5
6325,morning-metrics,scheduleTrigger,googleSheets,1.0
6326,email-archiver,emailReadImap,readWriteFile,1.0
6327,rss-alert,rssFeedTrigger,slack,1.0
6328,form-to-endpoint,webhook,httpRequest,1.0
6329,morning-metrics,scheduleTrigger,googleSheets,1.0
6330,email-archiver,emailReadImap,readWriteFile,1.0
6331,rss-alert,scheduleTrigger,slack,0.5
6332,form-to-endpoint,webhook,googleSheets,0.5
6333,morning-metrics,scheduleTrigger,googleSheets,1.0
6334,email-archiver,emailReadImap,readWriteFile,1.0
6335,rss-alert,rssFeedTrigger,slack,1.0
6336,form-to-endpoint,webhook,httpRequest,1.0
6337,morning-metrics,scheduleTrigger,googleSheets,1.0
6338,email-archiver,emailReadImap,readWriteFile,1.0
6339,rss-alert,rssFeedTrigger,slack,1.0
6340,form-to-endpoint,webhook,httpRequest,1.0
6341,morning-metrics,scheduleTrigger,googleSheets,1.0
6342,email-archiver,emailReadImap,readWriteFile,1.0
6343,rss-alert,rssFeedTrigger,googleSheets,0.5
6344,form-to-endpoint,emailReadImap,httpRequest,0.5
6345,morning-metrics,scheduleTrigger,googleSheets,1.0
6346,email-archiver,emailReadImap,readWriteFile,1.0
6347,rss-alert,rssFeedTrigger,slack,1.0
6348,form-to-endpoint,webhook,googleSheets,0.5
6349,morning-metrics,scheduleTrigger,googleSheets,1.0
6350,email-archiver,emailReadImap,readWriteFile,1.0
6351,rss-alert,rssFeedTrigger,slack,1.0
6352,form-to-endpoint,webhook,httpRequest,1.0
6353,morning-metrics,scheduleTrigger,googleSheets,1.0
6354,email-archiver,emailReadImap,readWriteFile,1.0
6355,rss-alert,rssFeedTrigger,slack,1.0
6356,form-to-endpoint,webhook,httpRequest,1.0
6357,morning-metrics,scheduleTrigger,slack,0.5
6358,email-archiver,emailReadImap,readWriteFile,1.0
6359,rss-alert,rssFeedTrigger,slack,1.0
6360,form-to-endpoint,webhook,slack,0.5
6361,morning-metrics,scheduleTrigger,googleSheets,1.0
6362,email-archiver,emailReadImap,readWriteFile,1.0
6363,rss-alert,rssFeedTrigger,slack,1.0
6364,form-to-endpoint,webhook,httpRequest,1.0
6365,morning-metrics,scheduleTrigger,googleSheets,1.0
6366,email-archiver,emailReadImap,readWriteFile,1.0
6367,rss-alert,rssFeedTrigger,slack,1.0
6368,form-to-endpoint,webhook,httpRequest,1.0
6369,morning-metrics,scheduleTrigger,googleSheets,1.0
6370,email-archiver,emailReadImap,readWriteFile,1.0
6371,rss-alert,rssFeedTrigger,slack,1.0
6372,form-to-endpoint,webhook,httpRequest,1.0
6373,morning-metrics,scheduleTrigger,googleSheets,1.0
6374,email-archiver,emailReadImap,readWriteFile,1.0
6375,rss-alert,scheduleTrigger,slack,0.5
6376,form-to-endpoint,rssFeedTrigger,httpRequest,0.5
6377,morning-metrics,scheduleTrigger,googleSheets,1.0
6378,email-archiver,emailReadImap,readWriteFile,1.0
6379,rss-alert,rssFeedTrigger,slack,1.0
6380,form-to-endpoint,webhook,httpRequest,1.0
6381,morning-metrics,scheduleTrigger,googleSheets,1.0
6382,email-archiver,emailReadImap,readWriteFile,1.0
6383,rss-alert,rssFeedTrigger,slack,1.0
6384,form-to-endpoint,webhook,googleSheets,0.5
6385,morning-metrics,scheduleTrigger,googleSheets,1.0
6386,email-archiver,emailReadImap,readWriteFile,1.0
6387,rss-alert,rssFeedTrigger,slack,1.0
6388,form-to-endpoint,webhook,httpRequest,1.0
6389,morning-metrics,scheduleTrigger,googleSheets,1.0
6390,email-archiver,emailReadImap,readWriteFile,1.0
6391,rss-alert,rssFeedTrigger,slack,1.0
6392,form-to-endpoint,webhook,httpRequest,1.0
6393,morning-metrics,scheduleTrigger,googleSheets,1.0
6394,email-archiver,emailReadImap,readWriteFile,1.0
6395,rss-alert,rssFeedTrigger,slack,1.0
6396,form-to-endpoint,webhook,httpRequest,1.0
6397,morning-metrics,scheduleTrigger,googleSheets,1.0
6398,email-archiver,emailReadImap,readWriteFile,1.0
6399,rss-alert,rssFeedTrigger,slack,1.0
6400,form-to-endpoint,webhook,httpRequest,1.0
6401,morning-metrics,webhook,googleSheets,0.5
6402,email-archiver,emailReadImap,readWriteFile,1.0
6403,rss-alert,rssFeedTrigger,slack,1.0
6404,form-to-endpoint,webhook,httpRequest,1.0
6405,morning-metrics,scheduleTrigger,googleSheets,1.0
6406,email-archiver,emailReadImap,readWriteFile,1.0
6407,rss-alert,rssFeedTrigger,slack,1.0
6408,form-to-endpoint,webhook,httpRequest,1.0
6409,morning-metrics,scheduleTrigger,googleSheets,1.0
6410,email-archiver,emailReadImap,readWriteFile,1.0
6411,rss-alert,rssFeedTrigger,slack,1.0
6412,form-to-endpoint,webhook,httpRequest,1.0
6413,morning-metrics,scheduleTrigger,googleSheets,1.0
6414,email-archiver,webhook,readWriteFile,0.5
6415,rss-alert,scheduleTrigger,slack,0.5
6416,form-to-endpoint,emailReadImap,httpRequest,0.5
6417,morning-metrics,scheduleTrigger,googleSheets,1.0
6418,email-archiver,emailReadImap,readWriteFile,1.0
6419,rss-alert,rssFeedTrigger,slack,1.0
6420,form-to-endpoint,webhook,httpRequest,1.0
6421,morning-metrics,emailReadImap,googleSheets,0.5
6422,email-archiver,emailReadImap,readWriteFile,1.0
6423,rss-alert,rssFeedTrigger,slack,1.0
6424,form-to-endpoint,webhook,httpRequest,1.0
6425,morning-metrics,scheduleTrigger,googleSheets,1.0
6426,email-archiver,emailReadImap,readWriteFile,1.0
6427,rss-alert,rssFeedTrigger,slack,1.0
6428,form-to-endpoint,webhook,httpRequest,1.0
6429,morning-metrics,scheduleTrigger,googleSheets,1.0
6430,email-archiver,webhook,readWriteFile,0.5
6431,rss-alert,rssFeedTrigger,slack,1.0
6432,form-to-endpoint,webhook,googleSheets,0.5
6433,morning-metrics,scheduleTrigger,googleSheets,1.0
6434,email-archiver,emailReadImap,readWriteFile,1.0
6435,rss-alert,rssFeedTrigger,slack,1.0
6436,form-to-endpoint,webhook,httpRequest,1.0
6437,morning-metrics,emailReadImap,googleSheets,0.5
6438,email-archiver,emailReadImap,googleSheets,0.5
6439,rss-alert,rssFeedTrigger,slack,1.0
6440,form-to-endpoint,webhook,httpRequest,1.0
6441,morning-metrics,scheduleTrigger,googleSheets,1.0
6442,email-archiver,emailReadImap,readWriteFile,1.0
6443,rss-alert,rssFeedTrigger,slack,1.0
6444,form-to-endpoint,webhook,httpRequest,1.0
6445,morning-metrics,webhook,googleSheets,0.5
6446,email-archiver,emailReadImap,readWriteFile,1.0
6447,rss-alert,rssFeedTrigger,slack,1.0
6448,form-to-endpoint,webhook,httpRequest,1.0
6449,morning-metrics,scheduleTrigger,googleSheets,1.0
6450,email-archiver,emailReadImap,googleSheets,0.5
6451,rss-alert,rssFeedTrigger,slack,1.0
6452,form-to-endpoint,webhook,httpRequest,1.0
6453,morning-metrics,scheduleTrigger,googleSheets,1.0
6454,email-archiver,emailReadImap,readWriteFile,1.0
6455,rss-alert,rssFeedTrigger,slack,1.0
6456,form-to-endpoint,webhook,httpRequest,1.0
6457,morning-metrics,scheduleTrigger,googleSheets,1.0
6458,email-archiver,emailReadImap,readWriteFile,1.0
6459,rss-alert,rssFeedTrigger,slack,1.0
6460,form-to-endpoint,webhook,httpRequest,1.0
6461,morning-metrics,scheduleTrigger,googleSheets,1.0
6462,email-archiver,emailReadImap,readWriteFile,1.0
6463,rss-alert,rssFeedTrigger,slack,1.0
6464,form-to-endpoint,webhook,httpRequest,1.0
6465,morning-metrics,scheduleTrigger,googleSheets,1.0
6466,email-archiver,emailReadImap,readWriteFile,1.0
6467,rss-alert,rssFeedTrigger,slack,1.0
6468,form-to-endpoint,webhook,readWriteFile,0.5
6469,morning-metrics,webhook,googleSheets,0.5
6470,email-archiver,emailReadImap,readWriteFile,1.0
6471,rss-alert,rssFeedTrigger,slack,1.0
6472,form-to-endpoint,webhook,httpRequest,1.0
6473,morning-metrics,scheduleTrigger,googleSheets,1.0
6474,email-archiver,emailReadImap,readWriteFile,1.0
6475,rss-alert,rssFeedTrigger,slack,1.0
6476,form-to-endpoint,webhook,httpRequest,1.0
6477,morning-metrics,scheduleTrigger,googleSheets,1.0
6478,email-archiver,scheduleTrigger,readWriteFile,0.5
6479,rss-alert,rssFeedTrigger,slack,1.0
6480,form-to-endpoint,webhook,httpRequest,1.0
6481,morning-metrics,scheduleTrigger,googleSheets,1.0
6482,email-archiver,webhook,readWriteFile,0.5
6483,rss-alert,rssFeedTrigger,slack,1.0
6484,form-to-endpoint,webhook,httpRequest,1.0
6485,morning-metrics,scheduleTrigger,googleSheets,1.0
6486,email-archiver,emailReadImap,readWriteFile,1.0
6487,rss-alert,rssFeedTrigger,slack,1.0
6488,form-to-endpoint,webhook,googleSheets,0.5
6489,morning-metrics,scheduleTrigger,googleSheets,1.0
6490,email-archiver,emailReadImap,readWriteFile,1.0
6491,rss-alert,rssFeedTrigger,slack,1.0
6492,form-to-endpoint,webhook,httpRequest,1.0
6493,morning-metrics,scheduleTrigger,googleSheets,1.0
6494,email-archiver,emailReadImap,readWriteFile,1.0
6495,rss-alert,rssFeedTrigger,slack,1.0
6496,form-to-endpoint,webhook,httpRequest,1.0
6497,morning-metrics,scheduleTrigger,readWriteFile,0.5
6498,email-archiver,emailReadImap,readWriteFile,1.0
6499,rss-alert,rssFeedTrigger,slack,1.0
6500,form-to-endpoint,webhook,httpRequest,1.0
6501,morning-metrics,scheduleTrigger,readWriteFile,0.5
6502,email-archiver,emailReadImap,readWriteFile,1.0
6503,rss-alert,scheduleTrigger,slack,0.5
6504,form-to-endpoint,webhook,httpRequest,1.0
6505,morning-metrics,scheduleTrigger,googleSheets,1.0
6506,email-archiver,scheduleTrigger,readWriteFile,0.5
6507,rss-alert,rssFeedTrigger,slack,1.0
6508,form-to-endpoint,webhook,httpRequest,1.0
6509,morning-metrics,scheduleTrigger,googleSheets,1.0
6510,email-archiver,emailReadImap,readWriteFile,1.0
6511,rss-alert,rssFeedTrigger,slack,1.0
6512,form-to-endpoint,webhook,httpRequest,1.0
6513,morning-metrics,scheduleTrigger,googleSheets,1.0
6514,email-archiver,emailReadImap,readWriteFile,1.0
6515,rss-alert,rssFeedTrigger,slack,1.0
6516,form-to-endpoint,webhook,httpRequest,1.0
6517,morning-metrics,scheduleTrigger,googleSheets,1.0
6518,email-archiver,emailReadImap,readWriteFile,1.0
6519,rss-alert,rssFeedTrigger,googleSheets,0.5
6520,form-to-endpoint,webhook,googleSheets,0.5
6521,morning-metrics,scheduleTrigger,googleSheets,1.0
6522,email-archiver,emailReadImap,readWriteFile,1.0
6523,rss-alert,rssFeedTrigger,slack,1.0
6524,form-to-endpoint,webhook,httpRequest,1.0
6525,morning-metrics,scheduleTrigger,httpRequest,0.5
6526,email-archiver,emailReadImap,readWriteFile,1.0
6527,rss-alert,rssFeedTrigger,slack,1.0
6528,form-to-endpoint,rssFeedTrigger,httpRequest,0.5
6529,morning-metrics,scheduleTrigger,googleSheets,1.0
6530,email-archiver,emailReadImap,readWriteFile,1.0
6531,rss-alert,rssFeedTrigger,slack,1.0
6532,form-to-endpoint,webhook,httpRequest,1.0
6533,morning-metrics,scheduleTrigger,googleSheets,1.0
6534,email-archiver,emailReadImap,readWriteFile,1.0
6535,rss-alert,rssFeedTrigger,slack,1.0
6536,form-to-endpoint,webhook,httpRequest,1.0
6537,morning-metrics,scheduleTrigger,googleSheets,1.0
6538,email-archiver,emailReadImap,readWriteFile,1.0
6539,rss-alert,rssFeedTrigger,slack,1.0
6540,form-to-endpoint,webhook,googleSheets,0.5
6541,morning-metrics,scheduleTrigger,googleSheets,1.0
6542,email-archiver,emailReadImap,readWriteFile,1.0
6543,rss-alert,rssFeedTrigger,slack,1.0
6544,form-to-endpoint,webhook,httpRequest,1.0
6545,morning-metrics,scheduleTrigger,slack,0.5
6546,email-archiver,emailReadImap,readWriteFile,1.0
6547,rss-alert,rssFeedTrigger,slack,1.0
6548,form-to-endpoint,webhook,httpRequest,1.0
6549,morning-metrics,scheduleTrigger,googleSheets,1.0
6550,email-archiver,emailReadImap,readWriteFile,1.0
6551,rss-alert,rssFeedTrigger,slack,1.0
6552,form-to-endpoint,webhook,httpRequest,1.0
6553,morning-metrics,webhook,googleSheets,0.5
6554,email-archiver,emailReadImap,readWriteFile,1.0
6555,rss-alert,rssFeedTrigger,slack,1.0
6556,form-to-endpoint,webhook,httpRequest,1.0
6557,morning-metrics,scheduleTrigger,googleSheets,1.0
6558,email-archiver,emailReadImap,readWriteFile,1.0
6559,rss-alert,rssFeedTrigger,slack,1.0
6560,form-to-endpoint,webhook,httpRequest,1.0
6561,morning-metrics,scheduleTrigger,googleSheets,1.0
6562,email-archiver,emailReadImap,readWriteFile,1.0
6563,rss-alert,rssFeedTrigger,slack,1.0
6564,form-to-endpoint,webhook,httpRequest,1.0
6565,morning-metrics,scheduleTrigger,httpRequest,0.5
6566,email-archiver,emailReadImap,readWriteFile,1.0
6567,rss-alert,rssFeedTrigger,slack,1.0
6568,form-to-endpoint,webhook,httpRequest,1.0
6569,morning-metrics,scheduleTrigger,googleSheets,1.0
6570,email-archiver,emailReadImap,readWriteFile,1.0
6571,rss-alert,rssFeedTrigger,slack,1.0
6572,form-to-endpoint,webhook,httpRequest,1.0
6573,morning-metrics,scheduleTrigger,readWriteFile,0.5
6574,email-archiver,emailReadImap,readWriteFile,1.0
6575,rss-alert,emailReadImap,slack,0.5
6576,form-to-endpoint,webhook,httpRequest,1.0
6577,morning-metrics,scheduleTrigger,googleSheets,1.0
6578,email-archiver,scheduleTrigger,readWriteFile,0.5
6579,rss-alert,rssFeedTrigger,slack,1.0
6580,form-to-endpoint,webhook,httpRequest,1.0
6581,morning-metrics,scheduleTrigger,googleSheets,1.0
6582,email-archiver,emailReadImap,readWriteFile,1.0
6583,rss-alert,rssFeedTrigger,slack,1.0
6584,form-to-endpoint,webhook,httpRequest,1.0
6585,morning-metrics,webhook,googleSheets,0.5
6586,email-archiver,emailReadImap,readWriteFile,1.0
6587,rss-alert,rssFeedTrigger,slack,1.0
6588,form-to-endpoint,emailReadImap,httpRequest,0.5
6589,morning-metrics,scheduleTrigger,googleSheets,1.0
6590,email-archiver,emailReadImap,readWriteFile,1.0
6591,rss-alert,rssFeedTrigger,slack,1.0
6592,form-to-endpoint,webhook,httpRequest,1.0
6593,morning-metrics,scheduleTrigger,googleSheets,1.0
6594,email-archiver,emailReadImap,slack,0.5
6595,rss-alert,rssFeedTrigger,slack,1.0
6596,form-to-endpoint,webhook,httpRequest,1.0
6597,morning-metrics,scheduleTrigger,googleSheets,1.0
6598,email-archiver,emailReadImap,readWriteFile,1.0
6599,rss-alert,rssFeedTrigger,slack,1.0
6600,form-to-endpoint,webhook,httpRequest,1.0
6601,morning-metrics,scheduleTrigger,googleSheets,1.0
6602,email-archiver,emailReadImap,readWriteFile,1.0
6603,rss-alert,rssFeedTrigger,googleSheets,0.5
6604,form-to-endpoint,webhook,httpRequest,1.0
6605,morning-metrics,scheduleTrigger,googleSheets,1.0
6606,email-archiver,emailReadImap,readWriteFile,1.0
6607,rss-alert,rssFeedTrigger,slack,1.0
6608,form-to-endpoint,webhook,httpRequest,1.0
6609,morning-metrics,scheduleTrigger,readWriteFile,0.5
6610,email-archiver,emailReadImap,readWriteFile,1.0
6611,rss-alert,rssFeedTrigger,slack,1.0
6612,form-to-endpoint,webhook,httpRequest,1.0
6613,morning-metrics,scheduleTrigger,googleSheets,1.0
6614,email-archiver,emailReadImap,readWriteFile,1.0
6615,rss-alert,rssFeedTrigger,slack,1.0
6616,form-to-endpoint,webhook,httpRequest,1.0
6617,morning-metrics,scheduleTrigger,googleSheets,1.0
6618,email-archiver,emailReadImap,readWriteFile,1.0
6619,rss-alert,rssFeedTrigger,slack,1.0
6620,form-to-endpoint,webhook,httpRequest,1.0
6621,morning-metrics,scheduleTrigger,googleSheets,1.0
6622,email-archiver,emailReadImap,readWriteFile,1.0
6623,rss-alert,rssFeedTrigger,slack,1.0
6624,form-to-endpoint,webhook,httpRequest,1.0
6625,morning-metrics,scheduleTrigger,httpRequest,0.5
6626,email-archiver,emailReadImap,readWriteFile,1.0
6627,rss-alert,rssFeedTrigger,slack,1.0
6628,form-to-endpoint,webhook,httpRequest,1.0
6629,morning-metrics,scheduleTrigger,googleSheets,1.0
6630,email-archiver,emailReadImap,readWriteFile,1.0
6631,rss-alert,rssFeedTrigger,slack,1.0
6632,form-to-endpoint,webhook,httpRequest,1.0
6633,morning-metrics,scheduleTrigger,googleSheets,1.0
6634,email-archiver,emailReadImap,slack,0.5
6635,rss-alert,rssFeedTrigger,googleSheets,0.5
6636,form-to-endpoint,rssFeedTrigger,httpRequest,0.5
6637,morning-metrics,scheduleTrigger,googleSheets,1.0
6638,email-archiver,emailReadImap,readWriteFile,1.0
6639,rss-alert,rssFeedTrigger,slack,1.0
6640,form-to-endpoint,webhook,httpRequest,1.0
6641,morning-metrics,scheduleTrigger,googleSheets,1.0
6642,email-archiver,emailReadImap,readWriteFile,1.0
6643,rss-alert,rssFeedTrigger,slack,1.0
6644,form-to-endpoint,emailReadImap,httpRequest,0.5
6645,morning-metrics,scheduleTrigger,googleSheets,1.0
6646,email-archiver,emailReadImap,readWriteFile,1.0
6647,rss-alert,rssFeedTrigger,slack,1.0
6648,form-to-endpoint,webhook,httpRequest,1.0
6649,morning-metrics,scheduleTrigger,googleSheets,1.0
6650,email-archiver,emailReadImap,readWriteFile,1.0
6651,rss-alert,rssFeedTrigger,slack,1.0
6652,form-to-endpoint,webhook,httpRequest,1.0
6653,morning-metrics,scheduleTrigger,googleSheets,1.0
6654,email-archiver,emailReadImap,readWriteFile,1.0
6655,rss-alert,rssFeedTrigger,slack,1.0
6656,form-to-endpoint,webhook,httpRequest,1.0
6657,morning-metrics,scheduleTrigger,googleSheets,1.0
6658,email-archiver,emailReadImap,readWriteFile,1.0
6659,rss-alert,rssFeedTrigger,slack,1.0
6660,form-to-endpoint,webhook,httpRequest,1.0
6661,morning-metrics,scheduleTrigger,googleSheets,1.0
6662,email-archiver,emailReadImap,readWriteFile,1.0
6663,rss-alert,rssFeedTrigger,slack,1.0
6664,form-to-endpoint,webhook,httpRequest,1.0
6665,morning-metrics,scheduleTrigger,googleSheets,1.0
6666,email-archiver,emailReadImap,readWriteFile,1.0
6667,rss-alert,rssFeedTrigger,slack,1.0
6668,form-to-endpoint,webhook,httpRequest,1.0
6669,morning-metrics,scheduleTrigger,googleSheets,1.0
6670,email-archiver,emailReadImap,readWriteFile,1.0
6671,rss-alert,rssFeedTrigger,slack,1.0
6672,form-to-endpoint,rssFeedTrigger,httpRequest,0.5
6673,morning-metrics,scheduleTrigger,googleSheets,1.0
6674,email-archiver,emailReadImap,readWriteFile,1.0
6675,rss-alert,rssFeedTrigger,googleSheets,0.5
6676,form-to-endpoint,webhook,httpRequest,1.0
6677,morning-metrics,scheduleTrigger,googleSheets,1.0
6678,email-archiver,emailReadImap,readWriteFile,1.0
6679,rss-alert,rssFeedTrigger,slack,1.0
6680,form-to-endpoint,webhook,readWriteFile,0.5
6681,morning-metrics,scheduleTrigger,googleSheets,1.0
6682,email-archiver,emailReadImap,readWriteFile,1.0
6683,rss-alert,rssFeedTrigger,slack,1.0
6684,form-to-endpoint,webhook,httpRequest,1.0
6685,morning-metrics,scheduleTrigger,googleSheets,1.0
6686,email-archiver,emailReadImap,readWriteFile,1.0
6687,rss-alert,rssFeedTrigger,readWriteFile,0.5
6688,form-to-endpoint,webhook,httpRequest,1.0
6689,morning-metrics,scheduleTrigger,googleSheets,1.0
6690,email-archiver,webhook,readWriteFile,0.5
6691,rss-alert,rssFeedTrigger,slack,1.0
6692,form-to-endpoint,webhook,httpRequest,1.0
6693,morning-metrics,scheduleTrigger,googleSheets,1.0
6694,email-archiver,emailReadImap,readWriteFile,1.0
6695,rss-alert,rssFeedTrigger,slack,1.0
6696,form-to-endpoint,webhook,httpRequest,1.0
6697,morning-metrics,scheduleTrigger,googleSheets,1.0
6698,email-archiver,emailReadImap,readWriteFile,1.0
6699,rss-alert,rssFeedTrigger,slack,1.0
6700,form-to-endpoint,webhook,httpRequest,1.0
6701,morning-metrics,scheduleTrigger,googleSheets,1.0
6702,email-archiver,emailReadImap,readWriteFile,1.0
6703,rss-alert,rssFeedTrigger,slack,1.0
6704,form-to-endpoint,webhook,httpRequest,1.0
6705,morning-metrics,emailReadImap,googleSheets,0.5
6706,email-archiver,emailReadImap,readWriteFile,1.0
6707,rss-alert,emailReadImap,slack,0.5
6708,form-to-endpoint,webhook,httpRequest,1.0
6709,morning-metrics,scheduleTrigger,googleSheets,1.0
6710,email-archiver,emailReadImap,readWriteFile,1.0
6711,rss-alert,rssFeedTrigger,slack,1.0
6712,form-to-endpoint,webhook,httpRequest,1.0
6713,morning-metrics,scheduleTrigger,googleSheets,1.0
6714,email-archiver,emailReadImap,readWriteFile,1.0
6715,rss-alert,rssFeedTrigger,httpRequest,0.5
6716,form-to-endpoint,webhook,httpRequest,1.0
6717,morning-metrics,scheduleTrigger,googleSheets,1.0
6718,email-archiver,emailReadImap,readWriteFile,1.0
6719,rss-alert,emailReadImap,slack,0.5
6720,form-to-endpoint,webhook,httpRequest,1.0
6721,morning-metrics,scheduleTrigger,googleSheets,1.0
6722,email-archiver,emailReadImap,readWriteFile,1.0
6723,rss-alert,rssFeedTrigger,slack,1.0
6724,form-to-endpoint,webhook,httpRequest,1.0
6725,morning-metrics,scheduleTrigger,googleSheets,1.0
6726,email-archiver,emailReadImap,readWriteFile,1.0
6727,rss-alert,rssFeedTrigger,slack,1.0
6728,form-to-endpoint,webhook,googleSheets,0.5
6729,morning-metrics,scheduleTrigger,googleSheets,1.0
6730,email-archiver,emailReadImap,readWriteFile,1.0
6731,rss-alert,scheduleTrigger,slack,0.5
6732,form-to-endpoint,webhook,httpRequest,1.0
6733,morning-metrics,rssFeedTrigger,googleSheets,0.5
6734,email-archiver,emailReadImap,readWriteFile,1.0
6735,rss-alert,rssFeedTrigger,slack,1.0
6736,form-to-endpoint,webhook,httpRequest,1.0
6737,morning-metrics,scheduleTrigger,googleSheets,1.0
6738,email-archiver,emailReadImap,readWriteFile,1.0
6739,rss-alert,scheduleTrigger,slack,0.5
6740,form-to-endpoint,webhook,httpRequest,1.0
6741,morning-metrics,scheduleTrigger,googleSheets,1.0
6742,email-archiver,emailReadImap,readWriteFile,1.0
6743,rss-alert,rssFeedTrigger,slack,1.0
6744,form-to-endpoint,webhook,httpRequest,1.0
6745,morning-metrics,scheduleTrigger,googleSheets,1.0
6746,email-archiver,emailReadImap,readWriteFile,1.0
6747,rss-alert,rssFeedTrigger,slack,1.0
6748,form-to-endpoint,webhook,httpRequest,1.0
6749,morning-metrics,scheduleTrigger,googleSheets,1.0
6750,email-archiver,emailReadImap,readWriteFile,1.0
6751,rss-alert,rssFeedTrigger,slack,1.0
6752,form-to-endpoint,webhook,httpRequest,1.0
6753,morning-metrics,scheduleTrigger,googleSheets,1.0
6754,email-archiver,emailReadImap,readWriteFile,1.0
6755,rss-alert,rssFeedTrigger,slack,1.0
6756,form-to-endpoint,rssFeedTrigger,httpRequest,0.5
6757,morning-metrics,scheduleTrigger,googleSheets,1.0
6758,email-archiver,emailReadImap,readWriteFile,1.0
6759,rss-alert,rssFeedTrigger,slack,1.0
6760,form-to-endpoint,webhook,httpRequest,1.0
6761,morning-metrics,rssFeedTrigger,googleSheets,0.5
6762,email-archiver,emailReadImap,readWriteFile,1.0
6763,rss-alert,rssFeedTrigger,slack,1.0
6764,form-to-endpoint,webhook,httpRequest,1.0
6765,morning-metrics,scheduleTrigger,slack,0.5
6766,email-archiver,emailReadImap,readWriteFile,1.0
6767,rss-alert,rssFeedTrigger,slack,1.0
6768,form-to-endpoint,webhook,httpRequest,1.0
6769,morning-metrics,scheduleTrigger,googleSheets,1.0
6770,email-archiver,scheduleTrigger,googleSheets,0.0
6771,rss-alert,rssFeedTrigger,slack,1.0
6772,form-to-endpoint,webhook,googleSheets,0.5
6773,morning-metrics,scheduleTrigger,googleSheets,1.0
6774,email-archiver,emailReadImap,readWriteFile,1.0
6775,rss-alert,rssFeedTrigger,slack,1.0
6776,form-to-endpoint,webhook,httpRequest,1.0
6777,morning-metrics,scheduleTrigger,googleSheets,1.0
6778,email-archiver,emailReadImap,readWriteFile,1.0
6779,rss-alert,rssFeedTrigger,slack,1.0
6780,form-to-endpoint,webhook,slack,0.5
6781,morning-metrics,rssFeedTrigger,googleSheets,0.5
6782,email-archiver,emailReadImap,readWriteFile,1.0
6783,rss-alert,rssFeedTrigger,slack,1.0
6784,form-to-endpoint,webhook,httpRequest,1.0
6785,morning-metrics,scheduleTrigger,googleSheets,1.0
6786,email-archiver,rssFeedTrigger,readWriteFile,0.5
6787,rss-alert,rssFeedTrigger,slack,1.0
6788,form-to-endpoint,webhook,httpRequest,1.0
6789,morning-metrics,scheduleTrigger,googleSheets,1.0
6790,email-archiver,emailReadImap,readWriteFile,1.0
6791,rss-alert,rssFeedTrigger,slack,1.0
6792,form-to-endpoint,webhook,httpRequest,1.0
6793,morning-metrics,scheduleTrigger,googleSheets,1.0
6794,email-archiver,emailReadImap,readWriteFile,1.0
6795,rss-alert,rssFeedTrigger,slack,1.0
6796,form-to-endpoint,webhook,httpRequest,1.0
6797,morning-metrics,scheduleTrigger,googleSheets,1.0
6798,email-archiver,webhook,readWriteFile,0.5
6799,rss-alert,rssFeedTrigger,slack,1.0
6800,form-to-endpoint,webhook,httpRequest,1.0
6801,morning-metrics,scheduleTrigger,googleSheets,1.0
6802,email-archiver,emailReadImap,readWriteFile,1.0
6803,rss-alert,rssFeedTrigger,slack,1.0
6804,form-to-endpoint,webhook,httpRequest,1.0
6805,morning-metrics,scheduleTrigger,googleSheets,1.0
6806,email-archiver,scheduleTrigger,readWriteFile,0.5
6807,rss-alert,rssFeedTrigger,slack,1.0
6808,form-to-endpoint,webhook,httpRequest,1.0
6809,morning-metrics,scheduleTrigger,httpRequest,0.5
6810,email-archiver,emailReadImap,readWriteFile,1.0
6811,rss-alert,rssFeedTrigger,httpRequest,0.5
6812,form-to-endpoint,webhook,httpRequest,1.0
6813,morning-metrics,scheduleTrigger,googleSheets,1.0
6814,email-archiver,emailReadImap,readWriteFile,1.0
6815,rss-alert,rssFeedTrigger,slack,1.0
6816,form-to-endpoint,webhook,httpRequest,1.0
6817,morning-metrics,scheduleTrigger,googleSheets,1.0
6818,email-archiver,emailReadImap,readWriteFile,1.0
6819,rss-alert,rssFeedTrigger,slack,1.0
6820,form-to-endpoint,webhook,httpRequest,1.0
6821,morning-metrics,scheduleTrigger,googleSheets,1.0
6822,email-archiver,emailReadImap,readWriteFile,1.0
6823,rss-alert,rssFeedTrigger,slack,1.0
6824,form-to-endpoint,webhook,httpRequest,1.0
6825,morning-metrics,scheduleTrigger,googleSheets,1.0
6826,email-archiver,emailReadImap,readWriteFile,1.0
6827,rss-alert,rssFeedTrigger,slack,1.0
6828,form-to-endpoint,webhook,httpRequest,1.0
6829,morning-metrics,scheduleTrigger,googleSheets,1.0
6830,email-archiver,emailReadImap,readWriteFile,1.0
6831,rss-alert,rssFeedTrigger,slack,1.0
6832,form-to-endpoint,webhook,httpRequest,1.0
6833,morning-metrics,scheduleTrigger,googleSheets,1.0
6834,email-archiver,emailReadImap,readWriteFile,1.0
6835,rss-alert,rssFeedTrigger,slack,1.0
6836,form-to-endpoint,webhook,httpRequest,1.0
6837,morning-metrics,scheduleTrigger,googleSheets,1.0
6838,email-archiver,emailReadImap,readWriteFile,1.0
6839,rss-alert,rssFeedTrigger,slack,1.0
6840,form-to-endpoint,webhook,httpRequest,1.0
6841,morning-metrics,scheduleTrigger,googleSheets,1.0
6842,email-archiver,emailReadImap,readWriteFile,1.0
6843,rss-alert,rssFeedTrigger,slack,1.0
6844,form-to-endpoint,webhook,httpRequest,1.0
6845,morning-metrics,scheduleTrigger,googleSheets,1.0
6846,email-archiver,emailReadImap,readWriteFile,1.0
6847,rss-alert,rssFeedTrigger,slack,1.0
6848,form-to-endpoint,scheduleTrigger,httpRequest,0.5
6849,morning-metrics,scheduleTrigger,readWriteFile,0.5
6850,email-archiver,emailReadImap,readWriteFile,1.0
6851,rss-alert,rssFeedTrigger,slack,1.0
6852,form-to-endpoint,webhook,httpRequest,1.0
6853,morning-metrics,scheduleTrigger,googleSheets,1.0
6854,email-archiver,emailReadImap,readWriteFile,1.0
6855,rss-alert,rssFeedTrigger,slack,1.0
6856,form-to-endpoint,webhook,httpRequest,1.0
6857,morning-metrics,scheduleTrigger,googleSheets,1.0
6858,email-archiver,emailReadImap,readWriteFile,1.0
6859,rss-alert,rssFeedTrigger,slack,1.0
6860,form-to-endpoint,webhook,httpRequest,1.0
6861,morning-metrics,scheduleTrigger,readWriteFile,0.5
6862,email-archiver,emailReadImap,readWriteFile,1.0
6863,rss-alert,rssFeedTrigger,slack,1.0
6864,form-to-endpoint,scheduleTrigger,httpRequest,0.5
6865,morning-metrics,scheduleTrigger,googleSheets,1.0
6866,email-archiver,emailReadImap,readWriteFile,1.0
6867,rss-alert,rssFeedTrigger,slack,1.0
6868,form-to-endpoint,webhook,httpRequest,1.0
6869,morning-metrics,scheduleTrigger,googleSheets,1.0
6870,email-archiver,emailReadImap,readWriteFile,1.0
6871,rss-alert,scheduleTrigger,slack,0.5
6872,form-to-endpoint,webhook,httpRequest,1.0
6873,morning-metrics,scheduleTrigger,googleSheets,1.0
6874,email-archiver,emailReadImap,readWriteFile,1.0
6875,rss-alert,rssFeedTrigger,slack,1.0
6876,form-to-endpoint,webhook,httpRequest,1.0
6877,morning-metrics,scheduleTrigger,googleSheets,1.0
6878,email-archiver,emailReadImap,readWriteFile,1.0
6879,rss-alert,emailReadImap,slack,0.5
6880,form-to-endpoint,webhook,httpRequest,1.0
6881,morning-metrics,scheduleTrigger,googleSheets,1.0
6882,email-archiver,emailReadImap,readWriteFile,1.0
6883,rss-alert,rssFeedTrigger,slack,1.0
6884,form-to-endpoint,webhook,httpRequest,1.0
6885,morning-metrics,scheduleTrigger,googleSheets,1.0
6886,email-archiver,emailReadImap,readWriteFile,1.0
6887,rss-alert,rssFeedTrigger,slack,1.0
6888,form-to-endpoint,webhook,httpRequest,1.0
6889,morning-metrics,scheduleTrigger,googleSheets,1.0
6890,email-archiver,emailReadImap,readWriteFile,1.0
6891,rss-alert,rssFeedTrigger,slack,1.0
6892,form-to-endpoint,webhook,httpRequest,1.0
6893,morning-metrics,scheduleTrigger,googleSheets,1.0
6894,email-archiver,emailReadImap,readWriteFile,1.0
6895,rss-alert,rssFeedTrigger,slack,1.0
6896,form-to-endpoint,webhook,httpRequest,1.0
6897,morning-metrics,scheduleTrigger,googleSheets,1.0
6898,email-archiver,emailReadImap,readWriteFile,1.0
6899,rss-alert,rssFeedTrigger,slack,1.0
6900,form-to-endpoint,webhook,httpRequest,1.0
6901,morning-metrics,scheduleTrigger,googleSheets,1.0
6902,email-archiver,emailReadImap,readWriteFile,1.0
6903,rss-alert,rssFeedTrigger,slack,1.0
6904,form-to-endpoint,webhook,httpRequest,1.0
6905,morning-metrics,scheduleTrigger,googleSheets,1.0
6906,email-archiver,emailReadImap,readWriteFile,1.0
6907,rss-alert,emailReadImap,slack,0.5
6908,form-to-endpoint,scheduleTrigger,httpRequest,0.5
6909,morning-metrics,scheduleTrigger,googleSheets,1.0
6910,email-archiver,emailReadImap,httpRequest,0.5
6911,rss-alert,rssFeedTrigger,slack,1.0
6912,form-to-endpoint,webhook,httpRequest,1.0
6913,morning-metrics,scheduleTrigger,googleSheets,1.0
6914,email-archiver,emailReadImap,readWriteFile,1.0
6915,rss-alert,rssFeedTrigger,slack,1.0
6916,form-to-endpoint,webhook,slack,0.5
6917,morning-metrics,scheduleTrigger,googleSheets,1.0
6918,email-archiver,emailReadImap,readWriteFile,1.0
6919,rss-alert,rssFeedTrigger,slack,1.0
6920,form-to-endpoint,webhook,slack,0.5
6921,morning-metrics,scheduleTrigger,readWriteFile,0.5
6922,email-archiver,emailReadImap,readWriteFile,1.0
6923,rss-alert,rssFeedTrigger,slack,1.0
6924,form-to-endpoint,webhook,httpRequest,1.0
6925,morning-metrics,scheduleTrigger,googleSheets,1.0
6926,email-archiver,emailReadImap,readWriteFile,1.0
6927,rss-alert,rssFeedTrigger,slack,1.0
6928,form-to-endpoint,webhook,httpRequest,1.0
6929,morning-metrics,scheduleTrigger,googleSheets,1.0
6930,email-archiver,emailReadImap,readWriteFile,1.0
6931,rss-alert,rssFeedTrigger,readWriteFile,0.5
6932,form-to-endpoint,webhook,httpRequest,1.0
6933,morning-metrics,scheduleTrigger,googleSheets,1.0
6934,email-archiver,emailReadImap,readWriteFile,1.0
6935,rss-alert,rssFeedTrigger,slack,1.0
6936,form-to-endpoint,webhook,httpRequest,1.0
6937,morning-metrics,scheduleTrigger,httpRequest,0.5
6938,email-archiver,emailReadImap,slack,0.5
6939,rss-alert,rssFeedTrigger,slack,1.0
6940,form-to-endpoint,webhook,httpRequest,1.0
6941,morning-metrics,scheduleTrigger,googleSheets,1.0
6942,email-archiver,emailReadImap,readWriteFile,1.0
6943,rss-alert,rssFeedTrigger,slack,1.0
6944,form-to-endpoint,webhook,httpRequest,1.0
6945,morning-metrics,scheduleTrigger,googleSheets,1.0
6946,email-archiver,emailReadImap,readWriteFile,1.0
6947,rss-alert,rssFeedTrigger,slack,1.0
6948,form-to-endpoint,webhook,httpRequest,1.0
6949,morning-metrics,scheduleTrigger,googleSheets,1.0
6950,email-archiver,emailReadImap,readWriteFile,1.0
6951,rss-alert,rssFeedTrigger,slack,1.0
6952,form-to-endpoint,webhook,httpRequest,1.0
6953,morning-metrics,scheduleTrigger,googleSheets,1.0
6954,email-archiver,webhook,readWriteFile,0.5
6955,rss-alert,rssFeedTrigger,slack,1.0
6956,form-to-endpoint,webhook,httpRequest,1.0
6957,morning-metrics,scheduleTrigger,googleSheets,1.0
6958,email-archiver,emailReadImap,readWriteFile,1.0
6959,rss-alert,rssFeedTrigger,slack,1.0
6960,form-to-endpoint,webhook,httpRequest,1.0
6961,morning-metrics,scheduleTrigger,googleSheets,1.0
6962,email-archiver,emailReadImap,readWriteFile,1.0
6963,rss-alert,rssFeedTrigger,slack,1.0
6964,form-to-endpoint,webhook,httpRequest,1.0
6965,morning-metrics,scheduleTrigger,googleSheets,1.0
6966,email-archiver,emailReadImap,readWriteFile,1.0
6967,rss-alert,rssFeedTrigger,slack,1.0
6968,form-to-endpoint,webhook,httpRequest,1.0
6969,morning-metrics,scheduleTrigger,googleSheets,1.0
6970,email-archiver,emailReadImap,readWriteFile,1.0
6971,rss-alert,rssFeedTrigger,slack,1.0
6972,form-to-endpoint,webhook,httpRequest,1.0
6973,morning-metrics,scheduleTrigger,googleSheets,1.0
6974,email-archiver,emailReadImap,readWriteFile,1.0
6975,rss-alert,rssFeedTrigger,slack,1.0
6976,form-to-endpoint,webhook,readWriteFile,0.5
6977,morning-metrics,scheduleTrigger,googleSheets,1.0
6978,email-archiver,emailReadImap,readWriteFile,1.0
6979,rss-alert,rssFeedTrigger,slack,1.0
6980,form-to-endpoint,webhook,httpRequest,1.0
6981,morning-metrics,emailReadImap,googleSheets,0.5
6982,email-archiver,emailReadImap,readWriteFile,1.0
6983,rss-alert,rssFeedTrigger,slack,1.0
6984,form-to-endpoint,webhook,httpRequest,1.0
6985,morning-metrics,scheduleTrigger,googleSheets,1.0
6986,email-archiver,emailReadImap,readWriteFile,1.0
6987,rss-alert,rssFeedTrigger,slack,1.0
6988,form-to-endpoint,webhook,httpRequest,1.0
6989,morning-metrics,scheduleTrigger,googleSheets,1.0
6990,email-archiver,emailReadImap,readWriteFile,1.0
6991,rss-alert,rssFeedTrigger,slack,1.0
6992,form-to-endpoint,webhook,httpRequest,1.0
6993,morning-metrics,scheduleTrigger,googleSheets,1.0
6994,email-archiver,emailReadImap,readWriteFile,1.0
6995,rss-alert,rssFeedTrigger,slack,1.0
6996,form-to-endpoint,rssFeedTrigger,httpRequest,0.5
6997,morning-metrics,scheduleTrigger,googleSheets,1.0
6998,email-archiver,emailReadImap,readWriteFile,1.0
6999,rss-alert,rssFeedTrigger,googleSheets,0.5
7000,form-to-endpoint,webhook,httpRequest,1.0
7001,morning-metrics,emailReadImap,readWriteFile,0.0
7002,email-archiver,emailReadImap,readWriteFile,1.0
7003,rss-alert,rssFeedTrigger,slack,1.0
7004,form-to-endpoint,webhook,httpRequest,1.0
7005,morning-metrics,scheduleTrigger,googleSheets,1.0
7006,email-archiver,emailReadImap,readWriteFile,1.0
7007,rss-alert,rssFeedTrigger,slack,1.0
7008,form-to-endpoint,webhook,httpRequest,1.0
7009,morning-metrics,scheduleTrigger,googleSheets,1.0
7010,email-archiver,emailReadImap,readWriteFile,1.0
7011,rss-alert,rssFeedTrigger,slack,1.0
7012,form-to-endpoint,webhook,httpRequest,1.0
7013,morning-metrics,scheduleTrigger,googleSheets,1.0
7014,email-archiver,emailReadImap,readWriteFile,1.0
7015,rss-alert,rssFeedTrigger,slack,1.0
7016,form-to-endpoint,webhook,httpRequest,1.0
7017,morning-metrics,scheduleTrigger,googleSheets,1.0
7018,email-archiver,emailReadImap,readWriteFile,1.0
7019,rss-alert,rssFeedTrigger,slack,1.0
7020,form-to-endpoint,webhook,httpRequest,1.0
7021,morning-metrics,scheduleTrigger,googleSheets,1.0
7022,email-archiver,emailReadImap,readWriteFile,1.0
7023,rss-alert,rssFeedTrigger,slack,1.0
7024,form-to-endpoint,webhook,httpRequest,1.0
7025,morning-metrics,scheduleTrigger,googleSheets,1.0
7026,email-archiver,webhook,readWriteFile,0.5
7027,rss-alert,rssFeedTrigger,slack,1.0
7028,form-to-endpoint,webhook,httpRequest,1.0
7029,morning-metrics,scheduleTrigger,googleSheets,1.0
7030,email-archiver,emailReadImap,readWriteFile,1.0
7031,rss-alert,rssFeedTrigger,slack,1.0
7032,form-to-endpoint,webhook,httpRequest,1.0
7033,morning-metrics,scheduleTrigger,googleSheets,1.0
7034,email-archiver,emailReadImap,readWriteFile,1.0
7035,rss-alert,rssFeedTrigger,slack,1.0
7036,form-to-endpoint,webhook,readWriteFile,0.5
7037,morning-metrics,scheduleTrigger,googleSheets,1.0
7038,email-archiver,emailReadImap,readWriteFile,1.0
7039,rss-alert,rssFeedTrigger,slack,1.0
7040,form-to-endpoint,webhook,httpRequest,1.0
7041,morning-metrics,scheduleTrigger,googleSheets,1.0
7042,email-archiver,emailReadImap,readWriteFile,1.0
7043,rss-alert,rssFeedTrigger,slack,1.0
7044,form-to-endpoint,webhook,httpRequest,1.0
7045,morning-metrics,scheduleTrigger,googleSheets,1.0
7046,email-archiver,emailReadImap,readWriteFile,1.0
7047,rss-alert,rssFeedTrigger,slack,1.0
7048,form-to-endpoint,webhook,httpRequest,1.0
7049,morning-metrics,emailReadImap,readWriteFile,0.0
7050,email-archiver,emailReadImap,googleSheets,0.5
7051,rss-alert,rssFeedTrigger,slack,1.0
7052,form-to-endpoint,webhook,httpRequest,1.0
7053,morning-metrics,scheduleTrigger,googleSheets,1.0
7054,email-archiver,emailReadImap,readWriteFile,1.0
7055,rss-alert,rssFeedTrigger,slack,1.0
7056,form-to-endpoint,webhook,httpRequest,1.0
7057,morning-metrics,scheduleTrigger,googleSheets,1.0
7058,email-archiver,emailReadImap,readWriteFile,1.0
7059,rss-alert,rssFeedTrigger,slack,1.0
7060,form-to-endpoint,webhook,httpRequest,1.0
7061,morning-metrics,scheduleTrigger,googleSheets,1.0
7062,email-archiver,emailReadImap,readWriteFile,1.0
7063,rss-alert,rssFeedTrigger,slack,1.0
7064,form-to-endpoint,webhook,httpRequest,1.0
7065,morning-metrics,scheduleTrigger,googleSheets,1.0
7066,email-archiver,emailReadImap,readWriteFile,1.0
7067,rss-alert,rssFeedTrigger,httpRequest,0.5
7068,form-to-endpoint,webhook,httpRequest,1.0
7069,morning-metrics,scheduleTrigger,googleSheets,1.0
7070,email-archiver,emailReadImap,readWriteFile,1.0
7071,rss-alert,webhook,slack,0.5
7072,form-to-endpoint,scheduleTrigger,httpRequest,0.5
7073,morning-metrics,scheduleTrigger,googleSheets,1.0
7074,email-archiver,rssFeedTrigger,readWriteFile,0.5
7075,rss-alert,rssFeedTrigger,slack,1.0
7076,form-to-endpoint,webhook,httpRequest,1.0
7077,morning-metrics,scheduleTrigger,googleSheets,1.0
7078,email-archiver,emailReadImap,readWriteFile,1.0
7079,rss-alert,rssFeedTrigger,slack,1.0
7080,form-to-endpoint,webhook,httpRequest,1.0
7081,morning-metrics,scheduleTrigger,googleSheets,1.0
7082,email-archiver,rssFeedTrigger,readWriteFile,0.5
7083,rss-alert,rssFeedTrigger,slack,1.0
7084,form-to-endpoint,webhook,httpRequest,1.0
7085,morning-metrics,scheduleTrigger,googleSheets,1.0
7086,email-archiver,emailReadImap,readWriteFile,1.0
7087,rss-alert,scheduleTrigger,slack,0.5
7088,form-to-endpoint,webhook,httpRequest,1.0
7089,morning-metrics,scheduleTrigger,googleSheets,1.0
7090,email-archiver,emailReadImap,readWriteFile,1.0
7091,rss-alert,rssFeedTrigger,slack,1.0
7092,form-to-endpoint,webhook,httpRequest,1.0
7093,morning-metrics,scheduleTrigger,googleSheets,1.0
7094,email-archiver,emailReadImap,readWriteFile,1.0
7095,rss-alert,rssFeedTrigger,slack,1.0
7096,form-to-endpoint,webhook,httpRequest,1.0
7097,morning-metrics,scheduleTrigger,googleSheets,1.0
7098,email-archiver,emailReadImap,readWriteFile,1.0
7099,rss-alert,rssFeedTrigger,slack,1.0
7100,form-to-endpoint,rssFeedTrigger,httpRequest,0.5
7101,morning-metrics,scheduleTrigger,googleSheets,1.0
7102,email-archiver,emailReadImap,readWriteFile,1.0
7103,rss-alert,rssFeedTrigger,slack,1.0
7104,form-to-endpoint,webhook,httpRequest,1.0
7105,morning-metrics,scheduleTrigger,googleSheets,1.0
7106,email-archiver,emailReadImap,googleSheets,0.5
7107,rss-alert,rssFeedTrigger,slack,1.0
7108,form-to-endpoint,webhook,httpRequest,1.0
7109,morning-metrics,scheduleTrigger,googleSheets,1.0
7110,email-archiver,emailReadImap,googleSheets,0.5
7111,rss-alert,rssFeedTrigger,slack,1.0
7112,form-to-endpoint,webhook,httpRequest,1.0
7113,morning-metrics,scheduleTrigger,googleSheets,1.0
7114,email-archiver,emailReadImap,readWriteFile,1.0
7115,rss-alert,rssFeedTrigger,slack,1.0
7116,form-to-endpoint,webhook,httpRequest,1.0
7117,morning-metrics,scheduleTrigger,googleSheets,1.0
7118,email-archiver,emailReadImap,readWriteFile,1.0
7119,rss-alert,rssFeedTrigger,slack,1.0
7120,form-to-endpoint,webhook,httpRequest,1.0
7121,morning-metrics,scheduleTrigger,googleSheets,1.0
7122,email-archiver,emailReadImap,readWriteFile,1.0
7123,rss-alert,rssFeedTrigger,slack,1.0
7124,form-to-endpoint,webhook,httpRequest,1.0
7125,morning-metrics,scheduleTrigger,googleSheets,1.0
7126,email-archiver,emailReadImap,readWriteFile,1.0
7127,rss-alert,rssFeedTrigger,slack,1.0
7128,form-to-endpoint,webhook,httpRequest,1.0
7129,morning-metrics,scheduleTrigger,googleSheets,1.0
7130,email-archiver,emailReadImap,readWriteFile,1.0
7131,rss-alert,rssFeedTrigger,slack,1.0
7132,form-to-endpoint,webhook,httpRequest,1.0
7133,morning-metrics,scheduleTrigger,googleSheets,1.0
7134,email-archiver,emailReadImap,readWriteFile,1.0
7135,rss-alert,rssFeedTrigger,slack,1.0
7136,form-to-endpoint,webhook,httpRequest,1.0
7137,morning-metrics,scheduleTrigger,googleSheets,1.0
7138,email-archiver,emailReadImap,readWriteFile,1.0
7139,rss-alert,rssFeedTrigger,slack,1.0
7140,form-to-endpoint,webhook,httpRequest,1.0
7141,morning-metrics,scheduleTrigger,googleSheets,1.0
7142,email-archiver,emailReadImap,readWriteFile,1.0
7143,rss-alert,rssFeedTrigger,slack,1.0
7144,form-to-endpoint,webhook,httpRequest,1.0
7145,morning-metrics,scheduleTrigger,googleSheets,1.0
7146,email-archiver,emailReadImap,readWriteFile,1.0
7147,rss-alert,rssFeedTrigger,slack,1.0
7148,form-to-endpoint,webhook,httpRequest,1.0
7149,morning-metrics,scheduleTrigger,googleSheets,1.0
7150,email-archiver,emailReadImap,readWriteFile,1.0
7151,rss-alert,rssFeedTrigger,slack,1.0
7152,form-to-endpoint,webhook,httpRequest,1.0
7153,morning-metrics,scheduleTrigger,googleSheets,1.0
7154,email-archiver,emailReadImap,readWriteFile,1.0
7155,rss-alert,rssFeedTrigger,httpRequest,0.5
7156,form-to-endpoint,webhook,httpRequest,1.0
7157,morning-metrics,scheduleTrigger,googleSheets,1.0
7158,email-archiver,emailReadImap,readWriteFile,1.0
7159,rss-alert,rssFeedTrigger,googleSheets,0.5
7160,form-to-endpoint,webhook,httpRequest,1.0
7161,morning-metrics,scheduleTrigger,googleSheets,1.0
7162,email-archiver,emailReadImap,readWriteFile,1.0
7163,rss-alert,rssFeedTrigger,slack,1.0
7164,form-to-endpoint,emailReadImap,httpRequest,0.5
7165,morning-metrics,scheduleTrigger,googleSheets,1.0
7166,email-archiver,rssFeedTrigger,readWriteFile,0.5
7167,rss-alert,rssFeedTrigger,slack,1.0
7168,form-to-endpoint,webhook,httpRequest,1.0
7169,morning-metrics,scheduleTrigger,googleSheets,1.0
7170,email-archiver,emailReadImap,readWriteFile,1.0
7171,rss-alert,rssFeedTrigger,slack,1.0
7172,form-to-endpoint,webhook,httpRequest,1.0
7173,morning-metrics,scheduleTrigger,googleSheets,1.0
7174,email-archiver,emailReadImap,readWriteFile,1.0
7175,rss-alert,rssFeedTrigger,slack,1.0
7176,form-to-endpoint,webhook,httpRequest,1.0
7177,morning-metrics,scheduleTrigger,googleSheets,1.0
7178,email-archiver,emailReadImap,readWriteFile,1.0
7179,rss-alert,webhook,httpRequest,0.0
7180,form-to-endpoint,webhook,httpRequest,1.0
7181,morning-metrics,scheduleTrigger,googleSheets,1.0
7182,email-archiver,emailReadImap,readWriteFile,1.0
7183,rss-alert,rssFeedTrigger,slack,1.0
7184,form-to-endpoint,webhook,httpRequest,1.0
7185,morning-metrics,scheduleTrigger,googleSheets,1.0
7186,email-archiver,emailReadImap,readWriteFile,1.0
7187,rss-alert,rssFeedTrigger,httpRequest,0.5
7188,form-to-endpoint,webhook,httpRequest,1.0
7189,morning-metrics,scheduleTrigger,googleSheets,1.0
7190,email-archiver,emailReadImap,readWriteFile,1.0
7191,rss-alert,rssFeedTrigger,slack,1.0
7192,form-to-endpoint,webhook,httpRequest,1.0
7193,morning-metrics,scheduleTrigger,googleSheets,1.0
7194,email-archiver,webhook,readWriteFile,0.5
7195,rss-alert,rssFeedTrigger,slack,1.0
7196,form-to-endpoint,webhook,httpRequest,1.0
7197,morning-metrics,scheduleTrigger,googleSheets,1.0
7198,email-archiver,emailReadImap,httpRequest,0.5
7199,rss-alert,rssFeedTrigger,slack,1.0
7200,form-to-endpoint,webhook,httpRequest,1.0
7201,morning-metrics,scheduleTrigger,googleSheets,1.0
7202,email-archiver,emailReadImap,readWriteFile,1.0
7203,rss-alert,rssFeedTrigger,slack,1.0
7204,form-to-endpoint,webhook,httpRequest,1.0
7205,morning-metrics,scheduleTrigger,googleSheets,1.0
7206,email-archiver,emailReadImap,readWriteFile,1.0
7207,rss-alert,rssFeedTrigger,slack,1.0
7208,form-to-endpoint,webhook,httpRequest,1.0
7209,morning-metrics,scheduleTrigger,googleSheets,1.0
7210,email-archiver,emailReadImap,slack,0.5
7211,rss-alert,rssFeedTrigger,slack,1.0
7212,form-to-endpoint,webhook,httpRequest,1.0
7213,morning-metrics,scheduleTrigger,googleSheets,1.0
7214,email-archiver,emailReadImap,readWriteFile,1.0
7215,rss-alert,rssFeedTrigger,slack,1.0
7216,form-to-endpoint,rssFeedTrigger,readWriteFile,0.0
7217,morning-metrics,scheduleTrigger,googleSheets,1.0
7218,email-archiver,webhook,readWriteFile,0.5
7219,rss-alert,rssFeedTrigger,slack,1.0
7220,form-to-endpoint,webhook,httpRequest,1.0
7221,morning-metrics,scheduleTrigger,googleSheets,1.0
7222,email-archiver,emailReadImap,readWriteFile,1.0
7223,rss-alert,rssFeedTrigger,slack,1.0
7224,form-to-endpoint,webhook,httpRequest,1.0
7225,morning-metrics,scheduleTrigger,googleSheets,1.0
7226,email-archiver,emailReadImap,readWriteFile,1.0
7227,rss-alert,rssFeedTrigger,slack,1.0
7228,form-to-endpoint,webhook,httpRequest,1.0
7229,morning-metrics,scheduleTrigger,googleSheets,1.0
7230,email-archiver,emailReadImap,readWriteFile,1.0
7231,rss-alert,rssFeedTrigger,slack,1.0
7232,form-to-endpoint,webhook,httpRequest,1.0
7233,morning-metrics,scheduleTrigger,googleSheets,1.0
7234,email-archiver,emailReadImap,readWriteFile,1.0
7235,rss-alert,rssFeedTrigger,httpRequest,0.5
7236,form-to-endpoint,webhook,httpRequest,1.0
7237,morning-metrics,scheduleTrigger,googleSheets,1.0
7238,email-archiver,emailReadImap,readWriteFile,1.0
7239,rss-alert,rssFeedTrigger,slack,1.0
7240,form-to-endpoint,webhook,httpRequest,1.0
7241,morning-metrics,scheduleTrigger,googleSheets,1.0
7242,email-archiver,emailReadImap,readWriteFile,1.0
7243,rss-alert,rssFeedTrigger,slack,1.0
7244,form-to-endpoint,webhook,httpRequest,1.0
7245,morning-metrics,scheduleTrigger,googleSheets,1.0
7246,email-archiver,emailReadImap,readWriteFile,1.0
7247,rss-alert,rssFeedTrigger,slack,1.0
7248,form-to-endpoint,webhook,httpRequest,1.0
7249,morning-metrics,scheduleTrigger,googleSheets,1.0
7250,email-archiver,emailReadImap,readWriteFile,1.0
7251,rss-alert,rssFeedTrigger,slack,1.0
7252,form-to-endpoint,scheduleTrigger,httpRequest,0.5
7253,morning-metrics,scheduleTrigger,googleSheets,1.0
7254,email-archiver,emailReadImap,readWriteFile,1.0
7255,rss-alert,rssFeedTrigger,slack,1.0
7256,form-to-endpoint,webhook,httpRequest,1.0
7257,morning-metrics,scheduleTrigger,googleSheets,1.0
7258,email-archiver,emailReadImap,httpRequest,0.5
7259,rss-alert,rssFeedTrigger,slack,1.0
7260,form-to-endpoint,webhook,httpRequest,1.0
7261,morning-metrics,scheduleTrigger,httpRequest,0.5
7262,email-archiver,emailReadImap,readWriteFile,1.0
7263,rss-alert,rssFeedTrigger,slack,1.0
7264,form-to-endpoint,webhook,httpRequest,1.0
7265,morning-metrics,scheduleTrigger,googleSheets,1.0
7266,email-archiver,emailReadImap,readWriteFile,1.0
7267,rss-alert,rssFeedTrigger,googleSheets,0.5
7268,form-to-endpoint,webhook,httpRequest,1.0
7269,morning-metrics,scheduleTrigger,googleSheets,1.0
7270,email-archiver,emailReadImap,readWriteFile,1.0
7271,rss-alert,rssFeedTrigger,slack,1.0
7272,form-to-endpoint,webhook,httpRequest,1.0
7273,morning-metrics,scheduleTrigger,googleSheets,1.0
7274,email-archiver,emailReadImap,readWriteFile,1.0
7275,rss-alert,webhook,slack,0.5
7276,form-to-endpoint,webhook,httpRequest,1.0
7277,morning-metrics,scheduleTrigger,googleSheets,1.0
7278,email-archiver,emailReadImap,readWriteFile,1.0
7279,rss-alert,rssFeedTrigger,slack,1.0
7280,form-to-endpoint,webhook,httpRequest,1.0
7281,morning-metrics,scheduleTrigger,googleSheets,1.0
7282,email-archiver,emailReadImap,readWriteFile,1.0
7283,rss-alert,rssFeedTrigger,slack,1.0
7284,form-to-endpoint,webhook,httpRequest,1.0
7285,morning-metrics,scheduleTrigger,googleSheets,1.0
7286,email-archiver,emailReadImap,readWriteFile,1.0
7287,rss-alert,rssFeedTrigger,slack,1.0
7288,form-to-endpoint,webhook,httpRequest,1.0
7289,morning-metrics,scheduleTrigger,googleSheets,1.0
7290,email-archiver,emailReadImap,readWriteFile,1.0
7291,rss-alert,rssFeedTrigger,slack,1.0
7292,form-to-endpoint,webhook,httpRequest,1.0
7293,morning-metrics,scheduleTrigger,googleSheets,1.0
7294,email-archiver,emailReadImap,readWriteFile,1.0
7295,rss-alert,rssFeedTrigger,slack,1.0
7296,form-to-endpoint,webhook,httpRequest,1.0
7297,morning-metrics,scheduleTrigger,googleSheets,1.0
7298,email-archiver,emailReadImap,readWriteFile,1.0
7299,rss-alert,rssFeedTrigger,slack,1.0
7300,form-to-endpoint,webhook,httpRequest,1.0
7301,morning-metrics,scheduleTrigger,googleSheets,1.0
7302,email-archiver,emailReadImap,readWriteFile,1.0
7303,rss-alert,rssFeedTrigger,slack,1.0
7304,form-to-endpoint,webhook,httpRequest,1.0
7305,morning-metrics,scheduleTrigger,googleSheets,1.0
7306,email-archiver,rssFeedTrigger,readWriteFile,0.5
7307,rss-alert,rssFeedTrigger,slack,1.0
7308,form-to-endpoint,webhook,httpRequest,1.0
7309,morning-metrics,scheduleTrigger,googleSheets,1.0
7310,email-archiver,emailReadImap,readWriteFile,1.0
7311,rss-alert,rssFeedTrigger,slack,1.0
7312,form-to-endpoint,webhook,httpRequest,1.0
7313,morning-metrics,scheduleTrigger,googleSheets,1.0
7314,email-archiver,emailReadImap,readWriteFile,1.0
7315,rss-alert,rssFeedTrigger,slack,1.0
7316,form-to-endpoint,webhook,httpRequest,1.0
7317,morning-metrics,scheduleTrigger,googleSheets,1.0
7318,email-archiver,emailReadImap,readWriteFile,1.0
7319,rss-alert,rssFeedTrigger,slack,1.0
7320,form-to-endpoint,webhook,httpRequest,1.0
7321,morning-metrics,scheduleTrigger,slack,0.5
7322,email-archiver,emailReadImap,httpRequest,0.5
7323,rss-alert,rssFeedTrigger,slack,1.0
7324,form-to-endpoint,webhook,httpRequest,1.0
7325,morning-metrics,scheduleTrigger,googleSheets,1.0
7326,email-archiver,scheduleTrigger,readWriteFile,0.5
7327,rss-alert,rssFeedTrigger,googleSheets,0.5
7328,form-to-endpoint,webhook,httpRequest,1.0
7329,morning-metrics,scheduleTrigger,googleSheets,1.0
7330,email-archiver,emailReadImap,readWriteFile,1.0
7331,rss-alert,rssFeedTrigger,slack,1.0
7332,form-to-endpoint,webhook,httpRequest,1.0
7333,morning-metrics,scheduleTrigger,readWriteFile,0.5
7334,email-archiver,emailReadImap,readWriteFile,1.0
7335,rss-alert,rssFeedTrigger,slack,1.0
7336,form-to-endpoint,webhook,httpRequest,1.0
7337,morning-metrics,scheduleTrigger,slack,0.5
7338,email-archiver,emailReadImap,readWriteFile,1.0
7339,rss-alert,webhook,slack,0.5
7340,form-to-endpoint,webhook,httpRequest,1.0
7341,morning-metrics,scheduleTrigger,readWriteFile,0.5
7342,email-archiver,emailReadImap,slack,0.5
7343,rss-alert,rssFeedTrigger,slack,1.0
7344,form-to-endpoint,webhook,httpRequest,1.0
7345,morning-metrics,scheduleTrigger,googleSheets,1.0
7346,email-archiver,emailReadImap,slack,0.5
7347,rss-alert,rssFeedTrigger,slack,1.0
7348,form-to-endpoint,webhook,httpRequest,1.0
7349,morning-metrics,scheduleTrigger,googleSheets,1.0
7350,email-archiver,rssFeedTrigger,readWriteFile,0.5
7351,rss-alert,rssFeedTrigger,slack,1.0
7352,form-to-endpoint,rssFeedTrigger,httpRequest,0.5
7353,morning-metrics,scheduleTrigger,googleSheets,1.0
7354,email-archiver,emailReadImap,readWriteFile,1.0
7355,rss-alert,rssFeedTrigger,slack,1.0
7356,form-to-endpoint,webhook,httpRequest,1.0
7357,morning-metrics,scheduleTrigger,googleSheets,1.0
7358,email-archiver,emailReadImap,readWriteFile,1.0
7359,rss-alert,rssFeedTrigger,slack,1.0
7360,form-to-endpoint,webhook,httpRequest,1.0
7361,morning-metrics,scheduleTrigger,googleSheets,1.0
7362,email-archiver,rssFeedTrigger,readWriteFile,0.5
7363,rss-alert,webhook,slack,0.5
7364,form-to-endpoint,webhook,httpRequest,1.0
7365,morning-metrics,scheduleTrigger,googleSheets,1.0
7366,email-archiver,emailReadImap,readWriteFile,1.0
7367,rss-alert,rssFeedTrigger,slack,1.0
7368,form-to-endpoint,scheduleTrigger,httpRequest,0.5
7369,morning-metrics,scheduleTrigger,googleSheets,1.0
7370,email-archiver,emailReadImap,readWriteFile,1.0
7371,rss-alert,rssFeedTrigger,slack,1.0
7372,form-to-endpoint,webhook,readWriteFile,0.5
7373,morning-metrics,scheduleTrigger,googleSheets,1.0
7374,email-archiver,emailReadImap,readWriteFile,1.0
7375,rss-alert,rssFeedTrigger,slack,1.0
7376,form-to-endpoint,webhook,httpRequest,1.0
7377,morning-metrics,scheduleTrigger,googleSheets,1.0
7378,email-archiver,emailReadImap,readWriteFile,1.0
7379,rss-alert,rssFeedTrigger,slack,1.0
7380,form-to-endpoint,webhook,httpRequest,1.0
7381,morning-metrics,scheduleTrigger,googleSheets,1.0
7382,email-archiver,emailReadImap,readWriteFile,1.0
7383,rss-alert,rssFeedTrigger,slack,1.0
7384,form-to-endpoint,webhook,httpRequest,1.0
7385,morning-metrics,scheduleTrigger,googleSheets,1.0
7386,email-archiver,emailReadImap,slack,0.5
7387,rss-alert,emailReadImap,slack,0.5
7388,form-to-endpoint,webhook,httpRequest,1.0
7389,morning-metrics,scheduleTrigger,googleSheets,1.0
7390,email-archiver,emailReadImap,readWriteFile,1.0
7391,rss-alert,rssFeedTrigger,slack,1.0
7392,form-to-endpoint,webhook,httpRequest,1.0
7393,morning-metrics,scheduleTrigger,googleSheets,1.0
7394,email-archiver,scheduleTrigger,googleSheets,0.0
7395,rss-alert,rssFeedTrigger,slack,1.0
7396,form-to-endpoint,webhook,httpRequest,1.0
7397,morning-metrics,scheduleTrigger,googleSheets,1.0
7398,email-archiver,emailReadImap,readWriteFile,1.0
7399,rss-alert,rssFeedTrigger,googleSheets,0.5
7400,form-to-endpoint,rssFeedTrigger,httpRequest,0.5
7401,morning-metrics,scheduleTrigger,googleSheets,1.0
7402,email-archiver,emailReadImap,readWriteFile,1.0
7403,rss-alert,emailReadImap,slack,0.5
7404,form-to-endpoint,emailReadImap,httpRequest,0.5
7405,morning-metrics,scheduleTrigger,slack,0.5
7406,email-archiver,emailReadImap,readWriteFile,1.0
7407,rss-alert,scheduleTrigger,slack,0.5
7408,form-to-endpoint,webhook,httpRequest,1.0
7409,morning-metrics,scheduleTrigger,googleSheets,1.0
7410,email-archiver,emailReadImap,readWriteFile,1.0
7411,rss-alert,rssFeedTrigger,slack,1.0
7412,form-to-endpoint,webhook,readWriteFile,0.5
7413,morning-metrics,scheduleTrigger,googleSheets,1.0
7414,email-archiver,emailReadImap,readWriteFile,1.0
7415,rss-alert,rssFeedTrigger,slack,1.0
7416,form-to-endpoint,webhook,httpRequest,1.0
7417,morning-metrics,scheduleTrigger,googleSheets,1.0
7418,email-archiver,emailReadImap,readWriteFile,1.0
7419,rss-alert,rssFeedTrigger,slack,1.0
7420,form-to-endpoint,emailReadImap,httpRequest,0.5
7421,morning-metrics,scheduleTrigger,googleSheets,1.0
7422,email-archiver,emailReadImap,readWriteFile,1.0
7423,rss-alert,rssFeedTrigger,slack,1.0
7424,form-to-endpoint,webhook,httpRequest,1.0
7425,morning-metrics,scheduleTrigger,googleSheets,1.0
7426,email-archiver,emailReadImap,readWriteFile,1.0
7427,rss-alert,rssFeedTrigger,slack,1.0
7428,form-to-endpoint,webhook,httpRequest,1.0
7429,morning-metrics,scheduleTrigger,googleSheets,1.0
7430,email-archiver,emailReadImap,readWriteFile,1.0
7431,rss-alert,rssFeedTrigger,slack,1.0
7432,form-to-endpoint,webhook,httpRequest,1.0
7433,morning-metrics,scheduleTrigger,googleSheets,1.0
7434,email-archiver,emailReadImap,slack,0.5
7435,rss-alert,rssFeedTrigger,slack,1.0
7436,form-to-endpoint,webhook,httpRequest,1.0
7437,morning-metrics,scheduleTrigger,httpRequest,0.5
7438,email-archiver,emailReadImap,readWriteFile,1.0
7439,rss-alert,rssFeedTrigger,httpRequest,0.5
7440,form-to-endpoint,webhook,httpRequest,1.0
7441,morning-metrics,scheduleTrigger,googleSheets,1.0
7442,email-archiver,emailReadImap,readWriteFile,1.0
7443,rss-alert,rssFeedTrigger,httpRequest,0.5
7444,form-to-endpoint,webhook,httpRequest,1.0
7445,morning-metrics,scheduleTrigger,googleSheets,1.0
7446,email-archiver,emailReadImap,readWriteFile,1.0
7447,rss-alert,rssFeedTrigger,slack,1.0
7448,form-to-endpoint,webhook,httpRequest,1.0
7449,morning-metrics,scheduleTrigger,googleSheets,1.0
7450,email-archiver,emailReadImap,readWriteFile,1.0
7451,rss-alert,rssFeedTrigger,slack,1.0
7452,form-to-endpoint,emailReadImap,httpRequest,0.5
7453,morning-metrics,scheduleTrigger,googleSheets,1.0
7454,email-archiver,emailReadImap,slack,0.5
7455,rss-alert,rssFeedTrigger,slack,1.0
7456,form-to-endpoint,webhook,httpRequest,1.0
7457,morning-metrics,scheduleTrigger,googleSheets,1.0
7458,email-archiver,emailReadImap,readWriteFile,1.0
7459,rss-alert,rssFeedTrigger,slack,1.0
7460,form-to-endpoint,webhook,httpRequest,1.0
7461,morning-metrics,scheduleTrigger,googleSheets,1.0
7462,email-archiver,emailReadImap,readWriteFile,1.0
7463,rss-alert,rssFeedTrigger,slack,1.0
7464,form-to-endpoint,webhook,httpRequest,1.0
7465,morning-metrics,scheduleTrigger,googleSheets,1.0
7466,email-archiver,emailReadImap,readWriteFile,1.0
7467,rss-alert,rssFeedTrigger,slack,1.0
7468,form-to-endpoint,webhook,httpRequest,1.0
7469,morning-metrics,emailReadImap,googleSheets,0.5
7470,email-archiver,emailReadImap,readWriteFile,1.0
7471,rss-alert,rssFeedTrigger,slack,1.0
7472,form-to-endpoint,webhook,httpRequest,1.0
7473,morning-metrics,emailReadImap,readWriteFile,0.0
7474,email-archiver,emailReadImap,readWriteFile,1.0
7475,rss-alert,rssFeedTrigger,slack,1.0
7476,form-to-endpoint,webhook,slack,0.5
7477,morning-metrics,scheduleTrigger,googleSheets,1.0
7478,email-archiver,emailReadImap,readWriteFile,1.0
7479,rss-alert,rssFeedTrigger,slack,1.0
7480,form-to-endpoint,webhook,httpRequest,1.0
7481,morning-metrics,scheduleTrigger,googleSheets,1.0
7482,email-archiver,emailReadImap,readWriteFile,1.0
7483,rss-alert,rssFeedTrigger,slack,1.0
7484,form-to-endpoint,webhook,googleSheets,0.5
7485,morning-metrics,scheduleTrigger,googleSheets,1.0
7486,email-archiver,emailReadImap,httpRequest,0.5
7487,rss-alert,rssFeedTrigger,slack,1.0
7488,form-to-endpoint,webhook,httpRequest,1.0
7489,morning-metrics,scheduleTrigger,googleSheets,1.0
7490,email-archiver,emailReadImap,googleSheets,0.5
7491,rss-alert,rssFeedTrigger,slack,1.0
7492,form-to-endpoint,webhook,httpRequest,1.0
7493,morning-metrics,scheduleTrigger,googleSheets,1.0
7494,email-archiver,emailReadImap,readWriteFile,1.0
7495,rss-alert,rssFeedTrigger,slack,1.0
7496,form-to-endpoint,webhook,googleSheets,0.5
7497,morning-metrics,scheduleTrigger,googleSheets,1.0
7498,email-archiver,emailReadImap,readWriteFile,1.0
7499,rss-alert,webhook,slack,0.5
7500,form-to-endpoint,webhook,httpRequest,1.0
7501,morning-metrics,scheduleTrigger,googleSheets,1.0
7502,email-archiver,emailReadImap,readWriteFile,1.0
7503,rss-alert,rssFeedTrigger,slack,1.0
7504,form-to-endpoint,webhook,httpRequest,1.0
7505,morning-metrics,scheduleTrigger,googleSheets,1.0
7506,email-archiver,emailReadImap,readWriteFile,1.0
7507,rss-alert,rssFeedTrigger,slack,1.0
7508,form-to-endpoint,webhook,httpRequest,1.0
7509,morning-metrics,scheduleTrigger,googleSheets,1.0
7510,email-archiver,rssFeedTrigger,readWriteFile,0.5
7511,rss-alert,rssFeedTrigger,slack,1.0
7512,form-to-endpoint,webhook,httpRequest,1.0
7513,morning-metrics,scheduleTrigger,googleSheets,1.0
7514,email-archiver,emailReadImap,readWriteFile,1.0
7515,rss-alert,rssFeedTrigger,httpRequest,0.5
7516,form-to-endpoint,scheduleTrigger,slack,0.0
7517,morning-metrics,scheduleTrigger,readWriteFile,0.5
7518,email-archiver,emailReadImap,readWriteFile,1.0
7519,rss-alert,rssFeedTrigger,slack,1.0
7520,form-to-endpoint,webhook,httpRequest,1.0
7521,morning-metrics,scheduleTrigger,googleSheets,1.0
7522,email-archiver,emailReadImap,readWriteFile,1.0
7523,rss-alert,rssFeedTrigger,readWriteFile,0.5
7524,form-to-endpoint,webhook,httpRequest,1.0
7525,morning-metrics,scheduleTrigger,googleSheets,1.0
7526,email-archiver,emailReadImap,readWriteFile,1.0
7527,rss-alert,rssFeedTrigger,slack,1.0
7528,form-to-endpoint,webhook,httpRequest,1.0
7529,morning-metrics,scheduleTrigger,googleSheets,1.0
7530,email-archiver,rssFeedTrigger,readWriteFile,0.5
7531,rss-alert,rssFeedTrigger,slack,1.0
7532,form-to-endpoint,webhook,httpRequest,1.0
7533,morning-metrics,scheduleTrigger,googleSheets,1.0
7534,email-archiver,emailReadImap,readWriteFile,1.0
7535,rss-alert,rssFeedTrigger,slack,1.0
7536,form-to-endpoint,webhook,httpRequest,1.0
7537,morning-metrics,scheduleTrigger,googleSheets,1.0
7538,email-archiver,emailReadImap,readWriteFile,1.0
7539,rss-alert,rssFeedTrigger,slack,1.0
7540,form-to-endpoint,webhook,httpRequest,1.0
7541,morning-metrics,scheduleTrigger,googleSheets,1.0
7542,email-archiver,emailReadImap,httpRequest,0.5
7543,rss-alert,rssFeedTrigger,slack,1.0
7544,form-to-endpoint,webhook,httpRequest,1.0
7545,morning-metrics,scheduleTrigger,googleSheets,1.0
7546,email-archiver,emailReadImap,readWriteFile,1.0
7547,rss-alert,rssFeedTrigger,slack,1.0
7548,form-to-endpoint,emailReadImap,httpRequest,0.5
7549,morning-metrics,scheduleTrigger,googleSheets,1.0
7550,email-archiver,emailReadImap,readWriteFile,1.0
7551,rss-alert,rssFeedTrigger,slack,1.0
7552,form-to-endpoint,webhook,httpRequest,1.0
7553,morning-metrics,scheduleTrigger,googleSheets,1.0
7554,email-archiver,emailReadImap,readWriteFile,1.0
7555,rss-alert,rssFeedTrigger,slack,1.0
7556,form-to-endpoint,webhook,httpRequest,1.0
7557,morning-metrics,scheduleTrigger,googleSheets,1.0
7558,email-archiver,emailReadImap,readWriteFile,1.0
7559,rss-alert,rssFeedTrigger,slack,1.0
7560,form-to-endpoint,webhook,httpRequest,1.0
7561,morning-metrics,scheduleTrigger,googleSheets,1.0
7562,email-archiver,emailReadImap,readWriteFile,1.0
7563,rss-alert,rssFeedTrigger,slack,1.0
7564,form-to-endpoint,webhook,httpRequest,1.0
7565,morning-metrics,rssFeedTrigger,googleSheets,0.5
7566,email-archiver,emailReadImap,readWriteFile,1.0
7567,rss-alert,rssFeedTrigger,slack,1.0
7568,form-to-endpoint,webhook,httpRequest,1.0
7569,morning-metrics,scheduleTrigger,googleSheets,1.0
7570,email-archiver,emailReadImap,readWriteFile,1.0
7571,rss-alert,rssFeedTrigger,slack,1.0
7572,form-to-endpoint,webhook,httpRequest,1.0
7573,morning-metrics,scheduleTrigger,googleSheets,1.0
7574,email-archiver,emailReadImap,readWriteFile,1.0
7575,rss-alert,rssFeedTrigger,slack,1.0
7576,form-to-endpoint,webhook,httpRequest,1.0
7577,morning-metrics,scheduleTrigger,googleSheets,1.0
7578,email-archiver,emailReadImap,httpRequest,0.5
7579,rss-alert,rssFeedTrigger,slack,1.0
7580,form-to-endpoint,rssFeedTrigger,httpRequest,0.5
7581,morning-metrics,scheduleTrigger,googleSheets,1.0
7582,email-archiver,emailReadImap,readWriteFile,1.0
7583,rss-alert,emailReadImap,slack,0.5
7584,form-to-endpoint,webhook,httpRequest,1.0
7585,morning-metrics,scheduleTrigger,googleSheets,1.0
7586,email-archiver,emailReadImap,readWriteFile,1.0
7587,rss-alert,rssFeedTrigger,slack,1.0
7588,form-to-endpoint,webhook,httpRequest,1.0
7589,morning-metrics,scheduleTrigger,googleSheets,1.0
7590,email-archiver,emailReadImap,readWriteFile,1.0
7591,rss-alert,rssFeedTrigger,slack,1.0
7592,form-to-endpoint,webhook,readWriteFile,0.5
7593,morning-metrics,scheduleTrigger,googleSheets,1.0
7594,email-archiver,emailReadImap,readWriteFile,1.0
7595,rss-alert,rssFeedTrigger,slack,1.0
7596,form-to-endpoint,webhook,httpRequest,1.0
7597,morning-metrics,scheduleTrigger,googleSheets,1.0
7598,email-archiver,emailReadImap,httpRequest,0.5
7599,rss-alert,rssFeedTrigger,slack,1.0
7600,form-to-endpoint,webhook,httpRequest,1.0
7601,morning-metrics,emailReadImap,readWriteFile,0.0
7602,email-archiver,emailReadImap,readWriteFile,1.0
7603,rss-alert,rssFeedTrigger,httpRequest,0.5
7604,form-to-endpoint,webhook,httpRequest,1.0
7605,morning-metrics,scheduleTrigger,googleSheets,1.0
7606,email-archiver,emailReadImap,readWriteFile,1.0
7607,rss-alert,rssFeedTrigger,slack,1.0
7608,form-to-endpoint,webhook,httpRequest,1.0
7609,morning-metrics,scheduleTrigger,googleSheets,1.0
7610,email-archiver,emailReadImap,readWriteFile,1.0
7611,rss-alert,rssFeedTrigger,slack,1.0
7612,form-to-endpoint,webhook,httpRequest,1.0
7613,morning-metrics,scheduleTrigger,googleSheets,1.0
7614,email-archiver,emailReadImap,readWriteFile,1.0
7615,rss-alert,rssFeedTrigger,slack,1.0
7616,form-to-endpoint,webhook,httpRequest,1.0
7617,morning-metrics,scheduleTrigger,googleSheets,1.0
7618,email-archiver,emailReadImap,readWriteFile,1.0
7619,rss-alert,rssFeedTrigger,slack,1.0
7620,form-to-endpoint,webhook,httpRequest,1.0
7621,morning-metrics,scheduleTrigger,googleSheets,1.0
7622,email-archiver,emailReadImap,readWriteFile,1.0
7623,rss-alert,rssFeedTrigger,slack,1.0
7624,form-to-endpoint,webhook,httpRequest,1.0
7625,morning-metrics,scheduleTrigger,googleSheets,1.0
7626,email-archiver,emailReadImap,readWriteFile,1.0
7627,rss-alert,rssFeedTrigger,slack,1.0
7628,form-to-endpoint,webhook,httpRequest,1.0
7629,morning-metrics,scheduleTrigger,googleSheets,1.0
7630,email-archiver,emailReadImap,readWriteFile,1.0
7631,rss-alert,rssFeedTrigger,slack,1.0
7632,form-to-endpoint,webhook,httpRequest,1.0
7633,morning-metrics,scheduleTrigger,googleSheets,1.0
7634,email-archiver,emailReadImap,readWriteFile,1.0
7635,rss-alert,rssFeedTrigger,slack,1.0
7636,form-to-endpoint,webhook,httpRequest,1.0
7637,morning-metrics,scheduleTrigger,googleSheets,1.0
7638,email-archiver,emailReadImap,readWriteFile,1.0
7639,rss-alert,rssFeedTrigger,slack,1.0
7640,form-to-endpoint,webhook,httpRequest,1.0
7641,morning-metrics,scheduleTrigger,googleSheets,1.0
7642,email-archiver,emailReadImap,readWriteFile,1.0
7643,rss-alert,rssFeedTrigger,slack,1.0
7644,form-to-endpoint,webhook,slack,0.5
7645,morning-metrics,scheduleTrigger,readWriteFile,0.5
7646,email-archiver,emailReadImap,readWriteFile,1.0
7647,rss-alert,rssFeedTrigger,slack,1.0
7648,form-to-endpoint,webhook,httpRequest,1.0
7649,morning-metrics,scheduleTrigger,googleSheets,1.0
7650,email-archiver,emailReadImap,slack,0.5
7651,rss-alert,rssFeedTrigger,slack,1.0
7652,form-to-endpoint,scheduleTrigger,httpRequest,0.5
7653,morning-metrics,scheduleTrigger,googleSheets,1.0
7654,email-archiver,emailReadImap,readWriteFile,1.0
7655,rss-alert,rssFeedTrigger,slack,1.0
7656,form-to-endpoint,webhook,httpRequest,1.0
7657,morning-metrics,scheduleTrigger,slack,0.5
7658,email-archiver,emailReadImap,readWriteFile,1.0
7659,rss-alert,rssFeedTrigger,googleSheets,0.5
7660,form-to-endpoint,webhook,httpRequest,1.0
7661,morning-metrics,scheduleTrigger,googleSheets,1.0
7662,email-archiver,emailReadImap,readWriteFile,1.0
7663,rss-alert,rssFeedTrigger,slack,1.0
7664,form-to-endpoint,webhook,httpRequest,1.0
7665,morning-metrics,scheduleTrigger,googleSheets,1.0
7666,email-archiver,emailReadImap,readWriteFile,1.0
7667,rss-alert,rssFeedTrigger,httpRequest,0.5
7668,form-to-endpoint,webhook,httpRequest,1.0
7669,morning-metrics,scheduleTrigger,googleSheets,1.0
7670,email-archiver,emailReadImap,readWriteFile,1.0
7671,rss-alert,rssFeedTrigger,slack,1.0
7672,form-to-endpoint,webhook,httpRequest,1.0
7673,morning-metrics,scheduleTrigger,googleSheets,1.0
7674,email-archiver,emailReadImap,readWriteFile,1.0
7675,rss-alert,rssFeedTrigger,slack,1.0
7676,form-to-endpoint,webhook,googleSheets,0.5
7677,morning-metrics,webhook,googleSheets,0.5
7678,email-archiver,emailReadImap,readWriteFile,1.0
7679,rss-alert,rssFeedTrigger,slack,1.0
7680,form-to-endpoint,webhook,googleSheets,0.5
7681,morning-metrics,scheduleTrigger,googleSheets,1.0
7682,email-archiver,emailReadImap,readWriteFile,1.0
7683,rss-alert,rssFeedTrigger,slack,1.0
7684,form-to-endpoint,webhook,slack,0.5
7685,morning-metrics,scheduleTrigger,httpRequest,0.5
7686,email-archiver,emailReadImap,readWriteFile,1.0
7687,rss-alert,rssFeedTrigger,slack,1.0
7688,form-to-endpoint,webhook,httpRequest,1.0
7689,morning-metrics,scheduleTrigger,googleSheets,1.0
7690,email-archiver,emailReadImap,readWriteFile,1.0
7691,rss-alert,rssFeedTrigger,slack,1.0
7692,form-to-endpoint,webhook,httpRequest,1.0
7693,morning-metrics,scheduleTrigger,googleSheets,1.0
7694,email-archiver,emailReadImap,readWriteFile,1.0
7695,rss-alert,rssFeedTrigger,slack,1.0
7696,form-to-endpoint,webhook,httpRequest,1.0
7697,morning-metrics,rssFeedTrigger,googleSheets,0.5
7698,email-archiver,emailReadImap,readWriteFile,1.0
7699,rss-alert,rssFeedTrigger,slack,1.0
7700,form-to-endpoint,webhook,httpRequest,1.0
7701,morning-metrics,scheduleTrigger,googleSheets,1.0
7702,email-archiver,emailReadImap,readWriteFile,1.0
7703,rss-alert,rssFeedTrigger,slack,1.0
7704,form-to-endpoint,emailReadImap,httpRequest,0.5
7705,morning-metrics,scheduleTrigger,googleSheets,1.0
7706,email-archiver,emailReadImap,readWriteFile,1.0
7707,rss-alert,rssFeedTrigger,slack,1.0
7708,form-to-endpoint,webhook,httpRequest,1.0
7709,morning-metrics,scheduleTrigger,googleSheets,1.0
7710,email-archiver,emailReadImap,readWriteFile,1.0
7711,rss-alert,rssFeedTrigger,slack,1.0
7712,form-to-endpoint,webhook,httpRequest,1.0
7713,morning-metrics,scheduleTrigger,httpRequest,0.5
7714,email-archiver,emailReadImap,readWriteFile,1.0
7715,rss-alert,webhook,slack,0.5
7716,form-to-endpoint,webhook,httpRequest,1.0
7717,morning-metrics,scheduleTrigger,slack,0.5
7718,email-archiver,emailReadImap,httpRequest,0.5
7719,rss-alert,rssFeedTrigger,slack,1.0
7720,form-to-endpoint,webhook,httpRequest,1.0
7721,morning-metrics,scheduleTrigger,googleSheets,1.0
7722,email-archiver,emailReadImap,readWriteFile,1.0
7723,rss-alert,scheduleTrigger,slack,0.5
7724,form-to-endpoint,webhook,httpRequest,1.0
7725,morning-metrics,scheduleTrigger,googleSheets,1.0
7726,email-archiver,emailReadImap,readWriteFile,1.0
7727,rss-alert,rssFeedTrigger,slack,1.0
7728,form-to-endpoint,webhook,httpRequest,1.0
7729,morning-metrics,scheduleTrigger,httpRequest,0.5
7730,email-archiver,emailReadImap,readWriteFile,1.0
7731,rss-alert,rssFeedTrigger,slack,1.0
7732,form-to-endpoint,webhook,httpRequest,1.0
7733,morning-metrics,scheduleTrigger,googleSheets,1.0
7734,email-archiver,emailReadImap,readWriteFile,1.0
7735,rss-alert,rssFeedTrigger,slack,1.0
7736,form-to-endpoint,webhook,httpRequest,1.0
7737,morning-metrics,scheduleTrigger,googleSheets,1.0
7738,email-archiver,emailReadImap,readWriteFile,1.0
7739,rss-alert,rssFeedTrigger,slack,1.0
7740,form-to-endpoint,webhook,httpRequest,1.0
7741,morning-metrics,scheduleTrigger,googleSheets,1.0
7742,email-archiver,emailReadImap,readWriteFile,1.0
7743,rss-alert,rssFeedTrigger,slack,1.0
7744,form-to-endpoint,webhook,httpRequest,1.0
7745,morning-metrics,scheduleTrigger,googleSheets,1.0
7746,email-archiver,emailReadImap,readWriteFile,1.0
7747,rss-alert,rssFeedTrigger,slack,1.0
7748,form-to-endpoint,webhook,httpRequest,1.0
7749,morning-metrics,scheduleTrigger,googleSheets,1.0
7750,email-archiver,webhook,readWriteFile,0.5
7751,rss-alert,rssFeedTrigger,slack,1.0
7752,form-to-endpoint,webhook,httpRequest,1.0
7753,morning-metrics,scheduleTrigger,googleSheets,1.0
7754,email-archiver,emailReadImap,readWriteFile,1.0
7755,rss-alert,rssFeedTrigger,slack,1.0
7756,form-to-endpoint,webhook,slack,0.5
7757,morning-metrics,scheduleTrigger,googleSheets,1.0
7758,email-archiver,emailReadImap,readWriteFile,1.0
7759,rss-alert,rssFeedTrigger,slack,1.0
7760,form-to-endpoint,webhook,httpRequest,1.0
7761,morning-metrics,scheduleTrigger,googleSheets,1.0
7762,email-archiver,emailReadImap,readWriteFile,1.0
7763,rss-alert,rssFeedTrigger,slack,1.0
7764,form-to-endpoint,webhook,httpRequest,1.0
7765,morning-metrics,scheduleTrigger,googleSheets,1.0
7766,email-archiver,emailReadImap,readWriteFile,1.0
7767,rss-alert,emailReadImap,slack,0.5
7768,form-to-endpoint,webhook,httpRequest,1.0
7769,morning-metrics,scheduleTrigger,googleSheets,1.0
7770,email-archiver,emailReadImap,readWriteFile,1.0
7771,rss-alert,rssFeedTrigger,slack,1.0
7772,form-to-endpoint,webhook,httpRequest,1.0
7773,morning-metrics,scheduleTrigger,googleSheets,1.0
7774,email-archiver,rssFeedTrigger,readWriteFile,0.5
7775,rss-alert,rssFeedTrigger,slack,1.0
7776,form-to-endpoint,rssFeedTrigger,httpRequest,0.5
7777,morning-metrics,webhook,googleSheets,0.5
7778,email-archiver,emailReadImap,readWriteFile,1.0
7779,rss-alert,rssFeedTrigger,slack,1.0
7780,form-to-endpoint,webhook,httpRequest,1.0
7781,morning-metrics,emailReadImap,googleSheets,0.5
7782,email-archiver,emailReadImap,readWriteFile,1.0
7783,rss-alert,rssFeedTrigger,slack,1.0
7784,form-to-endpoint,webhook,httpRequest,1.0
7785,morning-metrics,scheduleTrigger,googleSheets,1.0
7786,email-archiver,emailReadImap,readWriteFile,1.0
7787,rss-alert,rssFeedTrigger,slack,1.0
7788,form-to-endpoint,webhook,httpRequest,1.0
7789,morning-metrics,scheduleTrigger,googleSheets,1.0
7790,email-archiver,scheduleTrigger,readWriteFile,0.5
7791,rss-alert,rssFeedTrigger,slack,1.0
7792,form-to-endpoint,webhook,httpRequest,1.0
7793,morning-metrics,scheduleTrigger,googleSheets,1.0
7794,email-archiver,emailReadImap,readWriteFile,1.0
7795,rss-alert,rssFeedTrigger,slack,1.0
7796,form-to-endpoint,webhook,httpRequest,1.0
7797,morning-metrics,scheduleTrigger,httpRequest,0.5
7798,email-archiver,emailReadImap,readWriteFile,1.0
7799,rss-alert,rssFeedTrigger,slack,1.0
7800,form-to-endpoint,webhook,httpRequest,1.0
7801,morning-metrics,scheduleTrigger,googleSheets,1.0
7802,email-archiver,emailReadImap,readWriteFile,1.0
7803,rss-alert,rssFeedTrigger,slack,1.0
7804,form-to-endpoint,webhook,httpRequest,1.0
7805,morning-metrics,scheduleTrigger,googleSheets,1.0
7806,email-archiver,emailReadImap,readWriteFile,1.0
7807,rss-alert,rssFeedTrigger,slack,1.0
7808,form-to-endpoint,webhook,httpRequest,1.0
7809,morning-metrics,scheduleTrigger,googleSheets,1.0
7810,email-archiver,emailReadImap,readWriteFile,1.0
7811,rss-alert,rssFeedTrigger,slack,1.0
7812,form-to-endpoint,webhook,httpRequest,1.0
7813,morning-metrics,scheduleTrigger,googleSheets,1.0
7814,email-archiver,emailReadImap,readWriteFile,1.0
7815,rss-alert,rssFeedTrigger,slack,1.0
7816,form-to-endpoint,webhook,httpRequest,1.0
7817,morning-metrics,scheduleTrigger,googleSheets,1.0
7818,email-archiver,emailReadImap,readWriteFile,1.0
7819,rss-alert,rssFeedTrigger,slack,1.0
7820,form-to-endpoint,rssFeedTrigger,httpRequest,0.5
7821,morning-metrics,scheduleTrigger,googleSheets,1.0
7822,email-archiver,emailReadImap,readWriteFile,1.0
7823,rss-alert,rssFeedTrigger,slack,1.0
7824,form-to-endpoint,webhook,httpRequest,1.0
7825,morning-metrics,scheduleTrigger,googleSheets,1.0
7826,email-archiver,emailReadImap,readWriteFile,1.0
7827,rss-alert,rssFeedTrigger,slack,1.0
7828,form-to-endpoint,scheduleTrigger,httpRequest,0.5
7829,morning-metrics,scheduleTrigger,googleSheets,1.0
7830,email-archiver,emailReadImap,readWriteFile,1.0
7831,rss-alert,rssFeedTrigger,slack,1.0
7832,form-to-endpoint,rssFeedTrigger,slack,0.0
7833,morning-metrics,scheduleTrigger,googleSheets,1.0
7834,email-archiver,emailReadImap,googleSheets,0.5
7835,rss-alert,rssFeedTrigger,slack,1.0
7836,form-to-endpoint,webhook,httpRequest,1.0
7837,morning-metrics,scheduleTrigger,googleSheets,1.0
7838,email-archiver,emailReadImap,readWriteFile,1.0
7839,rss-alert,rssFeedTrigger,slack,1.0
7840,form-to-endpoint,webhook,readWriteFile,0.5
7841,morning-metrics,scheduleTrigger,googleSheets,1.0
7842,email-archiver,rssFeedTrigger,readWriteFile,0.5
7843,rss-alert,rssFeedTrigger,slack,1.0
7844,form-to-endpoint,webhook,httpRequest,1.0
7845,morning-metrics,webhook,googleSheets,0.5
7846,email-archiver,emailReadImap,readWriteFile,1.0
7847,rss-alert,rssFeedTrigger,slack,1.0
7848,form-to-endpoint,webhook,httpRequest,1.0
7849,morning-metrics,scheduleTrigger,googleSheets,1.0
7850,email-archiver,emailReadImap,readWriteFile,1.0
7851,rss-alert,rssFeedTrigger,slack,1.0
7852,form-to-endpoint,webhook,httpRequest,1.0
7853,morning-metrics,scheduleTrigger,googleSheets,1.0
7854,email-archiver,emailReadImap,readWriteFile,1.0
7855,rss-alert,rssFeedTrigger,slack,1.0
7856,form-to-endpoint,scheduleTrigger,httpRequest,0.5
7857,morning-metrics,scheduleTrigger,googleSheets,1.0
7858,email-archiver,emailReadImap,readWriteFile,1.0
7859,rss-alert,rssFeedTrigger,slack,1.0
7860,form-to-endpoint,webhook,httpRequest,1.0
7861,morning-metrics,scheduleTrigger,googleSheets,1.0
7862,email-archiver,emailReadImap,readWriteFile,1.0
7863,rss-alert,rssFeedTrigger,slack,1.0
7864,form-to-endpoint,webhook,httpRequest,1.0
7865,morning-metrics,scheduleTrigger,googleSheets,1.0
7866,email-archiver,emailReadImap,readWriteFile,1.0
7867,rss-alert,rssFeedTrigger,slack,1.0
7868,form-to-endpoint,webhook,httpRequest,1.0
7869,morning-metrics,scheduleTrigger,googleSheets,1.0
7870,email-archiver,emailReadImap,readWriteFile,1.0
7871,rss-alert,rssFeedTrigger,slack,1.0
7872,form-to-endpoint,webhook,httpRequest,1.0
7873,morning-metrics,scheduleTrigger,googleSheets,1.0
7874,email-archiver,emailReadImap,readWriteFile,1.0
7875,rss-alert,rssFeedTrigger,slack,1.0
7876,form-to-endpoint,webhook,httpRequest,1.0
7877,morning-metrics,scheduleTrigger,googleSheets,1.0
7878,email-archiver,emailReadImap,readWriteFile,1.0
7879,rss-alert,rssFeedTrigger,slack,1.0
7880,form-to-endpoint,webhook,httpRequest,1.0
7881,morning-metrics,scheduleTrigger,googleSheets,1.0
7882,email-archiver,emailReadImap,readWriteFile,1.0
7883,rss-alert,rssFeedTrigger,slack,1.0
7884,form-to-endpoint,webhook,httpRequest,1.0
7885,morning-metrics,scheduleTrigger,googleSheets,1.0
7886,email-archiver,rssFeedTrigger,readWriteFile,0.5
7887,rss-alert,rssFeedTrigger,slack,1.0
7888,form-to-endpoint,webhook,httpRequest,1.0
7889,morning-metrics,scheduleTrigger,readWriteFile,0.5
7890,email-archiver,emailReadImap,readWriteFile,1.0
7891,rss-alert,rssFeedTrigger,slack,1.0
7892,form-to-endpoint,webhook,httpRequest,1.0
7893,morning-metrics,scheduleTrigger,googleSheets,1.0
7894,email-archiver,emailReadImap,readWriteFile,1.0
7895,rss-alert,rssFeedTrigger,slack,1.0
7896,form-to-endpoint,webhook,httpRequest,1.0
7897,morning-metrics,scheduleTrigger,googleSheets,1.0
7898,email-archiver,emailReadImap,readWriteFile,1.0
7899,rss-alert,rssFeedTrigger,slack,1.0
7900,form-to-endpoint,webhook,httpRequest,1.0
7901,morning-metrics,emailReadImap,googleSheets,0.5
7902,email-archiver,emailReadImap,slack,0.5
7903,rss-alert,scheduleTrigger,slack,0.5
7904,form-to-endpoint,webhook,httpRequest,1.0
7905,morning-metrics,scheduleTrigger,googleSheets,1.0
7906,email-archiver,emailReadImap,readWriteFile,1.0
7907,rss-alert,rssFeedTrigger,slack,1.0
7908,form-to-endpoint,webhook,httpRequest,1.0
7909,morning-metrics,scheduleTrigger,googleSheets,1.0
7910,email-archiver,emailReadImap,readWriteFile,1.0
7911,rss-alert,rssFeedTrigger,googleSheets,0.5
7912,form-to-endpoint,webhook,httpRequest,1.0
7913,morning-metrics,scheduleTrigger,httpRequest,0.5
7914,email-archiver,rssFeedTrigger,readWriteFile,0.5
7915,rss-alert,rssFeedTrigger,slack,1.0
7916,form-to-endpoint,webhook,googleSheets,0.5
7917,morning-metrics,scheduleTrigger,googleSheets,1.0
7918,email-archiver,emailReadImap,readWriteFile,1.0
7919,rss-alert,rssFeedTrigger,slack,1.0
7920,form-to-endpoint,webhook,httpRequest,1.0
7921,morning-metrics,scheduleTrigger,googleSheets,1.0
7922,email-archiver,emailReadImap,readWriteFile,1.0
7923,rss-alert,rssFeedTrigger,slack,1.0
7924,form-to-endpoint,webhook,httpRequest,1.0
7925,morning-metrics,scheduleTrigger,googleSheets,1.0
7926,email-archiver,rssFeedTrigger,readWriteFile,0.5
7927,rss-alert,rssFeedTrigger,slack,1.0
7928,form-to-endpoint,webhook,httpRequest,1.0
7929,morning-metrics,scheduleTrigger,googleSheets,1.0
7930,email-archiver,emailReadImap,readWriteFile,1.0
7931,rss-alert,rssFeedTrigger,slack,1.0
7932,form-to-endpoint,webhook,httpRequest,1.0
7933,morning-metrics,scheduleTrigger,googleSheets,1.0
7934,email-archiver,emailReadImap,readWriteFile,1.0
7935,rss-alert,rssFeedTrigger,slack,1.0
7936,form-to-endpoint,webhook,httpRequest,1.0
7937,morning-metrics,scheduleTrigger,googleSheets,1.0
7938,email-archiver,emailReadImap,readWriteFile,1.0
7939,rss-alert,rssFeedTrigger,slack,1.0
7940,form-to-endpoint,webhook,httpRequest,1.0
7941,morning-metrics,scheduleTrigger,googleSheets,1.0
7942,email-archiver,emailReadImap,slack,0.5
7943,rss-alert,emailReadImap,slack,0.5
7944,form-to-endpoint,webhook,httpRequest,1.0
7945,morning-metrics,scheduleTrigger,slack,0.5
7946,email-archiver,emailReadImap,readWriteFile,1.0
7947,rss-alert,rssFeedTrigger,slack,1.0
7948,form-to-endpoint,rssFeedTrigger,httpRequest,0.5
7949,morning-metrics,scheduleTrigger,readWriteFile,0.5
7950,email-archiver,emailReadImap,readWriteFile,1.0
7951,rss-alert,rssFeedTrigger,slack,1.0
7952,form-to-endpoint,webhook,httpRequest,1.0
7953,morning-metrics,rssFeedTrigger,googleSheets,0.5
7954,email-archiver,webhook,readWriteFile,0.5
7955,rss-alert,webhook,slack,0.5
7956,form-to-endpoint,rssFeedTrigger,httpRequest,0.5
7957,morning-metrics,scheduleTrigger,googleSheets,1.0
7958,email-archiver,emailReadImap,readWriteFile,1.0
7959,rss-alert,rssFeedTrigger,googleSheets,0.5
7960,form-to-endpoint,webhook,httpRequest,1.0
7961,morning-metrics,scheduleTrigger,googleSheets,1.0
7962,email-archiver,emailReadImap,readWriteFile,1.0
7963,rss-alert,rssFeedTrigger,httpRequest,0.5
7964,form-to-endpoint,webhook,httpRequest,1.0
7965,morning-metrics,scheduleTrigger,googleSheets,1.0
7966,email-archiver,emailReadImap,readWriteFile,1.0
7967,rss-alert,rssFeedTrigger,slack,1.0
7968,form-to-endpoint,webhook,httpRequest,1.0
7969,morning-metrics,scheduleTrigger,googleSheets,1.0
7970,email-archiver,emailReadImap,readWriteFile,1.0
7971,rss-alert,rssFeedTrigger,slack,1.0
7972,form-to-endpoint,webhook,httpRequest,1.0
7973,morning-metrics,scheduleTrigger,googleSheets,1.0
7974,email-archiver,emailReadImap,readWriteFile,1.0
7975,rss-alert,rssFeedTrigger,slack,1.0
7976,form-to-endpoint,emailReadImap,httpRequest,0.5
7977,morning-metrics,scheduleTrigger,googleSheets,1.0
7978,email-archiver,emailReadImap,readWriteFile,1.0
7979,rss-alert,rssFeedTrigger,slack,1.0
7980,form-to-endpoint,webhook,httpRequest,1.0
7981,morning-metrics,scheduleTrigger,googleSheets,1.0
7982,email-archiver,emailReadImap,readWriteFile,1.0
7983,rss-alert,rssFeedTrigger,slack,1.0
7984,form-to-endpoint,webhook,httpRequest,1.0
7985,morning-metrics,scheduleTrigger,googleSheets,1.0
7986,email-archiver,emailReadImap,readWriteFile,1.0
7987,rss-alert,emailReadImap,slack,0.5
7988,form-to-endpoint,webhook,httpRequest,1.0
7989,morning-metrics,scheduleTrigger,googleSheets,1.0
7990,email-archiver,emailReadImap,readWriteFile,1.0
7991,rss-alert,rssFeedTrigger,slack,1.0
7992,form-to-endpoint,webhook,httpRequest,1.0
7993,morning-metrics,scheduleTrigger,googleSheets,1.0
7994,email-archiver,emailReadImap,readWriteFile,1.0
7995,rss-alert,rssFeedTrigger,slack,1.0
7996,form-to-endpoint,webhook,httpRequest,1.0
7997,morning-metrics,scheduleTrigger,googleSheets,1.0
7998,email-archiver,emailReadImap,googleSheets,0.5
7999,rss-alert,rssFeedTrigger,slack,1.0
8000,form-to-endpoint,webhook,httpRequest,1.0
8001,morning-metrics,scheduleTrigger,googleSheets,1.0
8002,email-archiver,emailReadImap,readWriteFile,1.0
8003,rss-alert,rssFeedTrigger,slack,1.0
8004,form-to-endpoint,scheduleTrigger,httpRequest,0.5
8005,morning-metrics,scheduleTrigger,googleSheets,1.0
8006,email-archiver,emailReadImap,readWriteFile,1.0
8007,rss-alert,rssFeedTrigger,slack,1.0
8008,form-to-endpoint,webhook,httpRequest,1.0
8009,morning-metrics,scheduleTrigger,googleSheets,1.0
8010,email-archiver,emailReadImap,readWriteFile,1.0
8011,rss-alert,rssFeedTrigger,slack,1.0
8012,form-to-endpoint,webhook,httpRequest,1.0
8013,morning-metrics,scheduleTrigger,googleSheets,1.0
8014,email-archiver,emailReadImap,readWriteFile,1.0
8015,rss-alert,rssFeedTrigger,slack,1.0
8016,form-to-endpoint,webhook,httpRequest,1.0
8017,morning-metrics,scheduleTrigger,googleSheets,1.0
8018,email-archiver,emailReadImap,readWriteFile,1.0
8019,rss-alert,emailReadImap,slack,0.5
8020,form-to-endpoint,webhook,httpRequest,1.0
8021,morning-metrics,scheduleTrigger,googleSheets,1.0
8022,email-archiver,emailReadImap,readWriteFile,1.0
8023,rss-alert,rssFeedTrigger,slack,1.0
8024,form-to-endpoint,webhook,httpRequest,1.0
8025,morning-metrics,scheduleTrigger,googleSheets,1.0
8026,email-archiver,emailReadImap,readWriteFile,1.0
8027,rss-alert,rssFeedTrigger,slack,1.0
8028,form-to-endpoint,webhook,httpRequest,1.0
8029,morning-metrics,scheduleTrigger,googleSheets,1.0
8030,email-archiver,emailReadImap,readWriteFile,1.0
8031,rss-alert,rssFeedTrigger,slack,1.0
8032,form-to-endpoint,webhook,httpRequest,1.0
8033,morning-metrics,scheduleTrigger,googleSheets,1.0
8034,email-archiver,emailReadImap,readWriteFile,1.0
8035,rss-alert,rssFeedTrigger,slack,1.0
8036,form-to-endpoint,webhook,httpRequest,1.0
8037,morning-metrics,scheduleTrigger,googleSheets,1.0
8038,email-archiver,emailReadImap,readWriteFile,1.0
8039,rss-alert,rssFeedTrigger,slack,1.0
8040,form-to-endpoint,webhook,httpRequest,1.0
8041,morning-metrics,scheduleTrigger,googleSheets,1.0
8042,email-archiver,emailReadImap,readWriteFile,1.0
8043,rss-alert,rssFeedTrigger,slack,1.0
8044,form-to-endpoint,webhook,httpRequest,1.0
8045,morning-metrics,scheduleTrigger,googleSheets,1.0
8046,email-archiver,emailReadImap,readWriteFile,1.0
8047,rss-alert,emailReadImap,slack,0.5
8048,form-to-endpoint,webhook,httpRequest,1.0
8049,morning-metrics,scheduleTrigger,httpRequest,0.5
8050,email-archiver,emailReadImap,readWriteFile,1.0
8051,rss-alert,rssFeedTrigger,slack,1.0
8052,form-to-endpoint,webhook,httpRequest,1.0
8053,morning-metrics,scheduleTrigger,googleSheets,1.0
8054,email-archiver,emailReadImap,readWriteFile,1.0
8055,rss-alert,rssFeedTrigger,slack,1.0
8056,form-to-endpoint,webhook,httpRequest,1.0
8057,morning-metrics,scheduleTrigger,slack,0.5
8058,email-archiver,emailReadImap,googleSheets,0.5
8059,rss-alert,rssFeedTrigger,slack,1.0
8060,form-to-endpoint,webhook,httpRequest,1.0
8061,morning-metrics,scheduleTrigger,readWriteFile,0.5
8062,email-archiver,emailReadImap,readWriteFile,1.0
8063,rss-alert,rssFeedTrigger,slack,1.0
8064,form-to-endpoint,webhook,httpRequest,1.0
8065,morning-metrics,scheduleTrigger,googleSheets,1.0
8066,email-archiver,emailReadImap,readWriteFile,1.0
8067,rss-alert,scheduleTrigger,slack,0.5
8068,form-to-endpoint,webhook,httpRequest,1.0
8069,morning-metrics,scheduleTrigger,googleSheets,1.0
8070,email-archiver,emailReadImap,readWriteFile,1.0
8071,rss-alert,rssFeedTrigger,slack,1.0
8072,form-to-endpoint,webhook,httpRequest,1.0
8073,morning-metrics,scheduleTrigger,googleSheets,1.0
8074,email-archiver,emailReadImap,googleSheets,0.5
8075,rss-alert,rssFeedTrigger,slack,1.0
8076,form-to-endpoint,webhook,httpRequest,1.0
8077,morning-metrics,scheduleTrigger,httpRequest,0.5
8078,email-archiver,emailReadImap,readWriteFile,1.0
8079,rss-alert,rssFeedTrigger,slack,1.0
8080,form-to-endpoint,webhook,httpRequest,1.0
8081,morning-metrics,scheduleTrigger,googleSheets,1.0
8082,email-archiver,emailReadImap,readWriteFile,1.0
8083,rss-alert,rssFeedTrigger,slack,1.0
8084,form-to-endpoint,webhook,httpRequest,1.0
8085,morning-metrics,scheduleTrigger,googleSheets,1.0
8086,email-archiver,emailReadImap,readWriteFile,1.0
8087,rss-alert,rssFeedTrigger,httpRequest,0.5
8088,form-to-endpoint,webhook,httpRequest,1.0
8089,morning-metrics,rssFeedTrigger,googleSheets,0.5
8090,email-archiver,emailReadImap,readWriteFile,1.0
8091,rss-alert,rssFeedTrigger,slack,1.0
8092,form-to-endpoint,webhook,httpRequest,1.0
8093,morning-metrics,scheduleTrigger,googleSheets,1.0
8094,email-archiver,emailReadImap,readWriteFile,1.0
8095,rss-alert,rssFeedTrigger,slack,1.0
8096,form-to-endpoint,webhook,httpRequest,1.0
8097,morning-metrics,scheduleTrigger,googleSheets,1.0
8098,email-archiver,emailReadImap,readWriteFile,1.0
8099,rss-alert,rssFeedTrigger,slack,1.0
8100,form-to-endpoint,webhook,httpRequest,1.0
8101,morning-metrics,scheduleTrigger,googleSheets,1.0
8102,email-archiver,emailReadImap,readWriteFile,1.0
8103,rss-alert,rssFeedTrigger,slack,1.0
8104,form-to-endpoint,webhook,httpRequest,1.0
8105,morning-metrics,scheduleTrigger,googleSheets,1.0
8106,email-archiver,emailReadImap,readWriteFile,1.0
8107,rss-alert,rssFeedTrigger,slack,1.0
8108,form-to-endpoint,webhook,httpRequest,1.0
8109,morning-metrics,scheduleTrigger,googleSheets,1.0
8110,email-archiver,emailReadImap,readWriteFile,1.0
8111,rss-alert,rssFeedTrigger,slack,1.0
8112,form-to-endpoint,webhook,httpRequest,1.0
8113,morning-metrics,scheduleTrigger,httpRequest,0.5
8114,email-archiver,emailReadImap,readWriteFile,1.0
8115,rss-alert,rssFeedTrigger,slack,1.0
8116,form-to-endpoint,webhook,httpRequest,1.0
8117,morning-metrics,scheduleTrigger,googleSheets,1.0
8118,email-archiver,emailReadImap,readWriteFile,1.0
8119,rss-alert,rssFeedTrigger,slack,1.0
8120,form-to-endpoint,webhook,httpRequest,1.0
8121,morning-metrics,scheduleTrigger,googleSheets,1.0
8122,email-archiver,emailReadImap,readWriteFile,1.0
8123,rss-alert,rssFeedTrigger,slack,1.0
8124,form-to-endpoint,webhook,httpRequest,1.0
8125,morning-metrics,scheduleTrigger,googleSheets,1.0
8126,email-archiver,emailReadImap,readWriteFile,1.0
8127,rss-alert,rssFeedTrigger,slack,1.0
8128,form-to-endpoint,webhook,httpRequest,1.0
8129,morning-metrics,scheduleTrigger,googleSheets,1.0
8130,email-archiver,emailReadImap,readWriteFile,1.0
8131,rss-alert,rssFeedTrigger,slack,1.0
8132,form-to-endpoint,webhook,httpRequest,1.0
8133,morning-metrics,scheduleTrigger,readWriteFile,0.5
8134,email-archiver,emailReadImap,readWriteFile,1.0
8135,rss-alert,rssFeedTrigger,slack,1.0
8136,form-to-endpoint,webhook,googleSheets,0.5
8137,morning-metrics,scheduleTrigger,googleSheets,1.0
8138,email-archiver,rssFeedTrigger,readWriteFile,0.5
8139,rss-alert,rssFeedTrigger,slack,1.0
8140,form-to-endpoint,webhook,httpRequest,1.0
8141,morning-metrics,webhook,googleSheets,0.5
8142,email-archiver,emailReadImap,readWriteFile,1.0
8143,rss-alert,rssFeedTrigger,slack,1.0
8144,form-to-endpoint,webhook,readWriteFile,0.5
8145,morning-metrics,scheduleTrigger,googleSheets,1.0
8146,email-archiver,emailReadImap,readWriteFile,1.0
8147,rss-alert,rssFeedTrigger,slack,1.0
8148,form-to-endpoint,webhook,httpRequest,1.0
8149,morning-metrics,scheduleTrigger,googleSheets,1.0
8150,email-archiver,emailReadImap,readWriteFile,1.0
8151,rss-alert,rssFeedTrigger,slack,1.0
8152,form-to-endpoint,webhook,httpRequest,1.0
8153,morning-metrics,scheduleTrigger,googleSheets,1.0
8154,email-archiver,emailReadImap,readWriteFile,1.0
8155,rss-alert,rssFeedTrigger,slack,1.0
8156,form-to-endpoint,webhook,httpRequest,1.0
8157,morning-metrics,scheduleTrigger,googleSheets,1.0
8158,email-archiver,emailReadImap,readWriteFile,1.0
8159,rss-alert,rssFeedTrigger,slack,1.0
8160,form-to-endpoint,emailReadImap,httpRequest,0.5
8161,morning-metrics,webhook,googleSheets,0.5
8162,email-archiver,emailReadImap,readWriteFile,1.0
8163,rss-alert,rssFeedTrigger,slack,1.0
8164,form-to-endpoint,webhook,httpRequest,1.0
8165,morning-metrics,scheduleTrigger,googleSheets,1.0
8166,email-archiver,emailReadImap,readWriteFile,1.0
8167,rss-alert,rssFeedTrigger,googleSheets,0.5
8168,form-to-endpoint,webhook,httpRequest,1.0
8169,morning-metrics,scheduleTrigger,googleSheets,1.0
8170,email-archiver,emailReadImap,readWriteFile,1.0
8171,rss-alert,rssFeedTrigger,slack,1.0
8172,form-to-endpoint,webhook,httpRequest,1.0
8173,morning-metrics,scheduleTrigger,googleSheets,1.0
8174,email-archiver,emailReadImap,readWriteFile,1.0
8175,rss-alert,rssFeedTrigger,slack,1.0
8176,form-to-endpoint,webhook,googleSheets,0.5
8177,morning-metrics,scheduleTrigger,slack,0.5
8178,email-archiver,rssFeedTrigger,readWriteFile,0.5
8179,rss-alert,scheduleTrigger,slack,0.5
8180,form-to-endpoint,scheduleTrigger,httpRequest,0.5
8181,morning-metrics,scheduleTrigger,googleSheets,1.0
8182,email-archiver,emailReadImap,readWriteFile,1.0
8183,rss-alert,rssFeedTrigger,slack,1.0
8184,form-to-endpoint,webhook,httpRequest,1.0
8185,morning-metrics,scheduleTrigger,googleSheets,1.0
8186,email-archiver,emailReadImap,readWriteFile,1.0
8187,rss-alert,rssFeedTrigger,slack,1.0
8188,form-to-endpoint,webhook,httpRequest,1.0
8189,morning-metrics,scheduleTrigger,googleSheets,1.0
8190,email-archiver,emailReadImap,readWriteFile,1.0
8191,rss-alert,rssFeedTrigger,slack,1.0
8192,form-to-endpoint,webhook,httpRequest,1.0
8193,morning-metrics,scheduleTrigger,readWriteFile,0.5
8194,email-archiver,emailReadImap,readWriteFile,1.0
8195,rss-alert,rssFeedTrigger,slack,1.0
8196,form-to-endpoint,webhook,googleSheets,0.5
8197,morning-metrics,scheduleTrigger,readWriteFile,0.5
8198,email-archiver,emailReadImap,readWriteFile,1.0
8199,rss-alert,rssFeedTrigger,readWriteFile,0.5
8200,form-to-endpoint,webhook,httpRequest,1.0
8201,morning-metrics,scheduleTrigger,googleSheets,1.0
8202,email-archiver,emailReadImap,readWriteFile,1.0
8203,rss-alert,rssFeedTrigger,slack,1.0
8204,form-to-endpoint,webhook,httpRequest,1.0
8205,morning-metrics,scheduleTrigger,googleSheets,1.0
8206,email-archiver,emailReadImap,readWriteFile,1.0
8207,rss-alert,rssFeedTrigger,slack,1.0
8208,form-to-endpoint,webhook,httpRequest,1.0
8209,morning-metrics,scheduleTrigger,googleSheets,1.0
8210,email-archiver,emailReadImap,readWriteFile,1.0
8211,rss-alert,rssFeedTrigger,slack,1.0
8212,form-to-endpoint,webhook,httpRequest,1.0
8213,morning-metrics,scheduleTrigger,googleSheets,1.0
8214,email-archiver,emailReadImap,readWriteFile,1.0
8215,rss-alert,rssFeedTrigger,slack,1.0
8216,form-to-endpoint,rssFeedTrigger,httpRequest,0.5
8217,morning-metrics,scheduleTrigger,googleSheets,1.0
8218,email-archiver,emailReadImap,readWriteFile,1.0
8219,rss-alert,rssFeedTrigger,slack,1.0
8220,form-to-endpoint,webhook,httpRequest,1.0
8221,morning-metrics,scheduleTrigger,googleSheets,1.0
8222,email-archiver,emailReadImap,readWriteFile,1.0
8223,rss-alert,rssFeedTrigger,slack,1.0
8224,form-to-endpoint,webhook,httpRequest,1.0
8225,morning-metrics,webhook,googleSheets,0.5
8226,email-archiver,emailReadImap,httpRequest,0.5
8227,rss-alert,rssFeedTrigger,slack,1.0
8228,form-to-endpoint,webhook,httpRequest,1.0
8229,morning-metrics,emailReadImap,googleSheets,0.5
8230,email-archiver,emailReadImap,readWriteFile,1.0
8231,rss-alert,rssFeedTrigger,slack,1.0
8232,form-to-endpoint,webhook,httpRequest,1.0
8233,morning-metrics,scheduleTrigger,googleSheets,1.0
8234,email-archiver,emailReadImap,readWriteFile,1.0
8235,rss-alert,rssFeedTrigger,slack,1.0
8236,form-to-endpoint,webhook,httpRequest,1.0
8237,morning-metrics,scheduleTrigger,googleSheets,1.0
8238,email-archiver,emailReadImap,readWriteFile,1.0
8239,rss-alert,rssFeedTrigger,slack,1.0
8240,form-to-endpoint,webhook,httpRequest,1.0
8241,morning-metrics,scheduleTrigger,readWriteFile,0.5
8242,email-archiver,emailReadImap,readWriteFile,1.0
8243,rss-alert,rssFeedTrigger,slack,1.0
8244,form-to-endpoint,webhook,httpRequest,1.0
8245,morning-metrics,scheduleTrigger,googleSheets,1.0
8246,email-archiver,emailReadImap,readWriteFile,1.0
8247,rss-alert,rssFeedTrigger,slack,1.0
8248,form-to-endpoint,webhook,httpRequest,1.0
8249,morning-metrics,scheduleTrigger,googleSheets,1.0
8250,email-archiver,emailReadImap,readWriteFile,1.0
8251,rss-alert,rssFeedTrigger,slack,1.0
8252,form-to-endpoint,rssFeedTrigger,httpRequest,0.5
8253,morning-metrics,scheduleTrigger,googleSheets,1.0
8254,email-archiver,emailReadImap,readWriteFile,1.0
8255,rss-alert,rssFeedTrigger,slack,1.0
8256,form-to-endpoint,webhook,httpRequest,1.0
8257,morning-metrics,scheduleTrigger,googleSheets,1.0
8258,email-archiver,emailReadImap,readWriteFile,1.0
8259,rss-alert,rssFeedTrigger,slack,1.0
8260,form-to-endpoint,webhook,httpRequest,1.0
8261,morning-metrics,scheduleTrigger,googleSheets,1.0
8262,email-archiver,emailReadImap,readWriteFile,1.0
8263,rss-alert,emailReadImap,slack,0.5
8264,form-to-endpoint,rssFeedTrigger,httpRequest,0.5
8265,morning-metrics,scheduleTrigger,googleSheets,1.0
8266,email-archiver,emailReadImap,readWriteFile,1.0
8267,rss-alert,scheduleTrigger,slack,0.5
8268,form-to-endpoint,webhook,httpRequest,1.0
8269,morning-metrics,scheduleTrigger,readWriteFile,0.5
8270,email-archiver,emailReadImap,readWriteFile,1.0
8271,rss-alert,rssFeedTrigger,slack,1.0
8272,form-to-endpoint,emailReadImap,httpRequest,0.5
8273,morning-metrics,scheduleTrigger,googleSheets,1.0
8274,email-archiver,emailReadImap,readWriteFile,1.0
8275,rss-alert,rssFeedTrigger,slack,1.0
8276,form-to-endpoint,webhook,httpRequest,1.0
8277,morning-metrics,scheduleTrigger,googleSheets,1.0
8278,email-archiver,emailReadImap,readWriteFile,1.0
8279,rss-alert,rssFeedTrigger,slack,1.0
8280,form-to-endpoint,webhook,httpRequest,1.0
8281,morning-metrics,scheduleTrigger,googleSheets,1.0
8282,email-archiver,emailReadImap,readWriteFile,1.0
8283,rss-alert,rssFeedTrigger,slack,1.0
8284,form-to-endpoint,webhook,httpRequest,1.0
8285,morning-metrics,scheduleTrigger,googleSheets,1.0
8286,email-archiver,emailReadImap,readWriteFile,1.0
8287,rss-alert,rssFeedTrigger,slack,1.0
8288,form-to-endpoint,webhook,httpRequest,1.0
8289,morning-metrics,emailReadImap,googleSheets,0.5
8290,email-archiver,emailReadImap,readWriteFile,1.0
8291,rss-alert,rssFeedTrigger,slack,1.0
8292,form-to-endpoint,webhook,httpRequest,1.0
8293,morning-metrics,scheduleTrigger,googleSheets,1.0
8294,email-archiver,emailReadImap,readWriteFile,1.0
8295,rss-alert,rssFeedTrigger,readWriteFile,0.5
8296,form-to-endpoint,webhook,googleSheets,0.5
8297,morning-metrics,scheduleTrigger,googleSheets,1.0
8298,email-archiver,emailReadImap,readWriteFile,1.0
8299,rss-alert,rssFeedTrigger,slack,1.0
8300,form-to-endpoint,webhook,httpRequest,1.0
8301,morning-metrics,scheduleTrigger,googleSheets,1.0
8302,email-archiver,emailReadImap,readWriteFile,1.0
8303,rss-alert,rssFeedTrigger,slack,1.0
8304,form-to-endpoint,webhook,httpRequest,1.0
8305,morning-metrics,scheduleTrigger,googleSheets,1.0
8306,email-archiver,emailReadImap,readWriteFile,1.0
8307,rss-alert,scheduleTrigger,slack,0.5
8308,form-to-endpoint,emailReadImap,httpRequest,0.5
8309,morning-metrics,scheduleTrigger,googleSheets,1.0
8310,email-archiver,emailReadImap,readWriteFile,1.0
8311,rss-alert,rssFeedTrigger,slack,1.0
8312,form-to-endpoint,webhook,httpRequest,1.0
8313,morning-metrics,scheduleTrigger,googleSheets,1.0
8314,email-archiver,emailReadImap,readWriteFile,1.0
8315,rss-alert,rssFeedTrigger,slack,1.0
8316,form-to-endpoint,webhook,httpRequest,1.0
8317,morning-metrics,scheduleTrigger,googleSheets,1.0
8318,email-archiver,emailReadImap,readWriteFile,1.0
8319,rss-alert,rssFeedTrigger,slack,1.0
8320,form-to-endpoint,webhook,httpRequest,1.0
8321,morning-metrics,scheduleTrigger,googleSheets,1.0
8322,email-archiver,emailReadImap,readWriteFile,1.0
8323,rss-alert,rssFeedTrigger,httpRequest,0.5
8324,form-to-endpoint,webhook,httpRequest,1.0
8325,morning-metrics,scheduleTrigger,googleSheets,1.0
8326,email-archiver,rssFeedTrigger,readWriteFile,0.5
8327,rss-alert,rssFeedTrigger,slack,1.0
8328,form-to-endpoint,webhook,httpRequest,1.0
8329,morning-metrics,scheduleTrigger,googleSheets,1.0
8330,email-archiver,emailReadImap,readWriteFile,1.0
8331,rss-alert,rssFeedTrigger,slack,1.0
8332,form-to-endpoint,webhook,httpRequest,1.0
8333,morning-metrics,scheduleTrigger,googleSheets,1.0
8334,email-archiver,emailReadImap,readWriteFile,1.0
8335,rss-alert,rssFeedTrigger,slack,1.0
8336,form-to-endpoint,webhook,httpRequest,1.0
8337,morning-metrics,scheduleTrigger,googleSheets,1.0
8338,email-archiver,emailReadImap,readWriteFile,1.0
8339,rss-alert,rssFeedTrigger,slack,1.0
8340,form-to-endpoint,webhook,httpRequest,1.0
8341,morning-metrics,scheduleTrigger,googleSheets,1.0
8342,email-archiver,emailReadImap,readWriteFile,1.0
8343,rss-alert,rssFeedTrigger,slack,1.0
8344,form-to-endpoint,webhook,httpRequest,1.0
8345,morning-metrics,scheduleTrigger,googleSheets,1.0
8346,email-archiver,emailReadImap,readWriteFile,1.0
8347,rss-alert,rssFeedTrigger,slack,1.0
8348,form-to-endpoint,webhook,httpRequest,1.0
8349,morning-metrics,scheduleTrigger,googleSheets,1.0
8350,email-archiver,rssFeedTrigger,readWriteFile,0.5
8351,rss-alert,rssFeedTrigger,slack,1.0
8352,form-to-endpoint,webhook,httpRequest,1.0
8353,morning-metrics,scheduleTrigger,googleSheets,1.0
8354,email-archiver,emailReadImap,readWriteFile,1.0
8355,rss-alert,rssFeedTrigger,slack,1.0
8356,form-to-endpoint,webhook,httpRequest,1.0
8357,morning-metrics,scheduleTrigger,googleSheets,1.0
8358,email-archiver,emailReadImap,readWriteFile,1.0
8359,rss-alert,rssFeedTrigger,slack,1.0
8360,form-to-endpoint,webhook,httpRequest,1.0
8361,morning-metrics,scheduleTrigger,googleSheets,1.0
8362,email-archiver,emailReadImap,readWriteFile,1.0
8363,rss-alert,rssFeedTrigger,slack,1.0
8364,form-to-endpoint,webhook,httpRequest,1.0
8365,morning-metrics,scheduleTrigger,googleSheets,1.0
8366,email-archiver,emailReadImap,readWriteFile,1.0
8367,rss-alert,rssFeedTrigger,slack,1.0
8368,form-to-endpoint,webhook,googleSheets,0.5
8369,morning-metrics,scheduleTrigger,googleSheets,1.0
8370,email-archiver,emailReadImap,readWriteFile,1.0
8371,rss-alert,rssFeedTrigger,slack,1.0
8372,form-to-endpoint,webhook,httpRequest,1.0
8373,morning-metrics,scheduleTrigger,googleSheets,1.0
8374,email-archiver,emailReadImap,readWriteFile,1.0
8375,rss-alert,rssFeedTrigger,slack,1.0
8376,form-to-endpoint,webhook,httpRequest,1.0
8377,morning-metrics,scheduleTrigger,googleSheets,1.0
8378,email-archiver,emailReadImap,readWriteFile,1.0
8379,rss-alert,rssFeedTrigger,slack,1.0
8380,form-to-endpoint,webhook,httpRequest,1.0
8381,morning-metrics,scheduleTrigger,googleSheets,1.0
8382,email-archiver,emailReadImap,readWriteFile,1.0
8383,rss-alert,rssFeedTrigger,slack,1.0
8384,form-to-endpoint,webhook,slack,0.5
8385,morning-metrics,rssFeedTrigger,googleSheets,0.5
8386,email-archiver,emailReadImap,readWriteFile,1.0
8387,rss-alert,rssFeedTrigger,slack,1.0
8388,form-to-endpoint,webhook,httpRequest,1.0
8389,morning-metrics,scheduleTrigger,googleSheets,1.0
8390,email-archiver,emailReadImap,readWriteFile,1.0
8391,rss-alert,rssFeedTrigger,slack,1.0
8392,form-to-endpoint,webhook,httpRequest,1.0
8393,morning-metrics,scheduleTrigger,googleSheets,1.0
8394,email-archiver,emailReadImap,readWriteFile,1.0
8395,rss-alert,rssFeedTrigger,slack,1.0
8396,form-to-endpoint,webhook,httpRequest,1.0
8397,morning-metrics,scheduleTrigger,googleSheets,1.0
8398,email-archiver,emailReadImap,readWriteFile,1.0
8399,rss-alert,rssFeedTrigger,slack,1.0
8400,form-to-endpoint,webhook,httpRequest,1.0
8401,morning-metrics,scheduleTrigger,readWriteFile,0.5
8402,email-archiver,emailReadImap,googleSheets,0.5
8403,rss-alert,rssFeedTrigger,slack,1.0
8404,form-to-endpoint,webhook,httpRequest,1.0
8405,morning-metrics,rssFeedTrigger,googleSheets,0.5
8406,email-archiver,emailReadImap,readWriteFile,1.0
8407,rss-alert,rssFeedTrigger,slack,1.0
8408,form-to-endpoint,webhook,httpRequest,1.0
8409,morning-metrics,scheduleTrigger,googleSheets,1.0
8410,email-archiver,emailReadImap,readWriteFile,1.0
8411,rss-alert,rssFeedTrigger,slack,1.0
8412,form-to-endpoint,webhook,httpRequest,1.0
8413,morning-metrics,scheduleTrigger,httpRequest,0.5
8414,email-archiver,emailReadImap,readWriteFile,1.0
8415,rss-alert,rssFeedTrigger,slack,1.0
8416,form-to-endpoint,webhook,httpRequest,1.0
8417,morning-metrics,scheduleTrigger,googleSheets,1.0
8418,email-archiver,webhook,readWriteFile,0.5
8419,rss-alert,rssFeedTrigger,slack,1.0
8420,form-to-endpoint,webhook,httpRequest,1.0
8421,morning-metrics,scheduleTrigger,googleSheets,1.0
8422,email-archiver,emailReadImap,httpRequest,0.5
8423,rss-alert,rssFeedTrigger,slack,1.0
8424,form-to-endpoint,webhook,httpRequest,1.0
8425,morning-metrics,scheduleTrigger,googleSheets,1.0
8426,email-archiver,emailReadImap,readWriteFile,1.0
8427,rss-alert,rssFeedTrigger,slack,1.0
8428,form-to-endpoint,webhook,httpRequest,1.0
8429,morning-metrics,scheduleTrigger,googleSheets,1.0
8430,email-archiver,emailReadImap,readWriteFile,1.0
8431,rss-alert,rssFeedTrigger,slack,1.0
8432,form-to-endpoint,webhook,httpRequest,1.0
8433,morning-metrics,scheduleTrigger,googleSheets,1.0
8434,email-archiver,emailReadImap,readWriteFile,1.0
8435,rss-alert,rssFeedTrigger,slack,1.0
8436,form-to-endpoint,webhook,httpRequest,1.0
8437,morning-metrics,scheduleTrigger,slack,0.5
8438,email-archiver,emailReadImap,readWriteFile,1.0
8439,rss-alert,rssFeedTrigger,slack,1.0
8440,form-to-endpoint,webhook,httpRequest,1.0
8441,morning-metrics,scheduleTrigger,googleSheets,1.0
8442,email-archiver,emailReadImap,readWriteFile,1.0
8443,rss-alert,rssFeedTrigger,slack,1.0
8444,form-to-endpoint,scheduleTrigger,httpRequest,0.5
8445,morning-metrics,scheduleTrigger,googleSheets,1.0
8446,email-archiver,emailReadImap,readWriteFile,1.0
8447,rss-alert,rssFeedTrigger,slack,1.0
8448,form-to-endpoint,webhook,httpRequest,1.0
8449,morning-metrics,scheduleTrigger,googleSheets,1.0
8450,email-archiver,emailReadImap,readWriteFile,1.0
8451,rss-alert,rssFeedTrigger,slack,1.0
8452,form-to-endpoint,webhook,httpRequest,1.0
8453,morning-metrics,scheduleTrigger,googleSheets,1.0
8454,email-archiver,emailReadImap,httpRequest,0.5
8455,rss-alert,rssFeedTrigger,slack,1.0
8456,form-to-endpoint,webhook,httpRequest,1.0
8457,morning-metrics,scheduleTrigger,googleSheets,1.0
8458,email-archiver,emailReadImap,readWriteFile,1.0
8459,rss-alert,rssFeedTrigger,googleSheets,0.5
8460,form-to-endpoint,webhook,httpRequest,1.0
8461,morning-metrics,webhook,googleSheets,0.5
8462,email-archiver,emailReadImap,readWriteFile,1.0
8463,rss-alert,rssFeedTrigger,slack,1.0
8464,form-to-endpoint,webhook,httpRequest,1.0
8465,morning-metrics,scheduleTrigger,googleSheets,1.0
8466,email-archiver,emailReadImap,readWriteFile,1.0
8467,rss-alert,rssFeedTrigger,slack,1.0
8468,form-to-endpoint,webhook,httpRequest,1.0
8469,morning-metrics,scheduleTrigger,googleSheets,1.0
8470,email-archiver,emailReadImap,readWriteFile,1.0
8471,rss-alert,rssFeedTrigger,slack,1.0
8472,form-to-endpoint,webhook,httpRequest,1.0
8473,morning-metrics,scheduleTrigger,googleSheets,1.0
8474,email-archiver,emailReadImap,readWriteFile,1.0
8475,rss-alert,rssFeedTrigger,slack,1.0
8476,form-to-endpoint,webhook,httpRequest,1.0
8477,morning-metrics,scheduleTrigger,googleSheets,1.0
8478,email-archiver,emailReadImap,readWriteFile,1.0
8479,rss-alert,rssFeedTrigger,slack,1.0
8480,form-to-endpoint,webhook,httpRequest,1.0
8481,morning-metrics,scheduleTrigger,readWriteFile,0.5
8482,email-archiver,emailReadImap,googleSheets,0.5
8483,rss-alert,rssFeedTrigger,slack,1.0
8484,form-to-endpoint,webhook,httpRequest,1.0
8485,morning-metrics,scheduleTrigger,googleSheets,1.0
8486,email-archiver,emailReadImap,readWriteFile,1.0
8487,rss-alert,scheduleTrigger,slack,0.5
8488,form-to-endpoint,webhook,httpRequest,1.0
8489,morning-metrics,scheduleTrigger,googleSheets,1.0
8490,email-archiver,emailReadImap,readWriteFile,1.0
8491,rss-alert,rssFeedTrigger,slack,1.0
8492,form-to-endpoint,webhook,httpRequest,1.0
8493,morning-metrics,emailReadImap,googleSheets,0.5
8494,email-archiver,emailReadImap,readWriteFile,1.0
8495,rss-alert,rssFeedTrigger,slack,1.0
8496,form-to-endpoint,webhook,httpRequest,1.0
8497,morning-metrics,scheduleTrigger,googleSheets,1.0
8498,email-archiver,emailReadImap,readWriteFile,1.0
8499,rss-alert,rssFeedTrigger,slack,1.0
8500,form-to-endpoint,webhook,readWriteFile,0.5
8501,morning-metrics,scheduleTrigger,googleSheets,1.0
8502,email-archiver,emailReadImap,httpRequest,0.5
8503,rss-alert,rssFeedTrigger,slack,1.0
8504,form-to-endpoint,webhook,httpRequest,1.0
8505,morning-metrics,scheduleTrigger,googleSheets,1.0
8506,email-archiver,emailReadImap,httpRequest,0.5
8507,rss-alert,rssFeedTrigger,slack,1.0
8508,form-to-endpoint,webhook,httpRequest,1.0
8509,morning-metrics,scheduleTrigger,googleSheets,1.0
8510,email-archiver,emailReadImap,readWriteFile,1.0
8511,rss-alert,rssFeedTrigger,slack,1.0
8512,form-to-endpoint,webhook,httpRequest,1.0
8513,morning-metrics,scheduleTrigger,httpRequest,0.5
8514,email-archiver,emailReadImap,readWriteFile,1.0
8515,rss-alert,rssFeedTrigger,slack,1.0
8516,form-to-endpoint,webhook,readWriteFile,0.5
8517,morning-metrics,emailReadImap,googleSheets,0.5
8518,email-archiver,emailReadImap,readWriteFile,1.0
8519,rss-alert,rssFeedTrigger,slack,1.0
8520,form-to-endpoint,webhook,httpRequest,1.0
8521,morning-metrics,scheduleTrigger,googleSheets,1.0
8522,email-archiver,scheduleTrigger,readWriteFile,0.5
8523,rss-alert,rssFeedTrigger,slack,1.0
8524,form-to-endpoint,emailReadImap,googleSheets,0.0
8525,morning-metrics,scheduleTrigger,googleSheets,1.0
8526,email-archiver,emailReadImap,readWriteFile,1.0
8527,rss-alert,rssFeedTrigger,slack,1.0
8528,form-to-endpoint,webhook,httpRequest,1.0
8529,morning-metrics,scheduleTrigger,googleSheets,1.0
8530,email-archiver,emailReadImap,readWriteFile,1.0
8531,rss-alert,rssFeedTrigger,slack,1.0
8532,form-to-endpoint,webhook,slack,0.5
8533,morning-metrics,scheduleTrigger,googleSheets,1.0
8534,email-archiver,emailReadImap,readWriteFile,1.0
8535,rss-alert,rssFeedTrigger,slack,1.0
8536,form-to-endpoint,webhook,httpRequest,1.0
8537,morning-metrics,scheduleTrigger,googleSheets,1.0
8538,email-archiver,emailReadImap,readWriteFile,1.0
8539,rss-alert,rssFeedTrigger,httpRequest,0.5
8540,form-to-endpoint,webhook,readWriteFile,0.5
8541,morning-metrics,scheduleTrigger,googleSheets,1.0
8542,email-archiver,emailReadImap,readWriteFile,1.0
8543,rss-alert,rssFeedTrigger,slack,1.0
8544,form-to-endpoint,webhook,slack,0.5
8545,morning-metrics,scheduleTrigger,googleSheets,1.0
8546,email-archiver,emailReadImap,readWriteFile,1.0
8547,rss-alert,rssFeedTrigger,slack,1.0
8548,form-to-endpoint,emailReadImap,httpRequest,0.5
8549,morning-metrics,scheduleTrigger,readWriteFile,0.5
8550,email-archiver,emailReadImap,readWriteFile,1.0
8551,rss-alert,rssFeedTrigger,slack,1.0
8552,form-to-endpoint,webhook,httpRequest,1.0
8553,morning-metrics,scheduleTrigger,googleSheets,1.0
8554,email-archiver,emailReadImap,readWriteFile,1.0
8555,rss-alert,rssFeedTrigger,slack,1.0
8556,form-to-endpoint,webhook,httpRequest,1.0
8557,morning-metrics,scheduleTrigger,googleSheets,1.0
8558,email-archiver,emailReadImap,readWriteFile,1.0
8559,rss-alert,rssFeedTrigger,slack,1.0
8560,form-to-endpoint,webhook,googleSheets,0.5
8561,morning-metrics,scheduleTrigger,googleSheets,1.0
8562,email-archiver,emailReadImap,readWriteFile,1.0
8563,rss-alert,rssFeedTrigger,slack,1.0
8564,form-to-endpoint,webhook,httpRequest,1.0
8565,morning-metrics,scheduleTrigger,googleSheets,1.0
8566,email-archiver,emailReadImap,readWriteFile,1.0
8567,rss-alert,rssFeedTrigger,slack,1.0
8568,form-to-endpoint,webhook,httpRequest,1.0
8569,morning-metrics,scheduleTrigger,googleSheets,1.0
8570,email-archiver,emailReadImap,readWriteFile,1.0
8571,rss-alert,rssFeedTrigger,slack,1.0
8572,form-to-endpoint,webhook,httpRequest,1.0
8573,morning-metrics,scheduleTrigger,googleSheets,1.0
8574,email-archiver,emailReadImap,readWriteFile,1.0
8575,rss-alert,rssFeedTrigger,slack,1.0
8576,form-to-endpoint,webhook,slack,0.5
8577,morning-metrics,scheduleTrigger,googleSheets,1.0
8578,email-archiver,emailReadImap,readWriteFile,1.0
8579,rss-alert,rssFeedTrigger,slack,1.0
8580,form-to-endpoint,webhook,httpRequest,1.0
8581,morning-metrics,scheduleTrigger,httpRequest,0.5
8582,email-archiver,emailReadImap,readWriteFile,1.0
8583,rss-alert,rssFeedTrigger,slack,1.0
8584,form-to-endpoint,webhook,httpRequest,1.0
8585,morning-metrics,scheduleTrigger,googleSheets,1.0
8586,email-archiver,emailReadImap,readWriteFile,1.0
8587,rss-alert,rssFeedTrigger,slack,1.0
8588,form-to-endpoint,webhook,httpRequest,1.0
8589,morning-metrics,scheduleTrigger,googleSheets,1.0
8590,email-archiver,emailReadImap,readWriteFile,1.0
8591,rss-alert,rssFeedTrigger,slack,1.0
8592,form-to-endpoint,webhook,httpRequest,1.0
8593,morning-metrics,scheduleTrigger,googleSheets,1.0
8594,email-archiver,emailReadImap,readWriteFile,1.0
8595,rss-alert,rssFeedTrigger,slack,1.0
8596,form-to-endpoint,webhook,httpRequest,1.0
8597,morning-metrics,scheduleTrigger,googleSheets,1.0
8598,email-archiver,emailReadImap,readWriteFile,1.0
8599,rss-alert,rssFeedTrigger,slack,1.0
8600,form-to-endpoint,webhook,httpRequest,1.0
8601,morning-metrics,scheduleTrigger,googleSheets,1.0
8602,email-archiver,scheduleTrigger,readWriteFile,0.5
8603,rss-alert,rssFeedTrigger,slack,1.0
8604,form-to-endpoint,webhook,readWriteFile,0.5
8605,morning-metrics,scheduleTrigger,googleSheets,1.0
8606,email-archiver,emailReadImap,readWriteFile,1.0
8607,rss-alert,rssFeedTrigger,slack,1.0
8608,form-to-endpoint,webhook,httpRequest,1.0
8609,morning-metrics,scheduleTrigger,googleSheets,1.0
8610,email-archiver,emailReadImap,readWriteFile,1.0
8611,rss-alert,rssFeedTrigger,slack,1.0
8612,form-to-endpoint,webhook,httpRequest,1.0
8613,morning-metrics,scheduleTrigger,googleSheets,1.0
8614,email-archiver,emailReadImap,readWriteFile,1.0
8615,rss-alert,rssFeedTrigger,slack,1.0
8616,form-to-endpoint,webhook,httpRequest,1.0
8617,morning-metrics,scheduleTrigger,googleSheets,1.0
8618,email-archiver,emailReadImap,readWriteFile,1.0
8619,rss-alert,rssFeedTrigger,slack,1.0
8620,form-to-endpoint,webhook,httpRequest,1.0
8621,morning-metrics,scheduleTrigger,googleSheets,1.0
8622,email-archiver,emailReadImap,googleSheets,0.5
8623,rss-alert,rssFeedTrigger,slack,1.0
8624,form-to-endpoint,webhook,httpRequest,1.0
8625,morning-metrics,scheduleTrigger,readWriteFile,0.5
8626,email-archiver,emailReadImap,readWriteFile,1.0
8627,rss-alert,scheduleTrigger,slack,0.5
8628,form-to-endpoint,webhook,httpRequest,1.0
8629,morning-metrics,scheduleTrigger,googleSheets,1.0
8630,email-archiver,emailReadImap,readWriteFile,1.0
8631,rss-alert,rssFeedTrigger,slack,1.0
8632,form-to-endpoint,webhook,httpRequest,1.0
8633,morning-metrics,emailReadImap,googleSheets,0.5
8634,email-archiver,emailReadImap,readWriteFile,1.0
8635,rss-alert,rssFeedTrigger,slack,1.0
8636,form-to-endpoint,webhook,httpRequest,1.0
8637,morning-metrics,scheduleTrigger,googleSheets,1.0
8638,email-archiver,emailReadImap,readWriteFile,1.0
8639,rss-alert,rssFeedTrigger,slack,1.0
8640,form-to-endpoint,emailReadImap,httpRequest,0.5
8641,morning-metrics,scheduleTrigger,googleSheets,1.0
8642,email-archiver,emailReadImap,readWriteFile,1.0
8643,rss-alert,rssFeedTrigger,slack,1.0
8644,form-to-endpoint,webhook,httpRequest,1.0
8645,morning-metrics,scheduleTrigger,googleSheets,1.0
8646,email-archiver,emailReadImap,readWriteFile,1.0
8647,rss-alert,emailReadImap,slack,0.5
8648,form-to-endpoint,emailReadImap,httpRequest,0.5
8649,morning-metrics,scheduleTrigger,googleSheets,1.0
8650,email-archiver,emailReadImap,readWriteFile,1.0
8651,rss-alert,rssFeedTrigger,slack,1.0
8652,form-to-endpoint,webhook,httpRequest,1.0
8653,morning-metrics,scheduleTrigger,googleSheets,1.0
8654,email-archiver,emailReadImap,readWriteFile,1.0
8655,rss-alert,rssFeedTrigger,slack,1.0
8656,form-to-endpoint,webhook,httpRequest,1.0
8657,morning-metrics,scheduleTrigger,googleSheets,1.0
8658,email-archiver,emailReadImap,readWriteFile,1.0
8659,rss-alert,rssFeedTrigger,slack,1.0
8660,form-to-endpoint,webhook,httpRequest,1.0
8661,morning-metrics,scheduleTrigger,googleSheets,1.0
8662,email-archiver,emailReadImap,readWriteFile,1.0
8663,rss-alert,rssFeedTrigger,slack,1.0
8664,form-to-endpoint,webhook,readWriteFile,0.5
8665,morning-metrics,rssFeedTrigger,googleSheets,0.5
8666,email-archiver,emailReadImap,readWriteFile,1.0
8667,rss-alert,rssFeedTrigger,slack,1.0
8668,form-to-endpoint,webhook,httpRequest,1.0
8669,morning-metrics,scheduleTrigger,googleSheets,1.0
8670,email-archiver,emailReadImap,readWriteFile,1.0
8671,rss-alert,rssFeedTrigger,slack,1.0
8672,form-to-endpoint,webhook,httpRequest,1.0
8673,morning-metrics,scheduleTrigger,googleSheets,1.0
8674,email-archiver,emailReadImap,googleSheets,0.5
8675,rss-alert,emailReadImap,slack,0.5
8676,form-to-endpoint,webhook,httpRequest,1.0
8677,morning-metrics,scheduleTrigger,googleSheets,1.0
8678,email-archiver,emailReadImap,readWriteFile,1.0
8679,rss-alert,rssFeedTrigger,slack,1.0
8680,form-to-endpoint,webhook,httpRequest,1.0
8681,morning-metrics,scheduleTrigger,googleSheets,1.0
8682,email-archiver,emailReadImap,readWriteFile,1.0
8683,rss-alert,rssFeedTrigger,slack,1.0
8684,form-to-endpoint,rssFeedTrigger,httpRequest,0.5
8685,morning-metrics,emailReadImap,googleSheets,0.5
8686,email-archiver,emailReadImap,readWriteFile,1.0
8687,rss-alert,rssFeedTrigger,slack,1.0
8688,form-to-endpoint,webhook,httpRequest,1.0
8689,morning-metrics,scheduleTrigger,googleSheets,1.0
8690,email-archiver,emailReadImap,readWriteFile,1.0
8691,rss-alert,rssFeedTrigger,slack,1.0
8692,form-to-endpoint,webhook,httpRequest,1.0
8693,morning-metrics,scheduleTrigger,googleSheets,1.0
8694,email-archiver,emailReadImap,readWriteFile,1.0
8695,rss-alert,rssFeedTrigger,slack,1.0
8696,form-to-endpoint,webhook,httpRequest,1.0
8697,morning-metrics,scheduleTrigger,googleSheets,1.0
8698,email-archiver,emailReadImap,readWriteFile,1.0
8699,rss-alert,rssFeedTrigger,slack,1.0
8700,form-to-endpoint,webhook,httpRequest,1.0
8701,morning-metrics,scheduleTrigger,googleSheets,1.0
8702,email-archiver,emailReadImap,slack,0.5
8703,rss-alert,rssFeedTrigger,slack,1.0
8704,form-to-endpoint,webhook,httpRequest,1.0
8705,morning-metrics,scheduleTrigger,googleSheets,1.0
8706,email-archiver,emailReadImap,readWriteFile,1.0
8707,rss-alert,rssFeedTrigger,slack,1.0
8708,form-to-endpoint,webhook,httpRequest,1.0
8709,morning-metrics,scheduleTrigger,googleSheets,1.0
8710,email-archiver,emailReadImap,readWriteFile,1.0
8711,rss-alert,rssFeedTrigger,slack,1.0
8712,form-to-endpoint,webhook,httpRequest,1.0
8713,morning-metrics,scheduleTrigger,googleSheets,1.0
8714,email-archiver,emailReadImap,readWriteFile,1.0
8715,rss-alert,rssFeedTrigger,slack,1.0
8716,form-to-endpoint,webhook,httpRequest,1.0
8717,morning-metrics,scheduleTrigger,googleSheets,1.0
8718,email-archiver,emailReadImap,readWriteFile,1.0
8719,rss-alert,rssFeedTrigger,slack,1.0
8720,form-to-endpoint,webhook,httpRequest,1.0
8721,morning-metrics,scheduleTrigger,googleSheets,1.0
8722,email-archiver,emailReadImap,readWriteFile,1.0
8723,rss-alert,rssFeedTrigger,slack,1.0
8724,form-to-endpoint,webhook,readWriteFile,0.5
8725,morning-metrics,scheduleTrigger,googleSheets,1.0
8726,email-archiver,emailReadImap,readWriteFile,1.0
8727,rss-alert,rssFeedTrigger,slack,1.0
8728,form-to-endpoint,webhook,httpRequest,1.0
8729,morning-metrics,scheduleTrigger,googleSheets,1.0
8730,email-archiver,rssFeedTrigger,readWriteFile,0.5
8731,rss-alert,rssFeedTrigger,slack,1.0
8732,form-to-endpoint,webhook,httpRequest,1.0
8733,morning-metrics,scheduleTrigger,googleSheets,1.0
8734,email-archiver,scheduleTrigger,readWriteFile,0.5
8735,rss-alert,rssFeedTrigger,slack,1.0
8736,form-to-endpoint,webhook,httpRequest,1.0
8737,morning-metrics,rssFeedTrigger,googleSheets,0.5
8738,email-archiver,webhook,readWriteFile,0.5
8739,rss-alert,rssFeedTrigger,slack,1.0
8740,form-to-endpoint,webhook,httpRequest,1.0
8741,morning-metrics,scheduleTrigger,googleSheets,1.0
8742,email-archiver,emailReadImap,readWriteFile,1.0
8743,rss-alert,rssFeedTrigger,slack,1.0
8744,form-to-endpoint,webhook,httpRequest,1.0
8745,morning-metrics,scheduleTrigger,googleSheets,1.0
8746,email-archiver,emailReadImap,readWriteFile,1.0
8747,rss-alert,rssFeedTrigger,slack,1.0
8748,form-to-endpoint,webhook,httpRequest,1.0
8749,morning-metrics,scheduleTrigger,googleSheets,1.0
8750,email-archiver,rssFeedTrigger,readWriteFile,0.5
8751,rss-alert,rssFeedTrigger,slack,1.0
8752,form-to-endpoint,webhook,httpRequest,1.0
8753,morning-metrics,scheduleTrigger,readWriteFile,0.5
8754,email-archiver,emailReadImap,readWriteFile,1.0
8755,rss-alert,rssFeedTrigger,slack,1.0
8756,form-to-endpoint,webhook,httpRequest,1.0
8757,morning-metrics,scheduleTrigger,googleSheets,1.0
8758,email-archiver,emailReadImap,readWriteFile,1.0
8759,rss-alert,rssFeedTrigger,slack,1.0
8760,form-to-endpoint,webhook,httpRequest,1.0
8761,morning-metrics,scheduleTrigger,googleSheets,1.0
8762,email-archiver,emailReadImap,readWriteFile,1.0
8763,rss-alert,rssFeedTrigger,slack,1.0
8764,form-to-endpoint,webhook,httpRequest,1.0
8765,morning-metrics,scheduleTrigger,googleSheets,1.0
8766,email-archiver,scheduleTrigger,readWriteFile,0.5
8767,rss-alert,rssFeedTrigger,slack,1.0
8768,form-to-endpoint,webhook,slack,0.5
8769,morning-metrics,scheduleTrigger,googleSheets,1.0
8770,email-archiver,scheduleTrigger,readWriteFile,0.5
8771,rss-alert,rssFeedTrigger,slack,1.0
8772,form-to-endpoint,webhook,httpRequest,1.0
8773,morning-metrics,scheduleTrigger,googleSheets,1.0
8774,email-archiver,emailReadImap,readWriteFile,1.0
8775,rss-alert,rssFeedTrigger,slack,1.0
8776,form-to-endpoint,webhook,httpRequest,1.0
8777,morning-metrics,scheduleTrigger,googleSheets,1.0
8778,email-archiver,emailReadImap,readWriteFile,1.0
8779,rss-alert,rssFeedTrigger,slack,1.0
8780,form-to-endpoint,webhook,httpRequest,1.0
8781,morning-metrics,rssFeedTrigger,googleSheets,0.5
8782,email-archiver,emailReadImap,readWriteFile,1.0
8783,rss-alert,webhook,slack,0.5
8784,form-to-endpoint,webhook,httpRequest,1.0
8785,morning-metrics,scheduleTrigger,googleSheets,1.0
8786,email-archiver,emailReadImap,readWriteFile,1.0
8787,rss-alert,rssFeedTrigger,slack,1.0
8788,form-to-endpoint,webhook,httpRequest,1.0
8789,morning-metrics,scheduleTrigger,googleSheets,1.0
8790,email-archiver,emailReadImap,readWriteFile,1.0
8791,rss-alert,webhook,slack,0.5
8792,form-to-endpoint,webhook,httpRequest,1.0
8793,morning-metrics,scheduleTrigger,googleSheets,1.0
8794,email-archiver,scheduleTrigger,readWriteFile,0.5
8795,rss-alert,rssFeedTrigger,slack,1.0
8796,form-to-endpoint,webhook,httpRequest,1.0
8797,morning-metrics,scheduleTrigger,googleSheets,1.0
8798,email-archiver,emailReadImap,readWriteFile,1.0
8799,rss-alert,rssFeedTrigger,slack,1.0
8800,form-to-endpoint,webhook,httpRequest,1.0
8801,morning-metrics,scheduleTrigger,googleSheets,1.0
8802,email-archiver,emailReadImap,readWriteFile,1.0
8803,rss-alert,emailReadImap,slack,0.5
8804,form-to-endpoint,webhook,httpRequest,1.0
8805,morning-metrics,scheduleTrigger,googleSheets,1.0
8806,email-archiver,emailReadImap,readWriteFile,1.0
8807,rss-alert,rssFeedTrigger,slack,1.0
8808,form-to-endpoint,webhook,httpRequest,1.0
8809,morning-metrics,scheduleTrigger,googleSheets,1.0
8810,email-archiver,emailReadImap,readWriteFile,1.0
8811,rss-alert,rssFeedTrigger,slack,1.0
8812,form-to-endpoint,webhook,httpRequest,1.0
8813,morning-metrics,scheduleTrigger,googleSheets,1.0
8814,email-archiver,emailReadImap,readWriteFile,1.0
8815,rss-alert,rssFeedTrigger,slack,1.0
8816,form-to-endpoint,webhook,httpRequest,1.0
8817,morning-metrics,scheduleTrigger,googleSheets,1.0
8818,email-archiver,emailReadImap,readWriteFile,1.0
8819,rss-alert,rssFeedTrigger,slack,1.0
8820,form-to-endpoint,webhook,httpRequest,1.0
8821,morning-metrics,scheduleTrigger,googleSheets,1.0
8822,email-archiver,emailReadImap,readWriteFile,1.0
8823,rss-alert,scheduleTrigger,slack,0.5
8824,form-to-endpoint,webhook,httpRequest,1.0
8825,morning-metrics,scheduleTrigger,googleSheets,1.0
8826,email-archiver,emailReadImap,readWriteFile,1.0
8827,rss-alert,rssFeedTrigger,slack,1.0
8828,form-to-endpoint,webhook,httpRequest,1.0
8829,morning-metrics,scheduleTrigger,googleSheets,1.0
8830,email-archiver,emailReadImap,slack,0.5
8831,rss-alert,rssFeedTrigger,slack,1.0
8832,form-to-endpoint,webhook,httpRequest,1.0
8833,morning-metrics,scheduleTrigger,googleSheets,1.0
8834,email-archiver,emailReadImap,readWriteFile,1.0
8835,rss-alert,rssFeedTrigger,slack,1.0
8836,form-to-endpoint,webhook,googleSheets,0.5
8837,morning-metrics,scheduleTrigger,googleSheets,1.0
8838,email-archiver,emailReadImap,readWriteFile,1.0
8839,rss-alert,rssFeedTrigger,slack,1.0
8840,form-to-endpoint,scheduleTrigger,httpRequest,0.5
8841,morning-metrics,scheduleTrigger,googleSheets,1.0
8842,email-archiver,emailReadImap,readWriteFile,1.0
8843,rss-alert,rssFeedTrigger,slack,1.0
8844,form-to-endpoint,webhook,httpRequest,1.0
8845,morning-metrics,scheduleTrigger,googleSheets,1.0
8846,email-archiver,emailReadImap,readWriteFile,1.0
8847,rss-alert,rssFeedTrigger,slack,1.0
8848,form-to-endpoint,webhook,httpRequest,1.0
8849,morning-metrics,scheduleTrigger,googleSheets,1.0
8850,email-archiver,emailReadImap,slack,0.5
8851,rss-alert,rssFeedTrigger,slack,1.0
8852,form-to-endpoint,emailReadImap,httpRequest,0.5
8853,morning-metrics,scheduleTrigger,googleSheets,1.0
8854,email-archiver,emailReadImap,readWriteFile,1.0
8855,rss-alert,rssFeedTrigger,slack,1.0
8856,form-to-endpoint,webhook,httpRequest,1.0
8857,morning-metrics,scheduleTrigger,googleSheets,1.0
8858,email-archiver,emailReadImap,readWriteFile,1.0
8859,rss-alert,rssFeedTrigger,httpRequest,0.5
8860,form-to-endpoint,scheduleTrigger,httpRequest,0.5
8861,morning-metrics,scheduleTrigger,googleSheets,1.0
8862,email-archiver,emailReadImap,readWriteFile,1.0
8863,rss-alert,rssFeedTrigger,slack,1.0
8864,form-to-endpoint,webhook,httpRequest,1.0
8865,morning-metrics,scheduleTrigger,googleSheets,1.0
8866,email-archiver,emailReadImap,readWriteFile,1.0
8867,rss-alert,rssFeedTrigger,slack,1.0
8868,form-to-endpoint,webhook,httpRequest,1.0
8869,morning-metrics,scheduleTrigger,googleSheets,1.0
8870,email-archiver,emailReadImap,readWriteFile,1.0
8871,rss-alert,rssFeedTrigger,slack,1.0
8872,form-to-endpoint,scheduleTrigger,httpRequest,0.5
8873,morning-metrics,scheduleTrigger,googleSheets,1.0
8874,email-archiver,emailReadImap,readWriteFile,1.0
8875,rss-alert,rssFeedTrigger,readWriteFile,0.5
8876,form-to-endpoint,webhook,httpRequest,1.0
8877,morning-metrics,webhook,googleSheets,0.5
8878,email-archiver,emailReadImap,readWriteFile,1.0
8879,rss-alert,rssFeedTrigger,slack,1.0
8880,form-to-endpoint,webhook,httpRequest,1.0
8881,morning-metrics,scheduleTrigger,googleSheets,1.0
8882,email-archiver,emailReadImap,readWriteFile,1.0
8883,rss-alert,rssFeedTrigger,slack,1.0
8884,form-to-endpoint,webhook,readWriteFile,0.5
8885,morning-metrics,scheduleTrigger,googleSheets,1.0
8886,email-archiver,emailReadImap,readWriteFile,1.0
8887,rss-alert,rssFeedTrigger,slack,1.0
8888,form-to-endpoint,webhook,httpRequest,1.0
8889,morning-metrics,scheduleTrigger,googleSheets,1.0
8890,email-archiver,emailReadImap,readWriteFile,1.0
8891,rss-alert,rssFeedTrigger,slack,1.0
8892,form-to-endpoint,rssFeedTrigger,httpRequest,0.5
8893,morning-metrics,scheduleTrigger,googleSheets,1.0
8894,email-archiver,emailReadImap,slack,0.5
8895,rss-alert,rssFeedTrigger,slack,1.0
8896,form-to-endpoint,webhook,httpRequest,1.0
8897,morning-metrics,scheduleTrigger,googleSheets,1.0
8898,email-archiver,emailReadImap,readWriteFile,1.0
8899,rss-alert,rssFeedTrigger,httpRequest,0.5
8900,form-to-endpoint,webhook,httpRequest,1.0
8901,morning-metrics,scheduleTrigger,googleSheets,1.0
8902,email-archiver,emailReadImap,googleSheets,0.5
8903,rss-alert,rssFeedTrigger,slack,1.0
8904,form-to-endpoint,webhook,httpRequest,1.0
8905,morning-metrics,scheduleTrigger,googleSheets,1.0
8906,email-archiver,emailReadImap,readWriteFile,1.0
8907,rss-alert,rssFeedTrigger,slack,1.0
8908,form-to-endpoint,webhook,httpRequest,1.0
8909,morning-metrics,scheduleTrigger,googleSheets,1.0
8910,email-archiver,emailReadImap,readWriteFile,1.0
8911,rss-alert,rssFeedTrigger,slack,1.0
8912,form-to-endpoint,webhook,httpRequest,1.0
8913,morning-metrics,scheduleTrigger,googleSheets,1.0
8914,email-archiver,emailReadImap,readWriteFile,1.0
8915,rss-alert,rssFeedTrigger,slack,1.0
8916,form-to-endpoint,webhook,httpRequest,1.0
8917,morning-metrics,scheduleTrigger,googleSheets,1.0
8918,email-archiver,emailReadImap,readWriteFile,1.0
8919,rss-alert,rssFeedTrigger,slack,1.0
8920,form-to-endpoint,webhook,httpRequest,1.0
8921,morning-metrics,scheduleTrigger,googleSheets,1.0
8922,email-archiver,emailReadImap,readWriteFile,1.0
8923,rss-alert,webhook,readWriteFile,0.0
8924,form-to-endpoint,webhook,httpRequest,1.0
8925,morning-metrics,scheduleTrigger,googleSheets,1.0
8926,email-archiver,emailReadImap,readWriteFile,1.0
8927,rss-alert,rssFeedTrigger,slack,1.0
8928,form-to-endpoint,webhook,httpRequest,1.0
8929,morning-metrics,scheduleTrigger,googleSheets,1.0
8930,email-archiver,emailReadImap,readWriteFile,1.0
8931,rss-alert,rssFeedTrigger,slack,1.0
8932,form-to-endpoint,webhook,httpRequest,1.0
8933,morning-metrics,scheduleTrigger,googleSheets,1.0
8934,email-archiver,emailReadImap,readWriteFile,1.0
8935,rss-alert,rssFeedTrigger,slack,1.0
8936,form-to-endpoint,webhook,httpRequest,1.0
8937,morning-metrics,scheduleTrigger,googleSheets,1.0
8938,email-archiver,emailReadImap,readWriteFile,1.0
8939,rss-alert,rssFeedTrigger,slack,1.0
8940,form-to-endpoint,webhook,httpRequest,1.0
8941,morning-metrics,scheduleTrigger,googleSheets,1.0
8942,email-archiver,emailReadImap,readWriteFile,1.0
8943,rss-alert,rssFeedTrigger,slack,1.0
8944,form-to-endpoint,scheduleTrigger,httpRequest,0.5
8945,morning-metrics,scheduleTrigger,googleSheets,1.0
8946,email-archiver,emailReadImap,readWriteFile,1.0
8947,rss-alert,rssFeedTrigger,slack,1.0
8948,form-to-endpoint,webhook,httpRequest,1.0
8949,morning-metrics,scheduleTrigger,slack,0.5
8950,email-archiver,emailReadImap,readWriteFile,1.0
8951,rss-alert,rssFeedTrigger,slack,1.0
8952,form-to-endpoint,webhook,httpRequest,1.0
8953,morning-metrics,scheduleTrigger,googleSheets,1.0
8954,email-archiver,emailReadImap,readWriteFile,1.0
8955,rss-alert,rssFeedTrigger,slack,1.0
8956,form-to-endpoint,webhook,httpRequest,1.0
8957,morning-metrics,scheduleTrigger,googleSheets,1.0
8958,email-archiver,emailReadImap,readWriteFile,1.0
8959,rss-alert,rssFeedTrigger,slack,1.0
8960,form-to-endpoint,webhook,readWriteFile,0.5
8961,morning-metrics,scheduleTrigger,googleSheets,1.0
8962,email-archiver,emailReadImap,slack,0.5
8963,rss-alert,emailReadImap,slack,0.5
8964,form-to-endpoint,webhook,httpRequest,1.0
8965,morning-metrics,scheduleTrigger,googleSheets,1.0
8966,email-archiver,rssFeedTrigger,readWriteFile,0.5
8967,rss-alert,rssFeedTrigger,slack,1.0
8968,form-to-endpoint,webhook,httpRequest,1.0
8969,morning-metrics,scheduleTrigger,googleSheets,1.0
8970,email-archiver,emailReadImap,readWriteFile,1.0
8971,rss-alert,rssFeedTrigger,slack,1.0
8972,form-to-endpoint,webhook,httpRequest,1.0
8973,morning-metrics,emailReadImap,googleSheets,0.5
8974,email-archiver,emailReadImap,readWriteFile,1.0
8975,rss-alert,rssFeedTrigger,slack,1.0
8976,form-to-endpoint,webhook,httpRequest,1.0
8977,morning-metrics,scheduleTrigger,googleSheets,1.0
8978,email-archiver,emailReadImap,readWriteFile,1.0
8979,rss-alert,rssFeedTrigger,slack,1.0
8980,form-to-endpoint,webhook,googleSheets,0.5
8981,morning-metrics,scheduleTrigger,googleSheets,1.0
8982,email-archiver,emailReadImap,readWriteFile,1.0
8983,rss-alert,rssFeedTrigger,googleSheets,0.5
8984,form-to-endpoint,webhook,httpRequest,1.0
8985,morning-metrics,scheduleTrigger,googleSheets,1.0
8986,email-archiver,emailReadImap,readWriteFile,1.0
8987,rss-alert,scheduleTrigger,slack,0.5
8988,form-to-endpoint,webhook,httpRequest,1.0
8989,morning-metrics,scheduleTrigger,googleSheets,1.0
8990,email-archiver,webhook,readWriteFile,0.5
8991,rss-alert,rssFeedTrigger,slack,1.0
8992,form-to-endpoint,webhook,httpRequest,1.0
8993,morning-metrics,scheduleTrigger,googleSheets,1.0
8994,email-archiver,emailReadImap,readWriteFile,1.0
8995,rss-alert,rssFeedTrigger,slack,1.0
8996,form-to-endpoint,webhook,httpRequest,1.0
8997,morning-metrics,scheduleTrigger,googleSheets,1.0
8998,email-archiver,emailReadImap,readWriteFile,1.0
8999,rss-alert,rssFeedTrigger,slack,1.0
9000,form-to-endpoint,webhook,httpRequest,1.0
9001,morning-metrics,scheduleTrigger,slack,0.5
9002,email-archiver,emailReadImap,readWriteFile,1.0
9003,rss-alert,rssFeedTrigger,slack,1.0
9004,form-to-endpoint,webhook,httpRequest,1.0
9005,morning-metrics,scheduleTrigger,slack,0.5
9006,email-archiver,emailReadImap,readWriteFile,1.0
9007,rss-alert,rssFeedTrigger,slack,1.0
9008,form-to-endpoint,webhook,httpRequest,1.0
9009,morning-metrics,scheduleTrigger,googleSheets,1.0
9010,email-archiver,emailReadImap,readWriteFile,1.0
9011,rss-alert,rssFeedTrigger,httpRequest,0.5
9012,form-to-endpoint,webhook,httpRequest,1.0
9013,morning-metrics,scheduleTrigger,googleSheets,1.0
9014,email-archiver,emailReadImap,slack,0.5
9015,rss-alert,rssFeedTrigger,slack,1.0
9016,form-to-endpoint,webhook,httpRequest,1.0
9017,morning-metrics,scheduleTrigger,slack,0.5
9018,email-archiver,emailReadImap,readWriteFile,1.0
9019,rss-alert,rssFeedTrigger,slack,1.0
9020,form-to-endpoint,webhook,readWriteFile,0.5
9021,morning-metrics,scheduleTrigger,googleSheets,1.0
9022,email-archiver,emailReadImap,readWriteFile,1.0
9023,rss-alert,rssFeedTrigger,slack,1.0
9024,form-to-endpoint,webhook,httpRequest,1.0
9025,morning-metrics,scheduleTrigger,googleSheets,1.0
9026,email-archiver,emailReadImap,readWriteFile,1.0
9027,rss-alert,rssFeedTrigger,slack,1.0
9028,form-to-endpoint,webhook,httpRequest,1.0
9029,morning-metrics,scheduleTrigger,googleSheets,1.0
9030,email-archiver,emailReadImap,readWriteFile,1.0
9031,rss-alert,rssFeedTrigger,slack,1.0
9032,form-to-endpoint,webhook,httpRequest,1.0
9033,morning-metrics,scheduleTrigger,slack,0.5
9034,email-archiver,emailReadImap,readWriteFile,1.0
9035,rss-alert,rssFeedTrigger,googleSheets,0.5
9036,form-to-endpoint,webhook,httpRequest,1.0
9037,morning-metrics,scheduleTrigger,googleSheets,1.0
9038,email-archiver,emailReadImap,slack,0.5
9039,rss-alert,rssFeedTrigger,slack,1.0
9040,form-to-endpoint,rssFeedTrigger,httpRequest,0.5
9041,morning-metrics,scheduleTrigger,googleSheets,1.0
9042,email-archiver,emailReadImap,readWriteFile,1.0
9043,rss-alert,rssFeedTrigger,slack,1.0
9044,form-to-endpoint,webhook,httpRequest,1.0
9045,morning-metrics,scheduleTrigger,googleSheets,1.0
9046,email-archiver,emailReadImap,readWriteFile,1.0
9047,rss-alert,rssFeedTrigger,slack,1.0
9048,form-to-endpoint,webhook,httpRequest,1.0
9049,morning-metrics,scheduleTrigger,googleSheets,1.0
9050,email-archiver,emailReadImap,readWriteFile,1.0
9051,rss-alert,rssFeedTrigger,slack,1.0
9052,form-to-endpoint,webhook,httpRequest,1.0
9053,morning-metrics,scheduleTrigger,googleSheets,1.0
9054,email-archiver,emailReadImap,readWriteFile,1.0
9055,rss-alert,rssFeedTrigger,slack,1.0
9056,form-to-endpoint,webhook,httpRequest,1.0
9057,morning-metrics,scheduleTrigger,googleSheets,1.0
9058,email-archiver,emailReadImap,readWriteFile,1.0
9059,rss-alert,rssFeedTrigger,slack,1.0
9060,form-to-endpoint,scheduleTrigger,httpRequest,0.5
9061,morning-metrics,scheduleTrigger,googleSheets,1.0
9062,email-archiver,emailReadImap,readWriteFile,1.0
9063,rss-alert,rssFeedTrigger,googleSheets,0.5
9064,form-to-endpoint,webhook,httpRequest,1.0
9065,morning-metrics,scheduleTrigger,googleSheets,1.0
9066,email-archiver,emailReadImap,readWriteFile,1.0
9067,rss-alert,rssFeedTrigger,slack,1.0
9068,form-to-endpoint,webhook,httpRequest,1.0
9069,morning-metrics,scheduleTrigger,googleSheets,1.0
9070,email-archiver,emailReadImap,googleSheets,0.5
9071,rss-alert,rssFeedTrigger,slack,1.0
9072,form-to-endpoint,webhook,httpRequest,1.0
9073,morning-metrics,scheduleTrigger,googleSheets,1.0
9074,email-archiver,emailReadImap,readWriteFile,1.0
9075,rss-alert,scheduleTrigger,slack,0.5
9076,form-to-endpoint,webhook,httpRequest,1.0
9077,morning-metrics,scheduleTrigger,googleSheets,1.0
9078,email-archiver,emailReadImap,readWriteFile,1.0
9079,rss-alert,rssFeedTrigger,slack,1.0
9080,form-to-endpoint,webhook,httpRequest,1.0
9081,morning-metrics,scheduleTrigger,googleSheets,1.0
9082,email-archiver,emailReadImap,readWriteFile,1.0
9083,rss-alert,rssFeedTrigger,slack,1.0
9084,form-to-endpoint,webhook,httpRequest,1.0
9085,morning-metrics,scheduleTrigger,googleSheets,1.0
9086,email-archiver,emailReadImap,readWriteFile,1.0
9087,rss-alert,rssFeedTrigger,slack,1.0
9088,form-to-endpoint,webhook,httpRequest,1.0
9089,morning-metrics,scheduleTrigger,googleSheets,1.0
9090,email-archiver,emailReadImap,readWriteFile,1.0
9091,rss-alert,rssFeedTrigger,slack,1.0
9092,form-to-endpoint,webhook,httpRequest,1.0
9093,morning-metrics,scheduleTrigger,googleSheets,1.0
9094,email-archiver,emailReadImap,readWriteFile,1.0
9095,rss-alert,rssFeedTrigger,slack,1.0
9096,form-to-endpoint,webhook,httpRequest,1.0
9097,morning-metrics,scheduleTrigger,googleSheets,1.0
9098,email-archiver,emailReadImap,readWriteFile,1.0
9099,rss-alert,rssFeedTrigger,googleSheets,0.5
9100,form-to-endpoint,webhook,readWriteFile,0.5
9101,morning-metrics,rssFeedTrigger,googleSheets,0.5
9102,email-archiver,emailReadImap,readWriteFile,1.0
9103,rss-alert,rssFeedTrigger,slack,1.0
9104,form-to-endpoint,webhook,httpRequest,1.0
9105,morning-metrics,scheduleTrigger,googleSheets,1.0
9106,email-archiver,emailReadImap,googleSheets,0.5
9107,rss-alert,rssFeedTrigger,slack,1.0
9108,form-to-endpoint,webhook,httpRequest,1.0
9109,morning-metrics,scheduleTrigger,googleSheets,1.0
9110,email-archiver,emailReadImap,readWriteFile,1.0
9111,rss-alert,rssFeedTrigger,slack,1.0
9112,form-to-endpoint,webhook,httpRequest,1.0
9113,morning-metrics,scheduleTrigger,googleSheets,1.0
9114,email-archiver,emailReadImap,readWriteFile,1.0
9115,rss-alert,rssFeedTrigger,slack,1.0
9116,form-to-endpoint,webhook,slack,0.5
9117,morning-metrics,scheduleTrigger,httpRequest,0.5
9118,email-archiver,emailReadImap,readWriteFile,1.0
9119,rss-alert,rssFeedTrigger,slack,1.0
9120,form-to-endpoint,webhook,httpRequest,1.0
9121,morning-metrics,scheduleTrigger,googleSheets,1.0
9122,email-archiver,emailReadImap,slack,0.5
9123,rss-alert,rssFeedTrigger,slack,1.0
9124,form-to-endpoint,webhook,httpRequest,1.0
9125,morning-metrics,scheduleTrigger,googleSheets,1.0
9126,email-archiver,emailReadImap,readWriteFile,1.0
9127,rss-alert,scheduleTrigger,slack,0.5
9128,form-to-endpoint,webhook,httpRequest,1.0
9129,morning-metrics,scheduleTrigger,googleSheets,1.0
9130,email-archiver,emailReadImap,readWriteFile,1.0
9131,rss-alert,rssFeedTrigger,httpRequest,0.5
9132,form-to-endpoint,webhook,httpRequest,1.0
9133,morning-metrics,scheduleTrigger,googleSheets,1.0
9134,email-archiver,emailReadImap,googleSheets,0.5
9135,rss-alert,rssFeedTrigger,slack,1.0
9136,form-to-endpoint,webhook,httpRequest,1.0
9137,morning-metrics,scheduleTrigger,googleSheets,1.0
9138,email-archiver,emailReadImap,readWriteFile,1.0
9139,rss-alert,rssFeedTrigger,slack,1.0
9140,form-to-endpoint,emailReadImap,httpRequest,0.5
9141,morning-metrics,scheduleTrigger,googleSheets,1.0
9142,email-archiver,emailReadImap,readWriteFile,1.0
9143,rss-alert,rssFeedTrigger,slack,1.0
9144,form-to-endpoint,webhook,httpRequest,1.0
9145,morning-metrics,scheduleTrigger,googleSheets,1.0
9146,email-archiver,rssFeedTrigger,readWriteFile,0.5
9147,rss-alert,rssFeedTrigger,slack,1.0
9148,form-to-endpoint,webhook,httpRequest,1.0
9149,morning-metrics,scheduleTrigger,googleSheets,1.0
9150,email-archiver,emailReadImap,readWriteFile,1.0
9151,rss-alert,rssFeedTrigger,slack,1.0
9152,form-to-endpoint,webhook,httpRequest,1.0
9153,morning-metrics,scheduleTrigger,googleSheets,1.0
9154,email-archiver,emailReadImap,readWriteFile,1.0
9155,rss-alert,rssFeedTrigger,slack,1.0
9156,form-to-endpoint,webhook,httpRequest,1.0
9157,morning-metrics,scheduleTrigger,googleSheets,1.0
9158,email-archiver,emailReadImap,readWriteFile,1.0
9159,rss-alert,scheduleTrigger,slack,0.5
9160,form-to-endpoint,webhook,httpRequest,1.0
9161,morning-metrics,scheduleTrigger,googleSheets,1.0
9162,email-archiver,emailReadImap,readWriteFile,1.0
9163,rss-alert,rssFeedTrigger,slack,1.0
9164,form-to-endpoint,webhook,httpRequest,1.0
9165,morning-metrics,scheduleTrigger,googleSheets,1.0
9166,email-archiver,emailReadImap,readWriteFile,1.0
9167,rss-alert,rssFeedTrigger,slack,1.0
9168,form-to-endpoint,emailReadImap,httpRequest,0.5
9169,morning-metrics,scheduleTrigger,googleSheets,1.0
9170,email-archiver,emailReadImap,readWriteFile,1.0
9171,rss-alert,rssFeedTrigger,slack,1.0
9172,form-to-endpoint,webhook,readWriteFile,0.5
9173,morning-metrics,scheduleTrigger,googleSheets,1.0
9174,email-archiver,emailReadImap,readWriteFile,1.0
9175,rss-alert,rssFeedTrigger,slack,1.0
9176,form-to-endpoint,webhook,httpRequest,1.0
9177,morning-metrics,webhook,googleSheets,0.5
9178,email-archiver,emailReadImap,readWriteFile,1.0
9179,rss-alert,rssFeedTrigger,slack,1.0
9180,form-to-endpoint,webhook,httpRequest,1.0
9181,morning-metrics,scheduleTrigger,httpRequest,0.5
9182,email-archiver,emailReadImap,readWriteFile,1.0
9183,rss-alert,rssFeedTrigger,slack,1.0
9184,form-to-endpoint,emailReadImap,httpRequest,0.5
9185,morning-metrics,scheduleTrigger,httpRequest,0.5
9186,email-archiver,emailReadImap,readWriteFile,1.0
9187,rss-alert,rssFeedTrigger,slack,1.0
9188,form-to-endpoint,webhook,httpRequest,1.0
9189,morning-metrics,scheduleTrigger,googleSheets,1.0
9190,email-archiver,emailReadImap,readWriteFile,1.0
9191,rss-alert,rssFeedTrigger,slack,1.0
9192,form-to-endpoint,webhook,httpRequest,1.0
9193,morning-metrics,scheduleTrigger,googleSheets,1.0
9194,email-archiver,emailReadImap,readWriteFile,1.0
9195,rss-alert,rssFeedTrigger,slack,1.0
9196,form-to-endpoint,webhook,httpRequest,1.0
9197,morning-metrics,webhook,googleSheets,0.5
9198,email-archiver,emailReadImap,readWriteFile,1.0
9199,rss-alert,rssFeedTrigger,slack,1.0
9200,form-to-endpoint,webhook,httpRequest,1.0
9201,morning-metrics,scheduleTrigger,googleSheets,1.0
9202,email-archiver,emailReadImap,readWriteFile,1.0
9203,rss-alert,rssFeedTrigger,httpRequest,0.5
9204,form-to-endpoint,webhook,slack,0.5
9205,morning-metrics,scheduleTrigger,googleSheets,1.0
9206,email-archiver,emailReadImap,readWriteFile,1.0
9207,rss-alert,rssFeedTrigger,slack,1.0
9208,form-to-endpoint,webhook,httpRequest,1.0
9209,morning-metrics,scheduleTrigger,googleSheets,1.0
9210,email-archiver,emailReadImap,readWriteFile,1.0
9211,rss-alert,rssFeedTrigger,slack,1.0
9212,form-to-endpoint,webhook,httpRequest,1.0
9213,morning-metrics,scheduleTrigger,googleSheets,1.0
9214,email-archiver,emailReadImap,readWriteFile,1.0
9215,rss-alert,rssFeedTrigger,slack,1.0
9216,form-to-endpoint,scheduleTrigger,httpRequest,0.5
9217,morning-metrics,scheduleTrigger,googleSheets,1.0
9218,email-archiver,emailReadImap,readWriteFile,1.0
9219,rss-alert,rssFeedTrigger,slack,1.0
9220,form-to-endpoint,webhook,httpRequest,1.0
9221,morning-metrics,scheduleTrigger,googleSheets,1.0
9222,email-archiver,emailReadImap,readWriteFile,1.0
9223,rss-alert,rssFeedTrigger,slack,1.0
9224,form-to-endpoint,webhook,httpRequest,1.0
9225,morning-metrics,scheduleTrigger,googleSheets,1.0
9226,email-archiver,emailReadImap,readWriteFile,1.0
9227,rss-alert,rssFeedTrigger,slack,1.0
9228,form-to-endpoint,webhook,httpRequest,1.0
9229,morning-metrics,scheduleTrigger,googleSheets,1.0
9230,email-archiver,emailReadImap,readWriteFile,1.0
9231,rss-alert,rssFeedTrigger,slack,1.0
9232,form-to-endpoint,webhook,httpRequest,1.0
9233,morning-metrics,scheduleTrigger,googleSheets,1.0
9234,email-archiver,rssFeedTrigger,readWriteFile,0.5
9235,rss-alert,rssFeedTrigger,slack,1.0
9236,form-to-endpoint,webhook,httpRequest,1.0
9237,morning-metrics,scheduleTrigger,googleSheets,1.0
9238,email-archiver,emailReadImap,readWriteFile,1.0
9239,rss-alert,rssFeedTrigger,slack,1.0
9240,form-to-endpoint,rssFeedTrigger,httpRequest,0.5
9241,morning-metrics,scheduleTrigger,readWriteFile,0.5
9242,email-archiver,emailReadImap,readWriteFile,1.0
9243,rss-alert,rssFeedTrigger,slack,1.0
9244,form-to-endpoint,webhook,httpRequest,1.0
9245,morning-metrics,scheduleTrigger,googleSheets,1.0
9246,email-archiver,emailReadImap,readWriteFile,1.0
9247,rss-alert,rssFeedTrigger,slack,1.0
9248,form-to-endpoint,webhook,httpRequest,1.0
9249,morning-metrics,scheduleTrigger,googleSheets,1.0
9250,email-archiver,emailReadImap,readWriteFile,1.0
9251,rss-alert,rssFeedTrigger,slack,1.0
9252,form-to-endpoint,webhook,httpRequest,1.0
9253,morning-metrics,scheduleTrigger,slack,0.5
9254,email-archiver,webhook,readWriteFile,0.5
9255,rss-alert,rssFeedTrigger,slack,1.0
9256,form-to-endpoint,webhook,httpRequest,1.0
9257,morning-metrics,scheduleTrigger,googleSheets,1.0
9258,email-archiver,emailReadImap,readWriteFile,1.0
9259,rss-alert,rssFeedTrigger,slack,1.0
9260,form-to-endpoint,webhook,httpRequest,1.0
9261,morning-metrics,scheduleTrigger,googleSheets,1.0
9262,email-archiver,emailReadImap,readWriteFile,1.0
9263,rss-alert,rssFeedTrigger,slack,1.0
9264,form-to-endpoint,webhook,httpRequest,1.0
9265,morning-metrics,scheduleTrigger,googleSheets,1.0
9266,email-archiver,emailReadImap,readWriteFile,1.0
9267,rss-alert,rssFeedTrigger,slack,1.0
9268,form-to-endpoint,rssFeedTrigger,httpRequest,0.5
9269,morning-metrics,scheduleTrigger,googleSheets,1.0
9270,email-archiver,emailReadImap,readWriteFile,1.0
9271,rss-alert,rssFeedTrigger,slack,1.0
9272,form-to-endpoint,webhook,readWriteFile,0.5
9273,morning-metrics,scheduleTrigger,googleSheets,1.0
9274,email-archiver,emailReadImap,readWriteFile,1.0
9275,rss-alert,rssFeedTrigger,slack,1.0
9276,form-to-endpoint,webhook,httpRequest,1.0
9277,morning-metrics,scheduleTrigger,googleSheets,1.0
9278,email-archiver,emailReadImap,googleSheets,0.5
9279,rss-alert,rssFeedTrigger,slack,1.0
9280,form-to-endpoint,webhook,httpRequest,1.0
9281,morning-metrics,scheduleTrigger,googleSheets,1.0
9282,email-archiver,emailReadImap,readWriteFile,1.0
9283,rss-alert,rssFeedTrigger,slack,1.0
9284,form-to-endpoint,webhook,httpRequest,1.0
9285,morning-metrics,scheduleTrigger,googleSheets,1.0
9286,email-archiver,webhook,readWriteFile,0.5
9287,rss-alert,rssFeedTrigger,slack,1.0
9288,form-to-endpoint,scheduleTrigger,httpRequest,0.5
9289,morning-metrics,scheduleTrigger,googleSheets,1.0
9290,email-archiver,emailReadImap,readWriteFile,1.0
9291,rss-alert,rssFeedTrigger,slack,1.0
9292,form-to-endpoint,webhook,httpRequest,1.0
9293,morning-metrics,scheduleTrigger,googleSheets,1.0
9294,email-archiver,emailReadImap,googleSheets,0.5
9295,rss-alert,rssFeedTrigger,slack,1.0
9296,form-to-endpoint,webhook,httpRequest,1.0
9297,morning-metrics,scheduleTrigger,googleSheets,1.0
9298,email-archiver,emailReadImap,readWriteFile,1.0
9299,rss-alert,rssFeedTrigger,googleSheets,0.5
9300,form-to-endpoint,webhook,httpRequest,1.0
9301,morning-metrics,scheduleTrigger,slack,0.5
9302,email-archiver,emailReadImap,slack,0.5
9303,rss-alert,scheduleTrigger,slack,0.5
9304,form-to-endpoint,webhook,httpRequest,1.0
9305,morning-metrics,scheduleTrigger,googleSheets,1.0
9306,email-archiver,emailReadImap,readWriteFile,1.0
9307,rss-alert,rssFeedTrigger,slack,1.0
9308,form-to-endpoint,webhook,httpRequest,1.0
9309,morning-metrics,scheduleTrigger,googleSheets,1.0
9310,email-archiver,scheduleTrigger,readWriteFile,0.5
9311,rss-alert,rssFeedTrigger,slack,1.0
9312,form-to-endpoint,webhook,httpRequest,1.0
9313,morning-metrics,scheduleTrigger,googleSheets,1.0
9314,email-archiver,emailReadImap,readWriteFile,1.0
9315,rss-alert,rssFeedTrigger,slack,1.0
9316,form-to-endpoint,webhook,httpRequest,1.0
9317,morning-metrics,scheduleTrigger,googleSheets,1.0
9318,email-archiver,emailReadImap,readWriteFile,1.0
9319,rss-alert,rssFeedTrigger,slack,1.0
9320,form-to-endpoint,webhook,httpRequest,1.0
9321,morning-metrics,scheduleTrigger,googleSheets,1.0
9322,email-archiver,emailReadImap,readWriteFile,1.0
9323,rss-alert,rssFeedTrigger,slack,1.0
9324,form-to-endpoint,webhook,httpRequest,1.0
9325,morning-metrics,scheduleTrigger,googleSheets,1.0
9326,email-archiver,emailReadImap,readWriteFile,1.0
9327,rss-alert,rssFeedTrigger,slack,1.0
9328,form-to-endpoint,webhook,httpRequest,1.0
9329,morning-metrics,scheduleTrigger,googleSheets,1.0
9330,email-archiver,webhook,readWriteFile,0.5
9331,rss-alert,rssFeedTrigger,slack,1.0
9332,form-to-endpoint,rssFeedTrigger,httpRequest,0.5
9333,morning-metrics,scheduleTrigger,googleSheets,1.0
9334,email-archiver,emailReadImap,readWriteFile,1.0
9335,rss-alert,scheduleTrigger,slack,0.5
9336,form-to-endpoint,webhook,httpRequest,1.0
9337,morning-metrics,scheduleTrigger,googleSheets,1.0
9338,email-archiver,emailReadImap,readWriteFile,1.0
9339,rss-alert,rssFeedTrigger,slack,1.0
9340,form-to-endpoint,webhook,httpRequest,1.0
9341,morning-metrics,scheduleTrigger,googleSheets,1.0
9342,email-archiver,emailReadImap,readWriteFile,1.0
9343,rss-alert,rssFeedTrigger,slack,1.0
9344,form-to-endpoint,rssFeedTrigger,httpRequest,0.5
9345,morning-metrics,scheduleTrigger,googleSheets,1.0
9346,email-archiver,emailReadImap,readWriteFile,1.0
9347,rss-alert,rssFeedTrigger,slack,1.0
9348,form-to-endpoint,webhook,httpRequest,1.0
9349,morning-metrics,scheduleTrigger,googleSheets,1.0
9350,email-archiver,emailReadImap,readWriteFile,1.0
9351,rss-alert,rssFeedTrigger,slack,1.0
9352,form-to-endpoint,webhook,googleSheets,0.5
9353,morning-metrics,scheduleTrigger,googleSheets,1.0
9354,email-archiver,emailReadImap,readWriteFile,1.0
9355,rss-alert,rssFeedTrigger,slack,1.0
9356,form-to-endpoint,webhook,httpRequest,1.0
9357,morning-metrics,scheduleTrigger,googleSheets,1.0
9358,email-archiver,emailReadImap,readWriteFile,1.0
9359,rss-alert,rssFeedTrigger,slack,1.0
9360,form-to-endpoint,webhook,httpRequest,1.0
9361,morning-metrics,scheduleTrigger,googleSheets,1.0
9362,email-archiver,emailReadImap,readWriteFile,1.0
9363,rss-alert,rssFeedTrigger,slack,1.0
9364,form-to-endpoint,rssFeedTrigger,httpRequest,0.5
9365,morning-metrics,scheduleTrigger,googleSheets,1.0
9366,email-archiver,emailReadImap,readWriteFile,1.0
9367,rss-alert,rssFeedTrigger,slack,1.0
9368,form-to-endpoint,webhook,httpRequest,1.0
9369,morning-metrics,scheduleTrigger,googleSheets,1.0
9370,email-archiver,emailReadImap,readWriteFile,1.0
9371,rss-alert,rssFeedTrigger,slack,1.0
9372,form-to-endpoint,webhook,httpRequest,1.0
9373,morning-metrics,scheduleTrigger,slack,0.5
9374,email-archiver,emailReadImap,readWriteFile,1.0
9375,rss-alert,rssFeedTrigger,slack,1.0
9376,form-to-endpoint,webhook,httpRequest,1.0
9377,morning-metrics,scheduleTrigger,googleSheets,1.0
9378,email-archiver,emailReadImap,readWriteFile,1.0
9379,rss-alert,rssFeedTrigger,httpRequest,0.5
9380,form-to-endpoint,webhook,httpRequest,1.0
9381,morning-metrics,scheduleTrigger,googleSheets,1.0
9382,email-archiver,emailReadImap,readWriteFile,1.0
9383,rss-alert,webhook,slack,0.5
9384,form-to-endpoint,webhook,httpRequest,1.0
9385,morning-metrics,scheduleTrigger,googleSheets,1.0
9386,email-archiver,emailReadImap,slack,0.5
9387,rss-alert,rssFeedTrigger,googleSheets,0.5
9388,form-to-endpoint,webhook,httpRequest,1.0
9389,morning-metrics,scheduleTrigger,googleSheets,1.0
9390,email-archiver,emailReadImap,readWriteFile,1.0
9391,rss-alert,rssFeedTrigger,slack,1.0
9392,form-to-endpoint,webhook,httpRequest,1.0
9393,morning-metrics,scheduleTrigger,googleSheets,1.0
9394,email-archiver,emailReadImap,readWriteFile,1.0
9395,rss-alert,scheduleTrigger,slack,0.5
9396,form-to-endpoint,webhook,httpRequest,1.0
9397,morning-metrics,scheduleTrigger,googleSheets,1.0
9398,email-archiver,emailReadImap,readWriteFile,1.0
9399,rss-alert,rssFeedTrigger,slack,1.0
9400,form-to-endpoint,webhook,httpRequest,1.0
9401,morning-metrics,scheduleTrigger,googleSheets,1.0
9402,email-archiver,emailReadImap,readWriteFile,1.0
9403,rss-alert,rssFeedTrigger,slack,1.0
9404,form-to-endpoint,rssFeedTrigger,httpRequest,0.5
9405,morning-metrics,scheduleTrigger,googleSheets,1.0
9406,email-archiver,rssFeedTrigger,readWriteFile,0.5
9407,rss-alert,rssFeedTrigger,slack,1.0
9408,form-to-endpoint,webhook,httpRequest,1.0
9409,morning-metrics,scheduleTrigger,googleSheets,1.0
9410,email-archiver,scheduleTrigger,readWriteFile,0.5
9411,rss-alert,rssFeedTrigger,slack,1.0
9412,form-to-endpoint,webhook,slack,0.5
9413,morning-metrics,scheduleTrigger,googleSheets,1.0
9414,email-archiver,emailReadImap,httpRequest,0.5
9415,rss-alert,webhook,slack,0.5
9416,form-to-endpoint,webhook,httpRequest,1.0
9417,morning-metrics,scheduleTrigger,googleSheets,1.0
9418,email-archiver,emailReadImap,readWriteFile,1.0
9419,rss-alert,rssFeedTrigger,slack,1.0
9420,form-to-endpoint,webhook,httpRequest,1.0
9421,morning-metrics,scheduleTrigger,httpRequest,0.5
9422,email-archiver,webhook,readWriteFile,0.5
9423,rss-alert,rssFeedTrigger,slack,1.0
9424,form-to-endpoint,webhook,httpRequest,1.0
9425,morning-metrics,scheduleTrigger,googleSheets,1.0
9426,email-archiver,emailReadImap,readWriteFile,1.0
9427,rss-alert,rssFeedTrigger,slack,1.0
9428,form-to-endpoint,webhook,httpRequest,1.0
9429,morning-metrics,scheduleTrigger,googleSheets,1.0
9430,email-archiver,emailReadImap,readWriteFile,1.0
9431,rss-alert,rssFeedTrigger,slack,1.0
9432,form-to-endpoint,webhook,httpRequest,1.0
9433,morning-metrics,scheduleTrigger,googleSheets,1.0
9434,email-archiver,webhook,slack,0.0
9435,rss-alert,rssFeedTrigger,slack,1.0
9436,form-to-endpoint,webhook,httpRequest,1.0
9437,morning-metrics,scheduleTrigger,googleSheets,1.0
9438,email-archiver,emailReadImap,readWriteFile,1.0
9439,rss-alert,webhook,slack,0.5
9440,form-to-endpoint,webhook,httpRequest,1.0
9441,morning-metrics,scheduleTrigger,googleSheets,1.0
9442,email-archiver,emailReadImap,readWriteFile,1.0
9443,rss-alert,rssFeedTrigger,slack,1.0
9444,form-to-endpoint,webhook,httpRequest,1.0
9445,morning-metrics,scheduleTrigger,googleSheets,1.0
9446,email-archiver,emailReadImap,readWriteFile,1.0
9447,rss-alert,rssFeedTrigger,slack,1.0
9448,form-to-endpoint,webhook,httpRequest,1.0
9449,morning-metrics,scheduleTrigger,googleSheets,1.0
9450,email-archiver,webhook,readWriteFile,0.5
9451,rss-alert,rssFeedTrigger,slack,1.0
9452,form-to-endpoint,webhook,httpRequest,1.0
9453,morning-metrics,scheduleTrigger,googleSheets,1.0
9454,email-archiver,emailReadImap,readWriteFile,1.0
9455,rss-alert,emailReadImap,slack,0.5
9456,form-to-endpoint,webhook,httpRequest,1.0
9457,morning-metrics,scheduleTrigger,googleSheets,1.0
9458,email-archiver,emailReadImap,readWriteFile,1.0
9459,rss-alert,rssFeedTrigger,slack,1.0
9460,form-to-endpoint,webhook,httpRequest,1.0
9461,morning-metrics,scheduleTrigger,googleSheets,1.0
9462,email-archiver,emailReadImap,readWriteFile,1.0
9463,rss-alert,rssFeedTrigger,slack,1.0
9464,form-to-endpoint,webhook,httpRequest,1.0
9465,morning-metrics,scheduleTrigger,googleSheets,1.0
9466,email-archiver,emailReadImap,readWriteFile,1.0
9467,rss-alert,rssFeedTrigger,slack,1.0
9468,form-to-endpoint,webhook,httpRequest,1.0
9469,morning-metrics,scheduleTrigger,googleSheets,1.0
9470,email-archiver,emailReadImap,readWriteFile,1.0
9471,rss-alert,rssFeedTrigger,slack,1.0
9472,form-to-endpoint,webhook,httpRequest,1.0
9473,morning-metrics,scheduleTrigger,googleSheets,1.0
9474,email-archiver,webhook,readWriteFile,0.5
9475,rss-alert,rssFeedTrigger,slack,1.0
9476,form-to-endpoint,webhook,httpRequest,1.0
9477,morning-metrics,scheduleTrigger,googleSheets,1.0
9478,email-archiver,emailReadImap,readWriteFile,1.0
9479,rss-alert,webhook,slack,0.5
9480,form-to-endpoint,webhook,httpRequest,1.0
9481,morning-metrics,scheduleTrigger,googleSheets,1.0
9482,email-archiver,webhook,readWriteFile,0.5
9483,rss-alert,rssFeedTrigger,slack,1.0
9484,form-to-endpoint,webhook,httpRequest,1.0
9485,morning-metrics,scheduleTrigger,googleSheets,1.0
9486,email-archiver,emailReadImap,readWriteFile,1.0
9487,rss-alert,rssFeedTrigger,slack,1.0
9488,form-to-endpoint,webhook,httpRequest,1.0
9489,morning-metrics,webhook,googleSheets,0.5
9490,email-archiver,emailReadImap,readWriteFile,1.0
9491,rss-alert,rssFeedTrigger,slack,1.0
9492,form-to-endpoint,webhook,httpRequest,1.0
9493,morning-metrics,scheduleTrigger,googleSheets,1.0
9494,email-archiver,emailReadImap,readWriteFile,1.0
9495,rss-alert,rssFeedTrigger,slack,1.0
9496,form-to-endpoint,webhook,httpRequest,1.0
9497,morning-metrics,scheduleTrigger,googleSheets,1.0
9498,email-archiver,emailReadImap,readWriteFile,1.0
9499,rss-alert,rssFeedTrigger,slack,1.0
9500,form-to-endpoint,webhook,httpRequest,1.0
9501,morning-metrics,scheduleTrigger,googleSheets,1.0
9502,email-archiver,emailReadImap,readWriteFile,1.0
9503,rss-alert,rssFeedTrigger,httpRequest,0.5
9504,form-to-endpoint,webhook,httpRequest,1.0
9505,morning-metrics,scheduleTrigger,googleSheets,1.0
9506,email-archiver,emailReadImap,readWriteFile,1.0
9507,rss-alert,rssFeedTrigger,slack,1.0
9508,form-to-endpoint,webhook,httpRequest,1.0
9509,morning-metrics,scheduleTrigger,googleSheets,1.0
9510,email-archiver,emailReadImap,readWriteFile,1.0
9511,rss-alert,rssFeedTrigger,slack,1.0
9512,form-to-endpoint,webhook,httpRequest,1.0
9513,morning-metrics,scheduleTrigger,googleSheets,1.0
9514,email-archiver,emailReadImap,readWriteFile,1.0
9515,rss-alert,rssFeedTrigger,slack,1.0
9516,form-to-endpoint,webhook,httpRequest,1.0
9517,morning-metrics,scheduleTrigger,googleSheets,1.0
9518,email-archiver,emailReadImap,readWriteFile,1.0
9519,rss-alert,rssFeedTrigger,googleSheets,0.5
9520,form-to-endpoint,emailReadImap,httpRequest,0.5
9521,morning-metrics,scheduleTrigger,googleSheets,1.0
9522,email-archiver,emailReadImap,readWriteFile,1.0
9523,rss-alert,rssFeedTrigger,slack,1.0
9524,form-to-endpoint,webhook,httpRequest,1.0
9525,morning-metrics,scheduleTrigger,googleSheets,1.0
9526,email-archiver,emailReadImap,readWriteFile,1.0
9527,rss-alert,rssFeedTrigger,httpRequest,0.5
9528,form-to-endpoint,webhook,httpRequest,1.0
9529,morning-metrics,scheduleTrigger,googleSheets,1.0
9530,email-archiver,emailReadImap,httpRequest,0.5
9531,rss-alert,rssFeedTrigger,slack,1.0
9532,form-to-endpoint,webhook,httpRequest,1.0
9533,morning-metrics,scheduleTrigger,googleSheets,1.0
9534,email-archiver,emailReadImap,readWriteFile,1.0
9535,rss-alert,rssFeedTrigger,slack,1.0
9536,form-to-endpoint,webhook,httpRequest,1.0
9537,morning-metrics,scheduleTrigger,googleSheets,1.0
9538,email-archiver,emailReadImap,readWriteFile,1.0
9539,rss-alert,rssFeedTrigger,slack,1.0
9540,form-to-endpoint,webhook,httpRequest,1.0
9541,morning-metrics,scheduleTrigger,googleSheets,1.0
9542,email-archiver,emailReadImap,readWriteFile,1.0
9543,rss-alert,rssFeedTrigger,slack,1.0
9544,form-to-endpoint,webhook,httpRequest,1.0
9545,morning-metrics,scheduleTrigger,googleSheets,1.0
9546,email-archiver,emailReadImap,readWriteFile,1.0
9547,rss-alert,rssFeedTrigger,slack,1.0
9548,form-to-endpoint,webhook,httpRequest,1.0
9549,morning-metrics,scheduleTrigger,googleSheets,1.0
9550,email-archiver,emailReadImap,readWriteFile,1.0
9551,rss-alert,rssFeedTrigger,slack,1.0
9552,form-to-endpoint,webhook,slack,0.5
9553,morning-metrics,scheduleTrigger,googleSheets,1.0
9554,email-archiver,emailReadImap,readWriteFile,1.0
9555,rss-alert,rssFeedTrigger,slack,1.0
9556,form-to-endpoint,webhook,httpRequest,1.0
9557,morning-metrics,scheduleTrigger,googleSheets,1.0
9558,email-archiver,emailReadImap,readWriteFile,1.0
9559,rss-alert,rssFeedTrigger,slack,1.0
9560,form-to-endpoint,webhook,httpRequest,1.0
9561,morning-metrics,scheduleTrigger,googleSheets,1.0
9562,email-archiver,emailReadImap,readWriteFile,1.0
9563,rss-alert,rssFeedTrigger,slack,1.0
9564,form-to-endpoint,webhook,httpRequest,1.0
9565,morning-metrics,scheduleTrigger,googleSheets,1.0
9566,email-archiver,emailReadImap,readWriteFile,1.0
9567,rss-alert,rssFeedTrigger,slack,1.0
9568,form-to-endpoint,webhook,httpRequest,1.0
9569,morning-metrics,scheduleTrigger,googleSheets,1.0
9570,email-archiver,emailReadImap,readWriteFile,1.0
9571,rss-alert,rssFeedTrigger,slack,1.0
9572,form-to-endpoint,webhook,httpRequest,1.0
9573,morning-metrics,scheduleTrigger,readWriteFile,0.5
9574,email-archiver,emailReadImap,readWriteFile,1.0
9575,rss-alert,rssFeedTrigger,slack,1.0
9576,form-to-endpoint,webhook,httpRequest,1.0
9577,morning-metrics,rssFeedTrigger,googleSheets,0.5
9578,email-archiver,emailReadImap,readWriteFile,1.0
9579,rss-alert,rssFeedTrigger,slack,1.0
9580,form-to-endpoint,webhook,slack,0.5
9581,morning-metrics,scheduleTrigger,googleSheets,1.0
9582,email-archiver,emailReadImap,readWriteFile,1.0
9583,rss-alert,rssFeedTrigger,slack,1.0
9584,form-to-endpoint,webhook,httpRequest,1.0
9585,morning-metrics,scheduleTrigger,googleSheets,1.0
9586,email-archiver,emailReadImap,readWriteFile,1.0
9587,rss-alert,rssFeedTrigger,slack,1.0
9588,form-to-endpoint,webhook,httpRequest,1.0
9589,morning-metrics,scheduleTrigger,googleSheets,1.0
9590,email-archiver,emailReadImap,readWriteFile,1.0
9591,rss-alert,rssFeedTrigger,slack,1.0
9592,form-to-endpoint,webhook,readWriteFile,0.5
9593,morning-metrics,scheduleTrigger,googleSheets,1.0
9594,email-archiver,emailReadImap,readWriteFile,1.0
9595,rss-alert,rssFeedTrigger,slack,1.0
9596,form-to-endpoint,webhook,httpRequest,1.0
9597,morning-metrics,scheduleTrigger,googleSheets,1.0
9598,email-archiver,emailReadImap,readWriteFile,1.0
9599,rss-alert,rssFeedTrigger,slack,1.0
9600,form-to-endpoint,webhook,httpRequest,1.0
9601,morning-metrics,scheduleTrigger,googleSheets,1.0
9602,email-archiver,emailReadImap,readWriteFile,1.0
9603,rss-alert,rssFeedTrigger,slack,1.0
9604,form-to-endpoint,webhook,httpRequest,1.0
9605,morning-metrics,scheduleTrigger,googleSheets,1.0
9606,email-archiver,emailReadImap,readWriteFile,1.0
9607,rss-alert,rssFeedTrigger,slack,1.0
9608,form-to-endpoint,webhook,httpRequest,1.0
9609,morning-metrics,scheduleTrigger,googleSheets,1.0
9610,email-archiver,emailReadImap,readWriteFile,1.0
9611,rss-alert,rssFeedTrigger,slack,1.0
9612,form-to-endpoint,webhook,httpRequest,1.0
9613,morning-metrics,scheduleTrigger,googleSheets,1.0
9614,email-archiver,emailReadImap,readWriteFile,1.0
9615,rss-alert,rssFeedTrigger,slack,1.0
9616,form-to-endpoint,webhook,httpRequest,1.0
9617,morning-metrics,scheduleTrigger,googleSheets,1.0
9618,email-archiver,emailReadImap,readWriteFile,1.0
9619,rss-alert,rssFeedTrigger,readWriteFile,0.5
9620,form-to-endpoint,webhook,httpRequest,1.0
9621,morning-metrics,scheduleTrigger,googleSheets,1.0
9622,email-archiver,emailReadImap,readWriteFile,1.0
9623,rss-alert,rssFeedTrigger,slack,1.0
9624,form-to-endpoint,webhook,httpRequest,1.0
9625,morning-metrics,scheduleTrigger,googleSheets,1.0
9626,email-archiver,emailReadImap,readWriteFile,1.0
9627,rss-alert,rssFeedTrigger,slack,1.0
9628,form-to-endpoint,webhook,httpRequest,1.0
9629,morning-metrics,scheduleTrigger,googleSheets,1.0
9630,email-archiver,emailReadImap,readWriteFile,1.0
9631,rss-alert,rssFeedTrigger,slack,1.0
9632,form-to-endpoint,webhook,httpRequest,1.0
9633,morning-metrics,scheduleTrigger,googleSheets,1.0
9634,email-archiver,emailReadImap,readWriteFile,1.0
9635,rss-alert,rssFeedTrigger,slack,1.0
9636,form-to-endpoint,webhook,httpRequest,1.0
9637,morning-metrics,scheduleTrigger,googleSheets,1.0
9638,email-archiver,emailReadImap,readWriteFile,1.0
9639,rss-alert,rssFeedTrigger,slack,1.0
9640,form-to-endpoint,webhook,httpRequest,1.0
9641,morning-metrics,scheduleTrigger,googleSheets,1.0
9642,email-archiver,emailReadImap,readWriteFile,1.0
9643,rss-alert,rssFeedTrigger,slack,1.0
9644,form-to-endpoint,webhook,httpRequest,1.0
9645,morning-metrics,scheduleTrigger,googleSheets,1.0
9646,email-archiver,emailReadImap,readWriteFile,1.0
9647,rss-alert,rssFeedTrigger,slack,1.0
9648,form-to-endpoint,webhook,httpRequest,1.0
9649,morning-metrics,scheduleTrigger,slack,0.5
9650,email-archiver,emailReadImap,readWriteFile,1.0
9651,rss-alert,rssFeedTrigger,slack,1.0
9652,form-to-endpoint,webhook,httpRequest,1.0
9653,morning-metrics,scheduleTrigger,googleSheets,1.0
9654,email-archiver,emailReadImap,slack,0.5
9655,rss-alert,emailReadImap,slack,0.5
9656,form-to-endpoint,webhook,httpRequest,1.0
9657,morning-metrics,scheduleTrigger,googleSheets,1.0
9658,email-archiver,emailReadImap,httpRequest,0.5
9659,rss-alert,rssFeedTrigger,slack,1.0
9660,form-to-endpoint,webhook,httpRequest,1.0
9661,morning-metrics,scheduleTrigger,googleSheets,1.0
9662,email-archiver,emailReadImap,readWriteFile,1.0
9663,rss-alert,rssFeedTrigger,slack,1.0
9664,form-to-endpoint,webhook,httpRequest,1.0
9665,morning-metrics,scheduleTrigger,googleSheets,1.0
9666,email-archiver,emailReadImap,readWriteFile,1.0
9667,rss-alert,rssFeedTrigger,slack,1.0
9668,form-to-endpoint,webhook,httpRequest,1.0
9669,morning-metrics,scheduleTrigger,googleSheets,1.0
9670,email-archiver,emailReadImap,httpRequest,0.5
9671,rss-alert,rssFeedTrigger,slack,1.0
9672,form-to-endpoint,webhook,httpRequest,1.0
9673,morning-metrics,scheduleTrigger,googleSheets,1.0
9674,email-archiver,emailReadImap,readWriteFile,1.0
9675,rss-alert,rssFeedTrigger,slack,1.0
9676,form-to-endpoint,webhook,httpRequest,1.0
9677,morning-metrics,scheduleTrigger,googleSheets,1.0
9678,email-archiver,emailReadImap,readWriteFile,1.0
9679,rss-alert,rssFeedTrigger,slack,1.0
9680,form-to-endpoint,webhook,httpRequest,1.0
9681,morning-metrics,scheduleTrigger,googleSheets,1.0
9682,email-archiver,webhook,readWriteFile,0.5
9683,rss-alert,rssFeedTrigger,slack,1.0
9684,form-to-endpoint,webhook,httpRequest,1.0
9685,morning-metrics,scheduleTrigger,googleSheets,1.0
9686,email-archiver,webhook,readWriteFile,0.5
9687,rss-alert,rssFeedTrigger,slack,1.0
9688,form-to-endpoint,webhook,httpRequest,1.0
9689,morning-metrics,scheduleTrigger,googleSheets,1.0
9690,email-archiver,emailReadImap,readWriteFile,1.0
9691,rss-alert,rssFeedTrigger,slack,1.0
9692,form-to-endpoint,webhook,httpRequest,1.0
9693,morning-metrics,scheduleTrigger,googleSheets,1.0
9694,email-archiver,emailReadImap,readWriteFile,1.0
9695,rss-alert,rssFeedTrigger,slack,1.0
9696,form-to-endpoint,webhook,httpRequest,1.0
9697,morning-metrics,scheduleTrigger,googleSheets,1.0
9698,email-archiver,emailReadImap,readWriteFile,1.0
9699,rss-alert,rssFeedTrigger,slack,1.0
9700,form-to-endpoint,webhook,httpRequest,1.0
9701,morning-metrics,scheduleTrigger,googleSheets,1.0
9702,email-archiver,emailReadImap,readWriteFile,1.0
9703,rss-alert,rssFeedTrigger,slack,1.0
9704,form-to-endpoint,webhook,httpRequest,1.0
9705,morning-metrics,scheduleTrigger,slack,0.5
9706,email-archiver,emailReadImap,readWriteFile,1.0
9707,rss-alert,rssFeedTrigger,slack,1.0
9708,form-to-endpoint,webhook,httpRequest,1.0
9709,morning-metrics,scheduleTrigger,readWriteFile,0.5
9710,email-archiver,emailReadImap,googleSheets,0.5
9711,rss-alert,rssFeedTrigger,slack,1.0
9712,form-to-endpoint,webhook,httpRequest,1.0
9713,morning-metrics,scheduleTrigger,googleSheets,1.0
9714,email-archiver,emailReadImap,readWriteFile,1.0
9715,rss-alert,rssFeedTrigger,slack,1.0
9716,form-to-endpoint,webhook,httpRequest,1.0
9717,morning-metrics,scheduleTrigger,googleSheets,1.0
9718,email-archiver,scheduleTrigger,readWriteFile,0.5
9719,rss-alert,rssFeedTrigger,slack,1.0
9720,form-to-endpoint,webhook,googleSheets,0.5
9721,morning-metrics,scheduleTrigger,googleSheets,1.0
9722,email-archiver,emailReadImap,readWriteFile,1.0
9723,rss-alert,rssFeedTrigger,slack,1.0
9724,form-to-endpoint,webhook,httpRequest,1.0
9725,morning-metrics,scheduleTrigger,googleSheets,1.0
9726,email-archiver,emailReadImap,httpRequest,0.5
9727,rss-alert,rssFeedTrigger,slack,1.0
9728,form-to-endpoint,webhook,httpRequest,1.0
9729,morning-metrics,scheduleTrigger,googleSheets,1.0
9730,email-archiver,emailReadImap,readWriteFile,1.0
9731,rss-alert,rssFeedTrigger,slack,1.0
9732,form-to-endpoint,webhook,httpRequest,1.0
9733,morning-metrics,scheduleTrigger,googleSheets,1.0
9734,email-archiver,emailReadImap,readWriteFile,1.0
9735,rss-alert,rssFeedTrigger,googleSheets,0.5
9736,form-to-endpoint,scheduleTrigger,httpRequest,0.5
9737,morning-metrics,scheduleTrigger,readWriteFile,0.5
9738,email-archiver,emailReadImap,readWriteFile,1.0
9739,rss-alert,scheduleTrigger,slack,0.5
9740,form-to-endpoint,webhook,httpRequest,1.0
9741,morning-metrics,scheduleTrigger,googleSheets,1.0
9742,email-archiver,emailReadImap,readWriteFile,1.0
9743,rss-alert,rssFeedTrigger,slack,1.0
9744,form-to-endpoint,webhook,httpRequest,1.0
9745,morning-metrics,scheduleTrigger,googleSheets,1.0
9746,email-archiver,emailReadImap,readWriteFile,1.0
9747,rss-alert,rssFeedTrigger,slack,1.0
9748,form-to-endpoint,rssFeedTrigger,httpRequest,0.5
9749,morning-metrics,scheduleTrigger,googleSheets,1.0
9750,email-archiver,emailReadImap,readWriteFile,1.0
9751,rss-alert,rssFeedTrigger,slack,1.0
9752,form-to-endpoint,webhook,httpRequest,1.0
9753,morning-metrics,scheduleTrigger,googleSheets,1.0
9754,email-archiver,emailReadImap,readWriteFile,1.0
9755,rss-alert,rssFeedTrigger,slack,1.0
9756,form-to-endpoint,webhook,httpRequest,1.0
9757,morning-metrics,scheduleTrigger,googleSheets,1.0
9758,email-archiver,emailReadImap,readWriteFile,1.0
9759,rss-alert,rssFeedTrigger,slack,1.0
9760,form-to-endpoint,webhook,httpRequest,1.0
9761,morning-metrics,scheduleTrigger,googleSheets,1.0
9762,email-archiver,emailReadImap,httpRequest,0.5
9763,rss-alert,rssFeedTrigger,slack,1.0
9764,form-to-endpoint,webhook,httpRequest,1.0
9765,morning-metrics,scheduleTrigger,googleSheets,1.0
9766,email-archiver,emailReadImap,readWriteFile,1.0
9767,rss-alert,emailReadImap,slack,0.5
9768,form-to-endpoint,webhook,httpRequest,1.0
9769,morning-metrics,scheduleTrigger,googleSheets,1.0
9770,email-archiver,emailReadImap,readWriteFile,1.0
9771,rss-alert,rssFeedTrigger,slack,1.0
9772,form-to-endpoint,webhook,httpRequest,1.0
9773,morning-metrics,scheduleTrigger,httpRequest,0.5
9774,email-archiver,emailReadImap,readWriteFile,1.0
9775,rss-alert,rssFeedTrigger,slack,1.0
9776,form-to-endpoint,webhook,httpRequest,1.0
9777,morning-metrics,scheduleTrigger,googleSheets,1.0
9778,email-archiver,emailReadImap,readWriteFile,1.0
9779,rss-alert,rssFeedTrigger,slack,1.0
9780,form-to-endpoint,webhook,httpRequest,1.0
9781,morning-metrics,scheduleTrigger,readWriteFile,0.5
9782,email-archiver,webhook,readWriteFile,0.5
9783,rss-alert,rssFeedTrigger,slack,1.0
9784,form-to-endpoint,webhook,httpRequest,1.0
9785,morning-metrics,scheduleTrigger,googleSheets,1.0
9786,email-archiver,emailReadImap,readWriteFile,1.0
9787,rss-alert,rssFeedTrigger,slack,1.0
9788,form-to-endpoint,webhook,slack,0.5
9789,morning-metrics,scheduleTrigger,googleSheets,1.0
9790,email-archiver,emailReadImap,readWriteFile,1.0
9791,rss-alert,rssFeedTrigger,slack,1.0
9792,form-to-endpoint,webhook,readWriteFile,0.5
9793,morning-metrics,scheduleTrigger,googleSheets,1.0
9794,email-archiver,emailReadImap,readWriteFile,1.0
9795,rss-alert,rssFeedTrigger,slack,1.0
9796,form-to-endpoint,webhook,slack,0.5
9797,morning-metrics,scheduleTrigger,googleSheets,1.0
9798,email-archiver,emailReadImap,readWriteFile,1.0
9799,rss-alert,rssFeedTrigger,slack,1.0
9800,form-to-endpoint,scheduleTrigger,httpRequest,0.5
9801,morning-metrics,scheduleTrigger,googleSheets,1.0
9802,email-archiver,emailReadImap,readWriteFile,1.0
9803,rss-alert,rssFeedTrigger,slack,1.0
9804,form-to-endpoint,webhook,httpRequest,1.0
9805,morning-metrics,scheduleTrigger,googleSheets,1.0
9806,email-archiver,emailReadImap,readWriteFile,1.0
9807,rss-alert,rssFeedTrigger,slack,1.0
9808,form-to-endpoint,webhook,httpRequest,1.0
9809,morning-metrics,scheduleTrigger,googleSheets,1.0
9810,email-archiver,emailReadImap,readWriteFile,1.0
9811,rss-alert,rssFeedTrigger,slack,1.0
9812,form-to-endpoint,webhook,httpRequest,1.0
9813,morning-metrics,scheduleTrigger,googleSheets,1.0
9814,email-archiver,emailReadImap,readWriteFile,1.0
9815,rss-alert,rssFeedTrigger,slack,1.0
9816,form-to-endpoint,emailReadImap,httpRequest,0.5
9817,morning-metrics,webhook,googleSheets,0.5
9818,email-archiver,emailReadImap,readWriteFile,1.0
9819,rss-alert,rssFeedTrigger,readWriteFile,0.5
9820,form-to-endpoint,webhook,googleSheets,0.5
9821,morning-metrics,scheduleTrigger,httpRequest,0.5
9822,email-archiver,emailReadImap,readWriteFile,1.0
9823,rss-alert,rssFeedTrigger,slack,1.0
9824,form-to-endpoint,webhook,httpRequest,1.0
9825,morning-metrics,scheduleTrigger,googleSheets,1.0
9826,email-archiver,emailReadImap,readWriteFile,1.0
9827,rss-alert,rssFeedTrigger,slack,1.0
9828,form-to-endpoint,webhook,httpRequest,1.0
9829,morning-metrics,scheduleTrigger,googleSheets,1.0
9830,email-archiver,emailReadImap,readWriteFile,1.0
9831,rss-alert,rssFeedTrigger,slack,1.0
9832,form-to-endpoint,webhook,httpRequest,1.0
9833,morning-metrics,scheduleTrigger,googleSheets,1.0
9834,email-archiver,emailReadImap,slack,0.5
9835,rss-alert,rssFeedTrigger,slack,1.0
9836,form-to-endpoint,webhook,httpRequest,1.0
9837,morning-metrics,scheduleTrigger,googleSheets,1.0
9838,email-archiver,emailReadImap,readWriteFile,1.0
9839,rss-alert,rssFeedTrigger,slack,1.0
9840,form-to-endpoint,webhook,httpRequest,1.0
9841,morning-metrics,scheduleTrigger,googleSheets,1.0
9842,email-archiver,emailReadImap,readWriteFile,1.0
9843,rss-alert,webhook,slack,0.5
9844,form-to-endpoint,webhook,httpRequest,1.0
9845,morning-metrics,scheduleTrigger,googleSheets,1.0
9846,email-archiver,emailReadImap,readWriteFile,1.0
9847,rss-alert,rssFeedTrigger,slack,1.0
9848,form-to-endpoint,webhook,httpRequest,1.0
9849,morning-metrics,scheduleTrigger,googleSheets,1.0
9850,email-archiver,emailReadImap,readWriteFile,1.0
9851,rss-alert,rssFeedTrigger,slack,1.0
9852,form-to-endpoint,webhook,httpRequest,1.0
9853,morning-metrics,scheduleTrigger,googleSheets,1.0
9854,email-archiver,emailReadImap,readWriteFile,1.0
9855,rss-alert,rssFeedTrigger,slack,1.0
9856,form-to-endpoint,webhook,httpRequest,1.0
9857,morning-metrics,scheduleTrigger,googleSheets,1.0
9858,email-archiver,emailReadImap,readWriteFile,1.0
9859,rss-alert,rssFeedTrigger,slack,1.0
9860,form-to-endpoint,webhook,httpRequest,1.0
9861,morning-metrics,scheduleTrigger,googleSheets,1.0
9862,email-archiver,emailReadImap,readWriteFile,1.0
9863,rss-alert,rssFeedTrigger,slack,1.0
9864,form-to-endpoint,webhook,httpRequest,1.0
9865,morning-metrics,scheduleTrigger,googleSheets,1.0
9866,email-archiver,emailReadImap,readWriteFile,1.0
9867,rss-alert,rssFeedTrigger,slack,1.0
9868,form-to-endpoint,webhook,httpRequest,1.0
9869,morning-metrics,scheduleTrigger,googleSheets,1.0
9870,email-archiver,emailReadImap,readWriteFile,1.0
9871,rss-alert,rssFeedTrigger,slack,1.0
9872,form-to-endpoint,webhook,httpRequest,1.0
9873,morning-metrics,scheduleTrigger,googleSheets,1.0
9874,email-archiver,emailReadImap,readWriteFile,1.0
9875,rss-alert,rssFeedTrigger,slack,1.0
9876,form-to-endpoint,webhook,httpRequest,1.0
9877,morning-metrics,scheduleTrigger,googleSheets,1.0
9878,email-archiver,emailReadImap,googleSheets,0.5
9879,rss-alert,rssFeedTrigger,slack,1.0
9880,form-to-endpoint,webhook,httpRequest,1.0
9881,morning-metrics,webhook,googleSheets,0.5
9882,email-archiver,emailReadImap,readWriteFile,1.0
9883,rss-alert,rssFeedTrigger,httpRequest,0.5
9884,form-to-endpoint,scheduleTrigger,httpRequest,0.5
9885,morning-metrics,scheduleTrigger,googleSheets,1.0
9886,email-archiver,emailReadImap,readWriteFile,1.0
9887,rss-alert,rssFeedTrigger,slack,1.0
9888,form-to-endpoint,webhook,httpRequest,1.0
9889,morning-metrics,scheduleTrigger,slack,0.5
9890,email-archiver,rssFeedTrigger,httpRequest,0.0
9891,rss-alert,rssFeedTrigger,googleSheets,0.5
9892,form-to-endpoint,webhook,httpRequest,1.0
9893,morning-metrics,scheduleTrigger,slack,0.5
9894,email-archiver,rssFeedTrigger,httpRequest,0.0
9895,rss-alert,rssFeedTrigger,slack,1.0
9896,form-to-endpoint,webhook,httpRequest,1.0
9897,morning-metrics,rssFeedTrigger,googleSheets,0.5
9898,email-archiver,emailReadImap,readWriteFile,1.0
9899,rss-alert,rssFeedTrigger,googleSheets,0.5
9900,form-to-endpoint,webhook,httpRequest,1.0
9901,morning-metrics,scheduleTrigger,googleSheets,1.0
9902,email-archiver,emailReadImap,readWriteFile,1.0
9903,rss-alert,scheduleTrigger,slack,0.5
9904,form-to-endpoint,webhook,slack,0.5
9905,morning-metrics,scheduleTrigger,googleSheets,1.0
9906,email-archiver,emailReadImap,httpRequest,0.5
9907,rss-alert,scheduleTrigger,slack,0.5
9908,form-to-endpoint,webhook,httpRequest,1.0
9909,morning-metrics,scheduleTrigger,slack,0.5
9910,email-archiver,emailReadImap,readWriteFile,1.0
9911,rss-alert,rssFeedTrigger,readWriteFile,0.5
9912,form-to-endpoint,webhook,httpRequest,1.0
9913,morning-metrics,scheduleTrigger,googleSheets,1.0
9914,email-archiver,emailReadImap,readWriteFile,1.0
9915,rss-alert,rssFeedTrigger,slack,1.0
9916,form-to-endpoint,webhook,httpRequest,1.0
9917,morning-metrics,scheduleTrigger,googleSheets,1.0
9918,email-archiver,emailReadImap,readWriteFile,1.0
9919,rss-alert,rssFeedTrigger,slack,1.0
9920,form-to-endpoint,webhook,httpRequest,1.0
9921,morning-metrics,scheduleTrigger,googleSheets,1.0
9922,email-archiver,emailReadImap,readWriteFile,1.0
9923,rss-alert,rssFeedTrigger,readWriteFile,0.5
9924,form-to-endpoint,webhook,httpRequest,1.0
9925,morning-metrics,scheduleTrigger,googleSheets,1.0
9926,email-archiver,emailReadImap,readWriteFile,1.0
9927,rss-alert,rssFeedTrigger,slack,1.0
9928,form-to-endpoint,emailReadImap,httpRequest,0.5
9929,morning-metrics,rssFeedTrigger,googleSheets,0.5
9930,email-archiver,emailReadImap,readWriteFile,1.0
9931,rss-alert,rssFeedTrigger,slack,1.0
9932,form-to-endpoint,webhook,httpRequest,1.0
9933,morning-metrics,scheduleTrigger,googleSheets,1.0
9934,email-archiver,emailReadImap,readWriteFile,1.0
9935,rss-alert,rssFeedTrigger,slack,1.0
9936,form-to-endpoint,webhook,httpRequest,1.0
9937,morning-metrics,scheduleTrigger,googleSheets,1.0
9938,email-archiver,emailReadImap,readWriteFile,1.0
9939,rss-alert,rssFeedTrigger,slack,1.0
9940,form-to-endpoint,webhook,httpRequest,1.0
9941,morning-metrics,scheduleTrigger,googleSheets,1.0
9942,email-archiver,emailReadImap,readWriteFile,1.0
9943,rss-alert,rssFeedTrigger,googleSheets,0.5
9944,form-to-endpoint,emailReadImap,httpRequest,0.5
9945,morning-metrics,scheduleTrigger,googleSheets,1.0
9946,email-archiver,emailReadImap,readWriteFile,1.0
9947,rss-alert,rssFeedTrigger,slack,1.0
9948,form-to-endpoint,webhook,httpRequest,1.0
9949,morning-metrics,scheduleTrigger,googleSheets,1.0
9950,email-archiver,emailReadImap,readWriteFile,1.0
9951,rss-alert,rssFeedTrigger,slack,1.0
9952,form-to-endpoint,webhook,httpRequest,1.0
9953,morning-metrics,scheduleTrigger,googleSheets,1.0
9954,email-archiver,emailReadImap,readWriteFile,1.0
9955,rss-alert,rssFeedTrigger,slack,1.0
9956,form-to-endpoint,webhook,httpRequest,1.0
9957,morning-metrics,scheduleTrigger,googleSheets,1.0
9958,email-archiver,emailReadImap,readWriteFile,1.0
9959,rss-alert,rssFeedTrigger,slack,1.0
9960,form-to-endpoint,rssFeedTrigger,httpRequest,0.5
9961,morning-metrics,scheduleTrigger,httpRequest,0.5
9962,email-archiver,emailReadImap,readWriteFile,1.0
9963,rss-alert,rssFeedTrigger,slack,1.0
9964,form-to-endpoint,webhook,httpRequest,1.0
9965,morning-metrics,scheduleTrigger,slack,0.5
9966,email-archiver,emailReadImap,googleSheets,0.5
9967,rss-alert,emailReadImap,slack,0.5
9968,form-to-endpoint,webhook,httpRequest,1.0
9969,morning-metrics,scheduleTrigger,googleSheets,1.0
9970,email-archiver,emailReadImap,readWriteFile,1.0
9971,rss-alert,rssFeedTrigger,slack,1.0
9972,form-to-endpoint,webhook,httpRequest,1.0
9973,morning-metrics,scheduleTrigger,googleSheets,1.0
9974,email-archiver,emailReadImap,readWriteFile,1.0
9975,rss-alert,rssFeedTrigger,slack,1.0
9976,form-to-endpoint,webhook,httpRequest,1.0
9977,morning-metrics,scheduleTrigger,googleSheets,1.0
9978,email-archiver,webhook,googleSheets,0.0
9979,rss-alert,rssFeedTrigger,slack,1.0
9980,form-to-endpoint,rssFeedTrigger,httpRequest,0.5
9981,morning-metrics,scheduleTrigger,googleSheets,1.0
9982,email-archiver,emailReadImap,readWriteFile,1.0
9983,rss-alert,rssFeedTrigger,slack,1.0
9984,form-to-endpoint,webhook,httpRequest,1.0
9985,morning-metrics,scheduleTrigger,googleSheets,1.0
9986,email-archiver,emailReadImap,readWriteFile,1.0
9987,rss-alert,rssFeedTrigger,slack,1.0
9988,form-to-endpoint,webhook,httpRequest,1.0
9989,morning-metrics,scheduleTrigger,googleSheets,1.0
9990,email-archiver,emailReadImap,readWriteFile,1.0
9991,rss-alert,rssFeedTrigger,slack,1.0
9992,form-to-endpoint,webhook,httpRequest,1.0
9993,morning-metrics,scheduleTrigger,googleSheets,1.0
9994,email-archiver,emailReadImap,readWriteFile,1.0
9995,rss-alert,rssFeedTrigger,slack,1.0
9996,form-to-endpoint,webhook,httpRequest,1.0
9997,morning-metrics,scheduleTrigger,googleSheets,1.0
9998,email-archiver,emailReadImap,readWriteFile,1.0
9999,rss-alert,webhook,slack,0.5
10000,form-to-endpoint,webhook,httpRequest,1.0
10001,morning-metrics,emailReadImap,googleSheets,0.5
10002,email-archiver,emailReadImap,readWriteFile,1.0
10003,rss-alert,rssFeedTrigger,slack,1.0
10004,form-to-endpoint,webhook,httpRequest,1.0
10005,morning-metrics,scheduleTrigger,googleSheets,1.0
10006,email-archiver,emailReadImap,readWriteFile,1.0
10007,rss-alert,rssFeedTrigger,slack,1.0
10008,form-to-endpoint,webhook,httpRequest,1.0
10009,morning-metrics,emailReadImap,googleSheets,0.5
10010,email-archiver,emailReadImap,readWriteFile,1.0
10011,rss-alert,rssFeedTrigger,slack,1.0
10012,form-to-endpoint,webhook,httpRequest,1.0
10013,morning-metrics,scheduleTrigger,googleSheets,1.0
10014,email-archiver,rssFeedTrigger,readWriteFile,0.5
10015,rss-alert,rssFeedTrigger,slack,1.0
10016,form-to-endpoint,webhook,httpRequest,1.0
10017,morning-metrics,scheduleTrigger,googleSheets,1.0
10018,email-archiver,emailReadImap,readWriteFile,1.0
10019,rss-alert,rssFeedTrigger,slack,1.0
10020,form-to-endpoint,webhook,httpRequest,1.0
10021,morning-metrics,scheduleTrigger,googleSheets,1.0
10022,email-archiver,emailReadImap,readWriteFile,1.0
10023,rss-alert,scheduleTrigger,slack,0.5
10024,form-to-endpoint,webhook,googleSheets,0.5
10025,morning-metrics,scheduleTrigger,googleSheets,1.0
10026,email-archiver,emailReadImap,readWriteFile,1.0
10027,rss-alert,rssFeedTrigger,slack,1.0
10028,form-to-endpoint,webhook,httpRequest,1.0
10029,morning-metrics,scheduleTrigger,readWriteFile,0.5
10030,email-archiver,emailReadImap,readWriteFile,1.0
10031,rss-alert,rssFeedTrigger,slack,1.0
10032,form-to-endpoint,webhook,httpRequest,1.0
10033,morning-metrics,emailReadImap,googleSheets,0.5
10034,email-archiver,emailReadImap,readWriteFile,1.0
10035,rss-alert,rssFeedTrigger,slack,1.0
10036,form-to-endpoint,webhook,httpRequest,1.0
10037,morning-metrics,scheduleTrigger,googleSheets,1.0
10038,email-archiver,emailReadImap,readWriteFile,1.0
10039,rss-alert,emailReadImap,slack,0.5
10040,form-to-endpoint,webhook,httpRequest,1.0
10041,morning-metrics,scheduleTrigger,googleSheets,1.0
10042,email-archiver,emailReadImap,readWriteFile,1.0
10043,rss-alert,rssFeedTrigger,slack,1.0
10044,form-to-endpoint,webhook,httpRequest,1.0
10045,morning-metrics,scheduleTrigger,googleSheets,1.0
10046,email-archiver,emailReadImap,readWriteFile,1.0
10047,rss-alert,rssFeedTrigger,slack,1.0
10048,form-to-endpoint,webhook,httpRequest,1.0
10049,morning-metrics,scheduleTrigger,httpRequest,0.5
10050,email-archiver,emailReadImap,googleSheets,0.5
10051,rss-alert,rssFeedTrigger,slack,1.0
10052,form-to-endpoint,webhook,googleSheets,0.5
10053,morning-metrics,scheduleTrigger,googleSheets,1.0
10054,email-archiver,emailReadImap,readWriteFile,1.0
10055,rss-alert,rssFeedTrigger,slack,1.0
10056,form-to-endpoint,rssFeedTrigger,httpRequest,0.5
10057,morning-metrics,scheduleTrigger,googleSheets,1.0
10058,email-archiver,emailReadImap,readWriteFile,1.0
10059,rss-alert,rssFeedTrigger,slack,1.0
10060,form-to-endpoint,webhook,httpRequest,1.0
10061,morning-metrics,scheduleTrigger,googleSheets,1.0
10062,email-archiver,emailReadImap,readWriteFile,1.0
10063,rss-alert,rssFeedTrigger,slack,1.0
10064,form-to-endpoint,webhook,httpRequest,1.0
10065,morning-metrics,scheduleTrigger,googleSheets,1.0
10066,email-archiver,emailReadImap,readWriteFile,1.0
10067,rss-alert,rssFeedTrigger,slack,1.0
10068,form-to-endpoint,webhook,httpRequest,1.0
10069,morning-metrics,scheduleTrigger,slack,0.5
10070,email-archiver,emailReadImap,readWriteFile,1.0
10071,rss-alert,rssFeedTrigger,slack,1.0
10072,form-to-endpoint,webhook,httpRequest,1.0
10073,morning-metrics,scheduleTrigger,googleSheets,1.0
10074,email-archiver,emailReadImap,readWriteFile,1.0
10075,rss-alert,rssFeedTrigger,slack,1.0
10076,form-to-endpoint,webhook,httpRequest,1.0
10077,morning-metrics,scheduleTrigger,googleSheets,1.0
10078,email-archiver,emailReadImap,slack,0.5
10079,rss-alert,rssFeedTrigger,slack,1.0
10080,form-to-endpoint,webhook,httpRequest,1.0
10081,morning-metrics,rssFeedTrigger,googleSheets,0.5
10082,email-archiver,emailReadImap,readWriteFile,1.0
10083,rss-alert,scheduleTrigger,slack,0.5
10084,form-to-endpoint,webhook,httpRequest,1.0
10085,morning-metrics,scheduleTrigger,googleSheets,1.0
10086,email-archiver,emailReadImap,readWriteFile,1.0
10087,rss-alert,rssFeedTrigger,slack,1.0
10088,form-to-endpoint,webhook,httpRequest,1.0
10089,morning-metrics,scheduleTrigger,googleSheets,1.0
10090,email-archiver,emailReadImap,readWriteFile,1.0
10091,rss-alert,rssFeedTrigger,slack,1.0
10092,form-to-endpoint,webhook,httpRequest,1.0
10093,morning-metrics,scheduleTrigger,googleSheets,1.0
10094,email-archiver,emailReadImap,readWriteFile,1.0
10095,rss-alert,rssFeedTrigger,slack,1.0
10096,form-to-endpoint,webhook,httpRequest,1.0
10097,morning-metrics,scheduleTrigger,readWriteFile,0.5
10098,email-archiver,emailReadImap,readWriteFile,1.0
10099,rss-alert,rssFeedTrigger,slack,1.0
10100,form-to-endpoint,webhook,httpRequest,1.0
10101,morning-metrics,scheduleTrigger,googleSheets,1.0
10102,email-archiver,emailReadImap,readWriteFile,1.0
10103,rss-alert,rssFeedTrigger,slack,1.0
10104,form-to-endpoint,webhook,httpRequest,1.0
10105,morning-metrics,scheduleTrigger,googleSheets,1.0
10106,email-archiver,emailReadImap,readWriteFile,1.0
10107,rss-alert,rssFeedTrigger,slack,1.0
10108,form-to-endpoint,webhook,httpRequest,1.0
10109,morning-metrics,scheduleTrigger,googleSheets,1.0
10110,email-archiver,emailReadImap,readWriteFile,1.0
10111,rss-alert,rssFeedTrigger,slack,1.0
10112,form-to-endpoint,webhook,httpRequest,1.0
10113,morning-metrics,scheduleTrigger,googleSheets,1.0
10114,email-archiver,emailReadImap,readWriteFile,1.0
10115,rss-alert,webhook,slack,0.5
10116,form-to-endpoint,webhook,googleSheets,0.5
10117,morning-metrics,scheduleTrigger,googleSheets,1.0
10118,email-archiver,emailReadImap,readWriteFile,1.0
10119,rss-alert,scheduleTrigger,slack,0.5
10120,form-to-endpoint,webhook,httpRequest,1.0
10121,morning-metrics,scheduleTrigger,googleSheets,1.0
10122,email-archiver,emailReadImap,readWriteFile,1.0
10123,rss-alert,rssFeedTrigger,slack,1.0
10124,form-to-endpoint,webhook,httpRequest,1.0
10125,morning-metrics,scheduleTrigger,httpRequest,0.5
10126,email-archiver,emailReadImap,readWriteFile,1.0
10127,rss-alert,webhook,slack,0.5
10128,form-to-endpoint,webhook,httpRequest,1.0
10129,morning-metrics,scheduleTrigger,googleSheets,1.0
10130,email-archiver,rssFeedTrigger,readWriteFile,0.5
10131,rss-alert,rssFeedTrigger,slack,1.0
10132,form-to-endpoint,webhook,httpRequest,1.0
10133,morning-metrics,scheduleTrigger,slack,0.5
10134,email-archiver,emailReadImap,readWriteFile,1.0
10135,rss-alert,rssFeedTrigger,slack,1.0
10136,form-to-endpoint,webhook,httpRequest,1.0
10137,morning-metrics,scheduleTrigger,googleSheets,1.0
10138,email-archiver,emailReadImap,readWriteFile,1.0
10139,rss-alert,rssFeedTrigger,slack,1.0
10140,form-to-endpoint,webhook,httpRequest,1.0
10141,morning-metrics,scheduleTrigger,googleSheets,1.0
10142,email-archiver,emailReadImap,readWriteFile,1.0
10143,rss-alert,rssFeedTrigger,slack,1.0
10144,form-to-endpoint,webhook,httpRequest,1.0
10145,morning-metrics,scheduleTrigger,googleSheets,1.0
10146,email-archiver,emailReadImap,readWriteFile,1.0
10147,rss-alert,rssFeedTrigger,slack,1.0
10148,form-to-endpoint,webhook,httpRequest,1.0
10149,morning-metrics,scheduleTrigger,googleSheets,1.0
10150,email-archiver,emailReadImap,readWriteFile,1.0
10151,rss-alert,rssFeedTrigger,slack,1.0
10152,form-to-endpoint,webhook,httpRequest,1.0
10153,morning-metrics,scheduleTrigger,googleSheets,1.0
10154,email-archiver,emailReadImap,readWriteFile,1.0
10155,rss-alert,emailReadImap,slack,0.5
10156,form-to-endpoint,webhook,httpRequest,1.0
10157,morning-metrics,rssFeedTrigger,googleSheets,0.5
10158,email-archiver,emailReadImap,readWriteFile,1.0
10159,rss-alert,rssFeedTrigger,slack,1.0
10160,form-to-endpoint,webhook,httpRequest,1.0
10161,morning-metrics,scheduleTrigger,googleSheets,1.0
10162,email-archiver,emailReadImap,readWriteFile,1.0
10163,rss-alert,rssFeedTrigger,slack,1.0
10164,form-to-endpoint,webhook,httpRequest,1.0
10165,morning-metrics,scheduleTrigger,googleSheets,1.0
10166,email-archiver,emailReadImap,readWriteFile,1.0
10167,rss-alert,rssFeedTrigger,slack,1.0
10168,form-to-endpoint,webhook,httpRequest,1.0
10169,morning-metrics,webhook,googleSheets,0.5
10170,email-archiver,emailReadImap,googleSheets,0.5
10171,rss-alert,rssFeedTrigger,slack,1.0
10172,form-to-endpoint,webhook,httpRequest,1.0
10173,morning-metrics,scheduleTrigger,googleSheets,1.0
10174,email-archiver,emailReadImap,readWriteFile,1.0
10175,rss-alert,rssFeedTrigger,slack,1.0
10176,form-to-endpoint,webhook,slack,0.5
10177,morning-metrics,scheduleTrigger,googleSheets,1.0
10178,email-archiver,emailReadImap,readWriteFile,1.0
10179,rss-alert,scheduleTrigger,slack,0.5
10180,form-to-endpoint,webhook,httpRequest,1.0
10181,morning-metrics,scheduleTrigger,googleSheets,1.0
10182,email-archiver,emailReadImap,readWriteFile,1.0
10183,rss-alert,rssFeedTrigger,slack,1.0
10184,form-to-endpoint,webhook,httpRequest,1.0
10185,morning-metrics,webhook,googleSheets,0.5
10186,email-archiver,emailReadImap,readWriteFile,1.0
10187,rss-alert,rssFeedTrigger,slack,1.0
10188,form-to-endpoint,webhook,httpRequest,1.0
10189,morning-metrics,scheduleTrigger,googleSheets,1.0
10190,email-archiver,emailReadImap,readWriteFile,1.0
10191,rss-alert,rssFeedTrigger,slack,1.0
10192,form-to-endpoint,webhook,httpRequest,1.0
10193,morning-metrics,scheduleTrigger,readWriteFile,0.5
10194,email-archiver,emailReadImap,readWriteFile,1.0
10195,rss-alert,rssFeedTrigger,slack,1.0
10196,form-to-endpoint,webhook,slack,0.5
10197,morning-metrics,scheduleTrigger,googleSheets,1.0
10198,email-archiver,emailReadImap,readWriteFile,1.0
10199,rss-alert,rssFeedTrigger,slack,1.0
10200,form-to-endpoint,webhook,httpRequest,1.0
10201,morning-metrics,rssFeedTrigger,googleSheets,0.5
10202,email-archiver,emailReadImap,readWriteFile,1.0
10203,rss-alert,rssFeedTrigger,slack,1.0
10204,form-to-endpoint,webhook,httpRequest,1.0
10205,morning-metrics,scheduleTrigger,googleSheets,1.0
10206,email-archiver,emailReadImap,readWriteFile,1.0
10207,rss-alert,rssFeedTrigger,httpRequest,0.5
10208,form-to-endpoint,webhook,httpRequest,1.0
10209,morning-metrics,scheduleTrigger,googleSheets,1.0
10210,email-archiver,emailReadImap,readWriteFile,1.0
10211,rss-alert,rssFeedTrigger,slack,1.0
10212,form-to-endpoint,webhook,httpRequest,1.0
10213,morning-metrics,scheduleTrigger,googleSheets,1.0
10214,email-archiver,emailReadImap,readWriteFile,1.0
10215,rss-alert,rssFeedTrigger,slack,1.0
10216,form-to-endpoint,webhook,httpRequest,1.0
10217,morning-metrics,scheduleTrigger,googleSheets,1.0
10218,email-archiver,emailReadImap,readWriteFile,1.0
10219,rss-alert,rssFeedTrigger,slack,1.0
10220,form-to-endpoint,webhook,httpRequest,1.0
10221,morning-metrics,rssFeedTrigger,googleSheets,0.5
10222,email-archiver,emailReadImap,readWriteFile,1.0
10223,rss-alert,rssFeedTrigger,slack,1.0
10224,form-to-endpoint,webhook,httpRequest,1.0
10225,morning-metrics,scheduleTrigger,googleSheets,1.0
10226,email-archiver,emailReadImap,readWriteFile,1.0
10227,rss-alert,rssFeedTrigger,slack,1.0
10228,form-to-endpoint,webhook,httpRequest,1.0
10229,morning-metrics,scheduleTrigger,googleSheets,1.0
10230,email-archiver,emailReadImap,readWriteFile,1.0
10231,rss-alert,rssFeedTrigger,slack,1.0
10232,form-to-endpoint,webhook,httpRequest,1.0
10233,morning-metrics,scheduleTrigger,googleSheets,1.0
10234,email-archiver,emailReadImap,readWriteFile,1.0
10235,rss-alert,rssFeedTrigger,slack,1.0
10236,form-to-endpoint,webhook,httpRequest,1.0
10237,morning-metrics,scheduleTrigger,googleSheets,1.0
10238,email-archiver,emailReadImap,readWriteFile,1.0
10239,rss-alert,rssFeedTrigger,slack,1.0
10240,form-to-endpoint,webhook,httpRequest,1.0
10241,morning-metrics,scheduleTrigger,googleSheets,1.0
10242,email-archiver,emailReadImap,readWriteFile,1.0
10243,rss-alert,rssFeedTrigger,slack,1.0
10244,form-to-endpoint,webhook,httpRequest,1.0
10245,morning-metrics,scheduleTrigger,googleSheets,1.0
10246,email-archiver,webhook,readWriteFile,0.5
10247,rss-alert,rssFeedTrigger,slack,1.0
10248,form-to-endpoint,webhook,httpRequest,1.0
10249,morning-metrics,scheduleTrigger,googleSheets,1.0
10250,email-archiver,emailReadImap,googleSheets,0.5
10251,rss-alert,rssFeedTrigger,slack,1.0
10252,form-to-endpoint,webhook,httpRequest,1.0
10253,morning-metrics,scheduleTrigger,googleSheets,1.0
10254,email-archiver,emailReadImap,readWriteFile,1.0
10255,rss-alert,rssFeedTrigger,slack,1.0
10256,form-to-endpoint,webhook,httpRequest,1.0
10257,morning-metrics,scheduleTrigger,googleSheets,1.0
10258,email-archiver,emailReadImap,readWriteFile,1.0
10259,rss-alert,rssFeedTrigger,slack,1.0
10260,form-to-endpoint,webhook,httpRequest,1.0
10261,morning-metrics,webhook,googleSheets,0.5
10262,email-archiver,emailReadImap,readWriteFile,1.0
10263,rss-alert,rssFeedTrigger,slack,1.0
10264,form-to-endpoint,webhook,readWriteFile,0.5
10265,morning-metrics,scheduleTrigger,googleSheets,1.0
10266,email-archiver,emailReadImap,readWriteFile,1.0
10267,rss-alert,rssFeedTrigger,slack,1.0
10268,form-to-endpoint,webhook,httpRequest,1.0
10269,morning-metrics,scheduleTrigger,googleSheets,1.0
10270,email-archiver,emailReadImap,readWriteFile,1.0
10271,rss-alert,scheduleTrigger,slack,0.5
10272,form-to-endpoint,webhook,httpRequest,1.0
10273,morning-metrics,scheduleTrigger,googleSheets,1.0
10274,email-archiver,scheduleTrigger,readWriteFile,0.5
10275,rss-alert,rssFeedTrigger,slack,1.0
10276,form-to-endpoint,webhook,httpRequest,1.0
10277,morning-metrics,scheduleTrigger,googleSheets,1.0
10278,email-archiver,emailReadImap,readWriteFile,1.0
10279,rss-alert,rssFeedTrigger,slack,1.0
10280,form-to-endpoint,webhook,httpRequest,1.0
10281,morning-metrics,scheduleTrigger,googleSheets,1.0
10282,email-archiver,emailReadImap,readWriteFile,1.0
10283,rss-alert,rssFeedTrigger,slack,1.0
10284,form-to-endpoint,webhook,httpRequest,1.0
10285,morning-metrics,scheduleTrigger,googleSheets,1.0
10286,email-archiver,emailReadImap,readWriteFile,1.0
10287,rss-alert,rssFeedTrigger,slack,1.0
10288,form-to-endpoint,webhook,httpRequest,1.0
10289,morning-metrics,scheduleTrigger,googleSheets,1.0
10290,email-archiver,emailReadImap,readWriteFile,1.0
10291,rss-alert,rssFeedTrigger,slack,1.0
10292,form-to-endpoint,webhook,httpRequest,1.0
10293,morning-metrics,scheduleTrigger,googleSheets,1.0
10294,email-archiver,emailReadImap,readWriteFile,1.0
10295,rss-alert,rssFeedTrigger,slack,1.0
10296,form-to-endpoint,webhook,httpRequest,1.0
10297,morning-metrics,scheduleTrigger,googleSheets,1.0
10298,email-archiver,emailReadImap,readWriteFile,1.0
10299,rss-alert,rssFeedTrigger,slack,1.0
10300,form-to-endpoint,webhook,httpRequest,1.0
10301,morning-metrics,scheduleTrigger,googleSheets,1.0
10302,email-archiver,emailReadImap,readWriteFile,1.0
10303,rss-alert,rssFeedTrigger,slack,1.0
10304,form-to-endpoint,webhook,httpRequest,1.0
10305,morning-metrics,scheduleTrigger,googleSheets,1.0
10306,email-archiver,emailReadImap,readWriteFile,1.0
10307,rss-alert,rssFeedTrigger,slack,1.0
10308,form-to-endpoint,webhook,httpRequest,1.0
10309,morning-metrics,scheduleTrigger,googleSheets,1.0
10310,email-archiver,emailReadImap,readWriteFile,1.0
10311,rss-alert,rssFeedTrigger,slack,1.0
10312,form-to-endpoint,webhook,httpRequest,1.0
10313,morning-metrics,scheduleTrigger,googleSheets,1.0
10314,email-archiver,emailReadImap,readWriteFile,1.0
10315,rss-alert,rssFeedTrigger,slack,1.0
10316,form-to-endpoint,webhook,httpRequest,1.0
10317,morning-metrics,scheduleTrigger,googleSheets,1.0
10318,email-archiver,emailReadImap,readWriteFile,1.0
10319,rss-alert,rssFeedTrigger,slack,1.0
10320,form-to-endpoint,webhook,httpRequest,1.0
10321,morning-metrics,scheduleTrigger,googleSheets,1.0
10322,email-archiver,emailReadImap,readWriteFile,1.0
10323,rss-alert,rssFeedTrigger,slack,1.0
10324,form-to-endpoint,webhook,httpRequest,1.0
10325,morning-metrics,scheduleTrigger,googleSheets,1.0
10326,email-archiver,emailReadImap,readWriteFile,1.0
10327,rss-alert,rssFeedTrigger,slack,1.0
10328,form-to-endpoint,webhook,httpRequest,1.0
10329,morning-metrics,scheduleTrigger,httpRequest,0.5
10330,email-archiver,emailReadImap,readWriteFile,1.0
10331,rss-alert,rssFeedTrigger,googleSheets,0.5
10332,form-to-endpoint,webhook,httpRequest,1.0
10333,morning-metrics,scheduleTrigger,googleSheets,1.0
10334,email-archiver,emailReadImap,readWriteFile,1.0
10335,rss-alert,emailReadImap,slack,0.5
10336,form-to-endpoint,webhook,httpRequest,1.0
10337,morning-metrics,scheduleTrigger,googleSheets,1.0
10338,email-archiver,emailReadImap,readWriteFile,1.0
10339,rss-alert,rssFeedTrigger,slack,1.0
10340,form-to-endpoint,webhook,httpRequest,1.0
10341,morning-metrics,scheduleTrigger,googleSheets,1.0
10342,email-archiver,emailReadImap,readWriteFile,1.0
10343,rss-alert,rssFeedTrigger,slack,1.0
10344,form-to-endpoint,webhook,httpRequest,1.0
10345,morning-metrics,scheduleTrigger,googleSheets,1.0
10346,email-archiver,emailReadImap,readWriteFile,1.0
10347,rss-alert,rssFeedTrigger,slack,1.0
10348,form-to-endpoint,emailReadImap,httpRequest,0.5
10349,morning-metrics,scheduleTrigger,googleSheets,1.0
10350,email-archiver,emailReadImap,readWriteFile,1.0
10351,rss-alert,rssFeedTrigger,slack,1.0
10352,form-to-endpoint,webhook,httpRequest,1.0
10353,morning-metrics,scheduleTrigger,googleSheets,1.0
10354,email-archiver,emailReadImap,slack,0.5
10355,rss-alert,rssFeedTrigger,slack,1.0
10356,form-to-endpoint,scheduleTrigger,httpRequest,0.5
10357,morning-metrics,scheduleTrigger,googleSheets,1.0
10358,email-archiver,emailReadImap,readWriteFile,1.0
10359,rss-alert,rssFeedTrigger,slack,1.0
10360,form-to-endpoint,webhook,httpRequest,1.0
10361,morning-metrics,scheduleTrigger,googleSheets,1.0
10362,email-archiver,webhook,readWriteFile,0.5
10363,rss-alert,rssFeedTrigger,slack,1.0
10364,form-to-endpoint,webhook,httpRequest,1.0
10365,morning-metrics,scheduleTrigger,googleSheets,1.0
10366,email-archiver,emailReadImap,readWriteFile,1.0
10367,rss-alert,rssFeedTrigger,slack,1.0
10368,form-to-endpoint,emailReadImap,httpRequest,0.5
10369,morning-metrics,scheduleTrigger,googleSheets,1.0
10370,email-archiver,scheduleTrigger,readWriteFile,0.5
10371,rss-alert,rssFeedTrigger,slack,1.0
10372,form-to-endpoint,webhook,httpRequest,1.0
10373,morning-metrics,scheduleTrigger,googleSheets,1.0
10374,email-archiver,emailReadImap,readWriteFile,1.0
10375,rss-alert,rssFeedTrigger,slack,1.0
10376,form-to-endpoint,scheduleTrigger,httpRequest,0.5
10377,morning-metrics,scheduleTrigger,slack,0.5
10378,email-archiver,emailReadImap,readWriteFile,1.0
10379,rss-alert,rssFeedTrigger,slack,1.0
10380,form-to-endpoint,webhook,readWriteFile,0.5
10381,morning-metrics,scheduleTrigger,googleSheets,1.0
10382,email-archiver,emailReadImap,readWriteFile,1.0
10383,rss-alert,rssFeedTrigger,slack,1.0
10384,form-to-endpoint,webhook,httpRequest,1.0
10385,morning-metrics,scheduleTrigger,googleSheets,1.0
10386,email-archiver,emailReadImap,httpRequest,0.5
10387,rss-alert,rssFeedTrigger,slack,1.0
10388,form-to-endpoint,webhook,httpRequest,1.0
10389,morning-metrics,scheduleTrigger,googleSheets,1.0
10390,email-archiver,emailReadImap,readWriteFile,1.0
10391,rss-alert,rssFeedTrigger,slack,1.0
10392,form-to-endpoint,webhook,httpRequest,1.0
10393,morning-metrics,scheduleTrigger,googleSheets,1.0
10394,email-archiver,emailReadImap,readWriteFile,1.0
10395,rss-alert,rssFeedTrigger,slack,1.0
10396,form-to-endpoint,webhook,httpRequest,1.0
10397,morning-metrics,scheduleTrigger,googleSheets,1.0
10398,email-archiver,emailReadImap,readWriteFile,1.0
10399,rss-alert,rssFeedTrigger,slack,1.0
10400,form-to-endpoint,webhook,httpRequest,1.0
10401,morning-metrics,rssFeedTrigger,googleSheets,0.5
10402,email-archiver,emailReadImap,readWriteFile,1.0
10403,rss-alert,rssFeedTrigger,slack,1.0
10404,form-to-endpoint,webhook,httpRequest,1.0
10405,morning-metrics,scheduleTrigger,googleSheets,1.0
10406,email-archiver,emailReadImap,readWriteFile,1.0
10407,rss-alert,rssFeedTrigger,slack,1.0
10408,form-to-endpoint,webhook,httpRequest,1.0
10409,morning-metrics,scheduleTrigger,googleSheets,1.0
10410,email-archiver,emailReadImap,readWriteFile,1.0
10411,rss-alert,rssFeedTrigger,slack,1.0
10412,form-to-endpoint,webhook,httpRequest,1.0
10413,morning-metrics,scheduleTrigger,googleSheets,1.0
10414,email-archiver,emailReadImap,readWriteFile,1.0
10415,rss-alert,rssFeedTrigger,slack,1.0
10416,form-to-endpoint,webhook,readWriteFile,0.5
10417,morning-metrics,scheduleTrigger,googleSheets,1.0
10418,email-archiver,emailReadImap,readWriteFile,1.0
10419,rss-alert,rssFeedTrigger,slack,1.0
10420,form-to-endpoint,webhook,httpRequest,1.0
10421,morning-metrics,scheduleTrigger,googleSheets,1.0
10422,email-archiver,emailReadImap,readWriteFile,1.0
10423,rss-alert,rssFeedTrigger,slack,1.0
10424,form-to-endpoint,webhook,httpRequest,1.0
10425,morning-metrics,scheduleTrigger,googleSheets,1.0
10426,email-archiver,emailReadImap,readWriteFile,1.0
10427,rss-alert,rssFeedTrigger,slack,1.0
10428,form-to-endpoint,webhook,googleSheets,0.5
10429,morning-metrics,scheduleTrigger,googleSheets,1.0
10430,email-archiver,emailReadImap,readWriteFile,1.0
10431,rss-alert,rssFeedTrigger,slack,1.0
10432,form-to-endpoint,webhook,httpRequest,1.0
10433,morning-metrics,scheduleTrigger,googleSheets,1.0
10434,email-archiver,emailReadImap,readWriteFile,1.0
10435,rss-alert,rssFeedTrigger,slack,1.0
10436,form-to-endpoint,webhook,httpRequest,1.0
10437,morning-metrics,scheduleTrigger,googleSheets,1.0
10438,email-archiver,emailReadImap,readWriteFile,1.0
10439,rss-alert,rssFeedTrigger,httpRequest,0.5
10440,form-to-endpoint,webhook,httpRequest,1.0
10441,morning-metrics,scheduleTrigger,googleSheets,1.0
10442,email-archiver,emailReadImap,readWriteFile,1.0
10443,rss-alert,rssFeedTrigger,slack,1.0
10444,form-to-endpoint,webhook,httpRequest,1.0
10445,morning-metrics,scheduleTrigger,readWriteFile,0.5
10446,email-archiver,emailReadImap,readWriteFile,1.0
10447,rss-alert,rssFeedTrigger,slack,1.0
10448,form-to-endpoint,webhook,httpRequest,1.0
10449,morning-metrics,scheduleTrigger,googleSheets,1.0
10450,email-archiver,emailReadImap,readWriteFile,1.0
10451,rss-alert,rssFeedTrigger,slack,1.0
10452,form-to-endpoint,webhook,httpRequest,1.0
10453,morning-metrics,scheduleTrigger,googleSheets,1.0
10454,email-archiver,emailReadImap,readWriteFile,1.0
10455,rss-alert,rssFeedTrigger,slack,1.0
10456,form-to-endpoint,webhook,httpRequest,1.0
10457,morning-metrics,scheduleTrigger,googleSheets,1.0
10458,email-archiver,webhook,readWriteFile,0.5
10459,rss-alert,rssFeedTrigger,slack,1.0
10460,form-to-endpoint,webhook,httpRequest,1.0
10461,morning-metrics,scheduleTrigger,googleSheets,1.0
10462,email-archiver,emailReadImap,readWriteFile,1.0
10463,rss-alert,rssFeedTrigger,slack,1.0
10464,form-to-endpoint,webhook,httpRequest,1.0
10465,morning-metrics,scheduleTrigger,readWriteFile,0.5
10466,email-archiver,emailReadImap,readWriteFile,1.0
10467,rss-alert,rssFeedTrigger,slack,1.0
10468,form-to-endpoint,webhook,httpRequest,1.0
10469,morning-metrics,scheduleTrigger,googleSheets,1.0
10470,email-archiver,emailReadImap,readWriteFile,1.0
10471,rss-alert,rssFeedTrigger,slack,1.0
10472,form-to-endpoint,webhook,httpRequest,1.0
10473,morning-metrics,scheduleTrigger,googleSheets,1.0
10474,email-archiver,webhook,readWriteFile,0.5
10475,rss-alert,rssFeedTrigger,slack,1.0
10476,form-to-endpoint,rssFeedTrigger,httpRequest,0.5
10477,morning-metrics,scheduleTrigger,googleSheets,1.0
10478,email-archiver,scheduleTrigger,readWriteFile,0.5
10479,rss-alert,rssFeedTrigger,googleSheets,0.5
10480,form-to-endpoint,webhook,httpRequest,1.0
10481,morning-metrics,scheduleTrigger,googleSheets,1.0
10482,email-archiver,emailReadImap,readWriteFile,1.0
10483,rss-alert,rssFeedTrigger,slack,1.0
10484,form-to-endpoint,webhook,httpRequest,1.0
10485,morning-metrics,scheduleTrigger,googleSheets,1.0
10486,email-archiver,emailReadImap,readWriteFile,1.0
10487,rss-alert,rssFeedTrigger,slack,1.0
10488,form-to-endpoint,webhook,httpRequest,1.0
10489,morning-metrics,scheduleTrigger,googleSheets,1.0
10490,email-archiver,emailReadImap,readWriteFile,1.0
10491,rss-alert,rssFeedTrigger,slack,1.0
10492,form-to-endpoint,webhook,httpRequest,1.0
10493,morning-metrics,emailReadImap,googleSheets,0.5
10494,email-archiver,emailReadImap,readWriteFile,1.0
10495,rss-alert,rssFeedTrigger,slack,1.0
10496,form-to-endpoint,webhook,httpRequest,1.0
10497,morning-metrics,scheduleTrigger,googleSheets,1.0
10498,email-archiver,emailReadImap,readWriteFile,1.0
10499,rss-alert,rssFeedTrigger,slack,1.0
10500,form-to-endpoint,webhook,httpRequest,1.0
10501,morning-metrics,scheduleTrigger,googleSheets,1.0
10502,email-archiver,emailReadImap,readWriteFile,1.0
10503,rss-alert,scheduleTrigger,slack,0.5
10504,form-to-endpoint,rssFeedTrigger,httpRequest,0.5
10505,morning-metrics,scheduleTrigger,googleSheets,1.0
10506,email-archiver,emailReadImap,readWriteFile,1.0
10507,rss-alert,rssFeedTrigger,slack,1.0
10508,form-to-endpoint,webhook,httpRequest,1.0
10509,morning-metrics,scheduleTrigger,googleSheets,1.0
10510,email-archiver,emailReadImap,readWriteFile,1.0
10511,rss-alert,rssFeedTrigger,slack,1.0
10512,form-to-endpoint,webhook,googleSheets,0.5
10513,morning-metrics,scheduleTrigger,googleSheets,1.0
10514,email-archiver,emailReadImap,readWriteFile,1.0
10515,rss-alert,rssFeedTrigger,slack,1.0
10516,form-to-endpoint,webhook,httpRequest,1.0
10517,morning-metrics,scheduleTrigger,googleSheets,1.0
10518,email-archiver,emailReadImap,readWriteFile,1.0
10519,rss-alert,rssFeedTrigger,slack,1.0
10520,form-to-endpoint,webhook,httpRequest,1.0
10521,morning-metrics,rssFeedTrigger,googleSheets,0.5
10522,email-archiver,emailReadImap,readWriteFile,1.0
10523,rss-alert,rssFeedTrigger,slack,1.0
10524,form-to-endpoint,webhook,httpRequest,1.0
10525,morning-metrics,scheduleTrigger,googleSheets,1.0
10526,email-archiver,emailReadImap,readWriteFile,1.0
10527,rss-alert,rssFeedTrigger,slack,1.0
10528,form-to-endpoint,webhook,httpRequest,1.0
10529,morning-metrics,scheduleTrigger,googleSheets,1.0
10530,email-archiver,emailReadImap,readWriteFile,1.0
10531,rss-alert,rssFeedTrigger,slack,1.0
10532,form-to-endpoint,webhook,httpRequest,1.0
10533,morning-metrics,emailReadImap,googleSheets,0.5
10534,email-archiver,emailReadImap,httpRequest,0.5
10535,rss-alert,rssFeedTrigger,slack,1.0
10536,form-to-endpoint,webhook,httpRequest,1.0
10537,morning-metrics,scheduleTrigger,googleSheets,1.0
10538,email-archiver,emailReadImap,readWriteFile,1.0
10539,rss-alert,emailReadImap,slack,0.5
10540,form-to-endpoint,webhook,httpRequest,1.0
10541,morning-metrics,scheduleTrigger,readWriteFile,0.5
10542,email-archiver,emailReadImap,slack,0.5
10543,rss-alert,rssFeedTrigger,slack,1.0
10544,form-to-endpoint,webhook,httpRequest,1.0
10545,morning-metrics,scheduleTrigger,googleSheets,1.0
10546,email-archiver,emailReadImap,slack,0.5
10547,rss-alert,rssFeedTrigger,slack,1.0
10548,form-to-endpoint,webhook,httpRequest,1.0
10549,morning-metrics,scheduleTrigger,googleSheets,1.0
10550,email-archiver,emailReadImap,readWriteFile,1.0
10551,rss-alert,rssFeedTrigger,slack,1.0
10552,form-to-endpoint,webhook,httpRequest,1.0
10553,morning-metrics,scheduleTrigger,googleSheets,1.0
10554,email-archiver,emailReadImap,readWriteFile,1.0
10555,rss-alert,rssFeedTrigger,readWriteFile,0.5
10556,form-to-endpoint,webhook,httpRequest,1.0
10557,morning-metrics,scheduleTrigger,googleSheets,1.0
10558,email-archiver,webhook,googleSheets,0.0
10559,rss-alert,scheduleTrigger,slack,0.5
10560,form-to-endpoint,webhook,httpRequest,1.0
10561,morning-metrics,scheduleTrigger,googleSheets,1.0
10562,email-archiver,emailReadImap,readWriteFile,1.0
10563,rss-alert,rssFeedTrigger,slack,1.0
10564,form-to-endpoint,webhook,httpRequest,1.0
10565,morning-metrics,webhook,googleSheets,0.5
10566,email-archiver,emailReadImap,readWriteFile,1.0
10567,rss-alert,webhook,slack,0.5
10568,form-to-endpoint,webhook,httpRequest,1.0
10569,morning-metrics,webhook,googleSheets,0.5
10570,email-archiver,emailReadImap,readWriteFile,1.0
10571,rss-alert,rssFeedTrigger,slack,1.0
10572,form-to-endpoint,webhook,httpRequest,1.0
10573,morning-metrics,scheduleTrigger,googleSheets,1.0
10574,email-archiver,emailReadImap,readWriteFile,1.0
10575,rss-alert,rssFeedTrigger,httpRequest,0.5
10576,form-to-endpoint,webhook,httpRequest,1.0
10577,morning-metrics,scheduleTrigger,slack,0.5
10578,email-archiver,webhook,readWriteFile,0.5
10579,rss-alert,rssFeedTrigger,slack,1.0
10580,form-to-endpoint,scheduleTrigger,httpRequest,0.5
10581,morning-metrics,scheduleTrigger,googleSheets,1.0
10582,email-archiver,emailReadImap,readWriteFile,1.0
10583,rss-alert,rssFeedTrigger,slack,1.0
10584,form-to-endpoint,webhook,httpRequest,1.0
10585,morning-metrics,scheduleTrigger,googleSheets,1.0
10586,email-archiver,emailReadImap,readWriteFile,1.0
10587,rss-alert,rssFeedTrigger,slack,1.0
10588,form-to-endpoint,scheduleTrigger,httpRequest,0.5
10589,morning-metrics,scheduleTrigger,googleSheets,1.0
10590,email-archiver,scheduleTrigger,readWriteFile,0.5
10591,rss-alert,rssFeedTrigger,slack,1.0
10592,form-to-endpoint,webhook,httpRequest,1.0
10593,morning-metrics,scheduleTrigger,googleSheets,1.0
10594,email-archiver,emailReadImap,readWriteFile,1.0
10595,rss-alert,rssFeedTrigger,slack,1.0
10596,form-to-endpoint,webhook,googleSheets,0.5
10597,morning-metrics,scheduleTrigger,googleSheets,1.0
10598,email-archiver,emailReadImap,readWriteFile,1.0
10599,rss-alert,rssFeedTrigger,slack,1.0
10600,form-to-endpoint,webhook,httpRequest,1.0
10601,morning-metrics,scheduleTrigger,googleSheets,1.0
10602,email-archiver,emailReadImap,readWriteFile,1.0
10603,rss-alert,rssFeedTrigger,readWriteFile,0.5
10604,form-to-endpoint,webhook,httpRequest,1.0
10605,morning-metrics,scheduleTrigger,googleSheets,1.0
10606,email-archiver,emailReadImap,readWriteFile,1.0
10607,rss-alert,rssFeedTrigger,readWriteFile,0.5
10608,form-to-endpoint,webhook,httpRequest,1.0
10609,morning-metrics,scheduleTrigger,googleSheets,1.0
10610,email-archiver,emailReadImap,readWriteFile,1.0
10611,rss-alert,rssFeedTrigger,slack,1.0
10612,form-to-endpoint,webhook,httpRequest,1.0
10613,morning-metrics,scheduleTrigger,googleSheets,1.0
10614,email-archiver,emailReadImap,readWriteFile,1.0
10615,rss-alert,rssFeedTrigger,slack,1.0
10616,form-to-endpoint,webhook,httpRequest,1.0
10617,morning-metrics,scheduleTrigger,googleSheets,1.0
10618,email-archiver,emailReadImap,readWriteFile,1.0
10619,rss-alert,rssFeedTrigger,slack,1.0
10620,form-to-endpoint,webhook,httpRequest,1.0
10621,morning-metrics,scheduleTrigger,googleSheets,1.0
10622,email-archiver,emailReadImap,readWriteFile,1.0
10623,rss-alert,rssFeedTrigger,slack,1.0
10624,form-to-endpoint,webhook,httpRequest,1.0
10625,morning-metrics,scheduleTrigger,googleSheets,1.0
10626,email-archiver,emailReadImap,readWriteFile,1.0
10627,rss-alert,rssFeedTrigger,slack,1.0
10628,form-to-endpoint,webhook,httpRequest,1.0
10629,morning-metrics,scheduleTrigger,googleSheets,1.0
10630,email-archiver,emailReadImap,readWriteFile,1.0
10631,rss-alert,rssFeedTrigger,slack,1.0
10632,form-to-endpoint,webhook,httpRequest,1.0
10633,morning-metrics,scheduleTrigger,googleSheets,1.0
10634,email-archiver,emailReadImap,googleSheets,0.5
10635,rss-alert,rssFeedTrigger,slack,1.0
10636,form-to-endpoint,webhook,httpRequest,1.0
10637,morning-metrics,scheduleTrigger,googleSheets,1.0
10638,email-archiver,emailReadImap,readWriteFile,1.0
10639,rss-alert,rssFeedTrigger,slack,1.0
10640,form-to-endpoint,webhook,slack,0.5
10641,morning-metrics,scheduleTrigger,googleSheets,1.0
10642,email-archiver,emailReadImap,readWriteFile,1.0
10643,rss-alert,rssFeedTrigger,slack,1.0
10644,form-to-endpoint,webhook,httpRequest,1.0
10645,morning-metrics,scheduleTrigger,googleSheets,1.0
10646,email-archiver,emailReadImap,readWriteFile,1.0
10647,rss-alert,rssFeedTrigger,slack,1.0
10648,form-to-endpoint,webhook,readWriteFile,0.5
10649,morning-metrics,scheduleTrigger,googleSheets,1.0
10650,email-archiver,emailReadImap,readWriteFile,1.0
10651,rss-alert,rssFeedTrigger,slack,1.0
10652,form-to-endpoint,webhook,httpRequest,1.0
10653,morning-metrics,scheduleTrigger,googleSheets,1.0
10654,email-archiver,emailReadImap,readWriteFile,1.0
10655,rss-alert,rssFeedTrigger,slack,1.0
10656,form-to-endpoint,webhook,httpRequest,1.0
10657,morning-metrics,scheduleTrigger,slack,0.5
10658,email-archiver,emailReadImap,readWriteFile,1.0
10659,rss-alert,rssFeedTrigger,slack,1.0
10660,form-to-endpoint,webhook,slack,0.5
10661,morning-metrics,scheduleTrigger,googleSheets,1.0
10662,email-archiver,emailReadImap,readWriteFile,1.0
10663,rss-alert,rssFeedTrigger,slack,1.0
10664,form-to-endpoint,webhook,httpRequest,1.0
10665,morning-metrics,scheduleTrigger,googleSheets,1.0
10666,email-archiver,emailReadImap,readWriteFile,1.0
10667,rss-alert,rssFeedTrigger,slack,1.0
10668,form-to-endpoint,webhook,httpRequest,1.0
10669,morning-metrics,webhook,googleSheets,0.5
10670,email-archiver,emailReadImap,readWriteFile,1.0
10671,rss-alert,rssFeedTrigger,slack,1.0
10672,form-to-endpoint,webhook,httpRequest,1.0
10673,morning-metrics,scheduleTrigger,googleSheets,1.0
10674,email-archiver,emailReadImap,readWriteFile,1.0
10675,rss-alert,rssFeedTrigger,slack,1.0
10676,form-to-endpoint,webhook,httpRequest,1.0
10677,morning-metrics,scheduleTrigger,readWriteFile,0.5
10678,email-archiver,emailReadImap,readWriteFile,1.0
10679,rss-alert,rssFeedTrigger,slack,1.0
10680,form-to-endpoint,scheduleTrigger,httpRequest,0.5
10681,morning-metrics,scheduleTrigger,httpRequest,0.5
10682,email-archiver,emailReadImap,readWriteFile,1.0
10683,rss-alert,rssFeedTrigger,googleSheets,0.5
10684,form-to-endpoint,webhook,httpRequest,1.0
10685,morning-metrics,scheduleTrigger,googleSheets,1.0
10686,email-archiver,emailReadImap,readWriteFile,1.0
10687,rss-alert,rssFeedTrigger,slack,1.0
10688,form-to-endpoint,webhook,httpRequest,1.0
10689,morning-metrics,scheduleTrigger,googleSheets,1.0
10690,email-archiver,emailReadImap,readWriteFile,1.0
10691,rss-alert,rssFeedTrigger,slack,1.0
10692,form-to-endpoint,webhook,httpRequest,1.0
10693,morning-metrics,scheduleTrigger,googleSheets,1.0
10694,email-archiver,emailReadImap,readWriteFile,1.0
10695,rss-alert,rssFeedTrigger,slack,1.0
10696,form-to-endpoint,webhook,httpRequest,1.0
10697,morning-metrics,scheduleTrigger,googleSheets,1.0
10698,email-archiver,rssFeedTrigger,readWriteFile,0.5
10699,rss-alert,webhook,slack,0.5
10700,form-to-endpoint,webhook,httpRequest,1.0
10701,morning-metrics,scheduleTrigger,googleSheets,1.0
10702,email-archiver,emailReadImap,readWriteFile,1.0
10703,rss-alert,rssFeedTrigger,slack,1.0
10704,form-to-endpoint,webhook,httpRequest,1.0
10705,morning-metrics,scheduleTrigger,googleSheets,1.0
10706,email-archiver,rssFeedTrigger,readWriteFile,0.5
10707,rss-alert,rssFeedTrigger,slack,1.0
10708,form-to-endpoint,webhook,httpRequest,1.0
10709,morning-metrics,scheduleTrigger,googleSheets,1.0
10710,email-archiver,emailReadImap,readWriteFile,1.0
10711,rss-alert,rssFeedTrigger,slack,1.0
10712,form-to-endpoint,webhook,httpRequest,1.0
10713,morning-metrics,scheduleTrigger,googleSheets,1.0
10714,email-archiver,emailReadImap,readWriteFile,1.0
10715,rss-alert,rssFeedTrigger,slack,1.0
10716,form-to-endpoint,webhook,httpRequest,1.0
10717,morning-metrics,scheduleTrigger,googleSheets,1.0
10718,email-archiver,emailReadImap,readWriteFile,1.0
10719,rss-alert,rssFeedTrigger,googleSheets,0.5
10720,form-to-endpoint,webhook,httpRequest,1.0
10721,morning-metrics,scheduleTrigger,googleSheets,1.0
10722,email-archiver,emailReadImap,readWriteFile,1.0
10723,rss-alert,rssFeedTrigger,slack,1.0
10724,form-to-endpoint,webhook,httpRequest,1.0
10725,morning-metrics,scheduleTrigger,googleSheets,1.0
10726,email-archiver,emailReadImap,readWriteFile,1.0
10727,rss-alert,rssFeedTrigger,slack,1.0
10728,form-to-endpoint,scheduleTrigger,httpRequest,0.5
10729,morning-metrics,emailReadImap,googleSheets,0.5
10730,email-archiver,emailReadImap,readWriteFile,1.0
10731,rss-alert,rssFeedTrigger,slack,1.0
10732,form-to-endpoint,webhook,httpRequest,1.0
10733,morning-metrics,scheduleTrigger,googleSheets,1.0
10734,email-archiver,emailReadImap,readWriteFile,1.0
10735,rss-alert,rssFeedTrigger,slack,1.0
10736,form-to-endpoint,webhook,httpRequest,1.0
10737,morning-metrics,scheduleTrigger,slack,0.5
10738,email-archiver,emailReadImap,googleSheets,0.5
10739,rss-alert,rssFeedTrigger,slack,1.0
10740,form-to-endpoint,webhook,httpRequest,1.0
10741,morning-metrics,scheduleTrigger,googleSheets,1.0
10742,email-archiver,emailReadImap,readWriteFile,1.0
10743,rss-alert,rssFeedTrigger,slack,1.0
10744,form-to-endpoint,webhook,httpRequest,1.0
10745,morning-metrics,scheduleTrigger,googleSheets,1.0
10746,email-archiver,emailReadImap,readWriteFile,1.0
10747,rss-alert,rssFeedTrigger,slack,1.0
10748,form-to-endpoint,webhook,httpRequest,1.0
10749,morning-metrics,emailReadImap,googleSheets,0.5
10750,email-archiver,emailReadImap,readWriteFile,1.0
10751,rss-alert,scheduleTrigger,slack,0.5
10752,form-to-endpoint,webhook,httpRequest,1.0
10753,morning-metrics,scheduleTrigger,googleSheets,1.0
10754,email-archiver,emailReadImap,readWriteFile,1.0
10755,rss-alert,rssFeedTrigger,slack,1.0
10756,form-to-endpoint,webhook,httpRequest,1.0
10757,morning-metrics,scheduleTrigger,googleSheets,1.0
10758,email-archiver,emailReadImap,readWriteFile,1.0
10759,rss-alert,rssFeedTrigger,slack,1.0
10760,form-to-endpoint,webhook,httpRequest,1.0
10761,morning-metrics,scheduleTrigger,googleSheets,1.0
10762,email-archiver,emailReadImap,readWriteFile,1.0
10763,rss-alert,rssFeedTrigger,slack,1.0
10764,form-to-endpoint,webhook,httpRequest,1.0
10765,morning-metrics,scheduleTrigger,googleSheets,1.0
10766,email-archiver,emailReadImap,slack,0.5
10767,rss-alert,emailReadImap,slack,0.5
10768,form-to-endpoint,webhook,httpRequest,1.0
10769,morning-metrics,scheduleTrigger,googleSheets,1.0
10770,email-archiver,emailReadImap,readWriteFile,1.0
10771,rss-alert,rssFeedTrigger,slack,1.0
10772,form-to-endpoint,webhook,httpRequest,1.0
10773,morning-metrics,scheduleTrigger,googleSheets,1.0
10774,email-archiver,emailReadImap,readWriteFile,1.0
10775,rss-alert,rssFeedTrigger,httpRequest,0.5
10776,form-to-endpoint,rssFeedTrigger,httpRequest,0.5
10777,morning-metrics,scheduleTrigger,readWriteFile,0.5
10778,email-archiver,emailReadImap,readWriteFile,1.0
10779,rss-alert,rssFeedTrigger,slack,1.0
10780,form-to-endpoint,webhook,httpRequest,1.0
10781,morning-metrics,scheduleTrigger,googleSheets,1.0
10782,email-archiver,emailReadImap,readWriteFile,1.0
10783,rss-alert,rssFeedTrigger,slack,1.0
10784,form-to-endpoint,webhook,httpRequest,1.0
10785,morning-metrics,scheduleTrigger,googleSheets,1.0
10786,email-archiver,emailReadImap,readWriteFile,1.0
10787,rss-alert,rssFeedTrigger,slack,1.0
10788,form-to-endpoint,webhook,httpRequest,1.0
10789,morning-metrics,webhook,slack,0.0
10790,email-archiver,rssFeedTrigger,readWriteFile,0.5
10791,rss-alert,rssFeedTrigger,slack,1.0
10792,form-to-endpoint,emailReadImap,httpRequest,0.5
10793,morning-metrics,scheduleTrigger,googleSheets,1.0
10794,email-archiver,emailReadImap,readWriteFile,1.0
10795,rss-alert,rssFeedTrigger,slack,1.0
10796,form-to-endpoint,webhook,httpRequest,1.0
10797,morning-metrics,scheduleTrigger,googleSheets,1.0
10798,email-archiver,emailReadImap,slack,0.5
10799,rss-alert,rssFeedTrigger,readWriteFile,0.5
10800,form-to-endpoint,webhook,httpRequest,1.0
10801,morning-metrics,scheduleTrigger,googleSheets,1.0
10802,email-archiver,emailReadImap,readWriteFile,1.0
10803,rss-alert,rssFeedTrigger,slack,1.0
10804,form-to-endpoint,scheduleTrigger,readWriteFile,0.0
10805,morning-metrics,scheduleTrigger,googleSheets,1.0
10806,email-archiver,emailReadImap,readWriteFile,1.0
10807,rss-alert,rssFeedTrigger,slack,1.0
10808,form-to-endpoint,webhook,httpRequest,1.0
10809,morning-metrics,scheduleTrigger,googleSheets,1.0
10810,email-archiver,emailReadImap,readWriteFile,1.0
10811,rss-alert,emailReadImap,slack,0.5
10812,form-to-endpoint,webhook,httpRequest,1.0
10813,morning-metrics,scheduleTrigger,googleSheets,1.0
10814,email-archiver,emailReadImap,readWriteFile,1.0
10815,rss-alert,rssFeedTrigger,slack,1.0
10816,form-to-endpoint,webhook,httpRequest,1.0
10817,morning-metrics,scheduleTrigger,httpRequest,0.5
10818,email-archiver,emailReadImap,readWriteFile,1.0
10819,rss-alert,rssFeedTrigger,slack,1.0
10820,form-to-endpoint,emailReadImap,httpRequest,0.5
10821,morning-metrics,scheduleTrigger,googleSheets,1.0
10822,email-archiver,rssFeedTrigger,readWriteFile,0.5
10823,rss-alert,rssFeedTrigger,slack,1.0
10824,form-to-endpoint,webhook,httpRequest,1.0
10825,morning-metrics,scheduleTrigger,googleSheets,1.0
10826,email-archiver,emailReadImap,readWriteFile,1.0
10827,rss-alert,rssFeedTrigger,slack,1.0
10828,form-to-endpoint,webhook,httpRequest,1.0
10829,morning-metrics,scheduleTrigger,googleSheets,1.0
10830,email-archiver,emailReadImap,httpRequest,0.5
10831,rss-alert,rssFeedTrigger,slack,1.0
10832,form-to-endpoint,rssFeedTrigger,httpRequest,0.5
10833,morning-metrics,webhook,googleSheets,0.5
10834,email-archiver,emailReadImap,readWriteFile,1.0
10835,rss-alert,rssFeedTrigger,slack,1.0
10836,form-to-endpoint,webhook,httpRequest,1.0
10837,morning-metrics,scheduleTrigger,googleSheets,1.0
10838,email-archiver,emailReadImap,readWriteFile,1.0
10839,rss-alert,rssFeedTrigger,slack,1.0
10840,form-to-endpoint,webhook,httpRequest,1.0
10841,morning-metrics,scheduleTrigger,googleSheets,1.0
10842,email-archiver,emailReadImap,readWriteFile,1.0
10843,rss-alert,rssFeedTrigger,slack,1.0
10844,form-to-endpoint,webhook,httpRequest,1.0
10845,morning-metrics,scheduleTrigger,googleSheets,1.0
10846,email-archiver,emailReadImap,googleSheets,0.5
10847,rss-alert,rssFeedTrigger,slack,1.0
10848,form-to-endpoint,webhook,readWriteFile,0.5
10849,morning-metrics,scheduleTrigger,googleSheets,1.0
10850,email-archiver,emailReadImap,readWriteFile,1.0
10851,rss-alert,rssFeedTrigger,slack,1.0
10852,form-to-endpoint,webhook,httpRequest,1.0
10853,morning-metrics,scheduleTrigger,googleSheets,1.0
10854,email-archiver,emailReadImap,readWriteFile,1.0
10855,rss-alert,rssFeedTrigger,slack,1.0
10856,form-to-endpoint,webhook,httpRequest,1.0
10857,morning-metrics,scheduleTrigger,googleSheets,1.0
10858,email-archiver,emailReadImap,readWriteFile,1.0
10859,rss-alert,rssFeedTrigger,slack,1.0
10860,form-to-endpoint,webhook,httpRequest,1.0
10861,morning-metrics,scheduleTrigger,googleSheets,1.0
10862,email-archiver,emailReadImap,readWriteFile,1.0
10863,rss-alert,rssFeedTrigger,slack,1.0
10864,form-to-endpoint,webhook,httpRequest,1.0
10865,morning-metrics,rssFeedTrigger,googleSheets,0.5
10866,email-archiver,emailReadImap,readWriteFile,1.0
10867,rss-alert,rssFeedTrigger,slack,1.0
10868,form-to-endpoint,webhook,httpRequest,1.0
10869,morning-metrics,scheduleTrigger,googleSheets,1.0
10870,email-archiver,emailReadImap,readWriteFile,1.0
10871,rss-alert,scheduleTrigger,slack,0.5
10872,form-to-endpoint,webhook,httpRequest,1.0
10873,morning-metrics,scheduleTrigger,googleSheets,1.0
10874,email-archiver,emailReadImap,readWriteFile,1.0
10875,rss-alert,rssFeedTrigger,googleSheets,0.5
10876,form-to-endpoint,webhook,httpRequest,1.0
10877,morning-metrics,scheduleTrigger,googleSheets,1.0
10878,email-archiver,emailReadImap,readWriteFile,1.0
10879,rss-alert,rssFeedTrigger,slack,1.0
10880,form-to-endpoint,webhook,httpRequest,1.0
10881,morning-metrics,scheduleTrigger,googleSheets,1.0
10882,email-archiver,emailReadImap,readWriteFile,1.0
10883,rss-alert,rssFeedTrigger,slack,1.0
10884,form-to-endpoint,webhook,httpRequest,1.0
10885,morning-metrics,scheduleTrigger,googleSheets,1.0
10886,email-archiver,emailReadImap,readWriteFile,1.0
10887,rss-alert,rssFeedTrigger,slack,1.0
10888,form-to-endpoint,webhook,httpRequest,1.0
10889,morning-metrics,scheduleTrigger,googleSheets,1.0
10890,email-archiver,emailReadImap,readWriteFile,1.0
10891,rss-alert,rssFeedTrigger,slack,1.0
10892,form-to-endpoint,webhook,httpRequest,1.0
10893,morning-metrics,scheduleTrigger,googleSheets,1.0
10894,email-archiver,emailReadImap,readWriteFile,1.0
10895,rss-alert,emailReadImap,slack,0.5
10896,form-to-endpoint,webhook,httpRequest,1.0
10897,morning-metrics,scheduleTrigger,googleSheets,1.0
10898,email-archiver,emailReadImap,readWriteFile,1.0
10899,rss-alert,rssFeedTrigger,slack,1.0
10900,form-to-endpoint,webhook,httpRequest,1.0
10901,morning-metrics,scheduleTrigger,googleSheets,1.0
10902,email-archiver,emailReadImap,readWriteFile,1.0
10903,rss-alert,rssFeedTrigger,googleSheets,0.5
10904,form-to-endpoint,webhook,httpRequest,1.0
10905,morning-metrics,scheduleTrigger,googleSheets,1.0
10906,email-archiver,rssFeedTrigger,readWriteFile,0.5
10907,rss-alert,rssFeedTrigger,slack,1.0
10908,form-to-endpoint,webhook,httpRequest,1.0
10909,morning-metrics,scheduleTrigger,googleSheets,1.0
10910,email-archiver,emailReadImap,readWriteFile,1.0
10911,rss-alert,rssFeedTrigger,slack,1.0
10912,form-to-endpoint,webhook,httpRequest,1.0
10913,morning-metrics,rssFeedTrigger,slack,0.0
10914,email-archiver,emailReadImap,readWriteFile,1.0
10915,rss-alert,rssFeedTrigger,slack,1.0
10916,form-to-endpoint,webhook,httpRequest,1.0
10917,morning-metrics,scheduleTrigger,googleSheets,1.0
10918,email-archiver,emailReadImap,readWriteFile,1.0
10919,rss-alert,rssFeedTrigger,slack,1.0
10920,form-to-endpoint,webhook,httpRequest,1.0
10921,morning-metrics,scheduleTrigger,googleSheets,1.0
10922,email-archiver,emailReadImap,readWriteFile,1.0
10923,rss-alert,scheduleTrigger,slack,0.5
10924,form-to-endpoint,webhook,httpRequest,1.0
10925,morning-metrics,webhook,googleSheets,0.5
10926,email-archiver,emailReadImap,readWriteFile,1.0
10927,rss-alert,rssFeedTrigger,slack,1.0
10928,form-to-endpoint,webhook,readWriteFile,0.5
10929,morning-metrics,scheduleTrigger,slack,0.5
10930,email-archiver,emailReadImap,readWriteFile,1.0
10931,rss-alert,rssFeedTrigger,slack,1.0
10932,form-to-endpoint,webhook,httpRequest,1.0
10933,morning-metrics,scheduleTrigger,googleSheets,1.0
10934,email-archiver,emailReadImap,readWriteFile,1.0
10935,rss-alert,rssFeedTrigger,slack,1.0
10936,form-to-endpoint,webhook,httpRequest,1.0
10937,morning-metrics,scheduleTrigger,googleSheets,1.0
10938,email-archiver,emailReadImap,readWriteFile,1.0
10939,rss-alert,rssFeedTrigger,slack,1.0
10940,form-to-endpoint,webhook,httpRequest,1.0
10941,morning-metrics,scheduleTrigger,googleSheets,1.0
10942,email-archiver,emailReadImap,readWriteFile,1.0
10943,rss-alert,rssFeedTrigger,slack,1.0
10944,form-to-endpoint,webhook,httpRequest,1.0
10945,morning-metrics,scheduleTrigger,googleSheets,1.0
10946,email-archiver,emailReadImap,readWriteFile,1.0
10947,rss-alert,rssFeedTrigger,slack,1.0
10948,form-to-endpoint,webhook,httpRequest,1.0
10949,morning-metrics,scheduleTrigger,googleSheets,1.0
10950,email-archiver,emailReadImap,readWriteFile,1.0
10951,rss-alert,rssFeedTrigger,slack,1.0
10952,form-to-endpoint,webhook,httpRequest,1.0
10953,morning-metrics,scheduleTrigger,googleSheets,1.0
10954,email-archiver,emailReadImap,googleSheets,0.5
10955,rss-alert,webhook,httpRequest,0.0
10956,form-to-endpoint,webhook,httpRequest,1.0
10957,morning-metrics,scheduleTrigger,googleSheets,1.0
10958,email-archiver,emailReadImap,readWriteFile,1.0
10959,rss-alert,rssFeedTrigger,slack,1.0
10960,form-to-endpoint,scheduleTrigger,httpRequest,0.5
10961,morning-metrics,emailReadImap,googleSheets,0.5
10962,email-archiver,emailReadImap,readWriteFile,1.0
10963,rss-alert,rssFeedTrigger,slack,1.0
10964,form-to-endpoint,webhook,httpRequest,1.0
10965,morning-metrics,webhook,googleSheets,0.5
10966,email-archiver,emailReadImap,readWriteFile,1.0
10967,rss-alert,rssFeedTrigger,googleSheets,0.5
10968,form-to-endpoint,webhook,httpRequest,1.0
10969,morning-metrics,scheduleTrigger,googleSheets,1.0
10970,email-archiver,webhook,readWriteFile,0.5
10971,rss-alert,rssFeedTrigger,slack,1.0
10972,form-to-endpoint,webhook,httpRequest,1.0
10973,morning-metrics,scheduleTrigger,googleSheets,1.0
10974,email-archiver,emailReadImap,readWriteFile,1.0
10975,rss-alert,rssFeedTrigger,slack,1.0
10976,form-to-endpoint,rssFeedTrigger,httpRequest,0.5
10977,morning-metrics,scheduleTrigger,googleSheets,1.0
10978,email-archiver,emailReadImap,readWriteFile,1.0
10979,rss-alert,rssFeedTrigger,slack,1.0
10980,form-to-endpoint,webhook,httpRequest,1.0
10981,morning-metrics,scheduleTrigger,googleSheets,1.0
10982,email-archiver,emailReadImap,readWriteFile,1.0
10983,rss-alert,emailReadImap,slack,0.5
10984,form-to-endpoint,webhook,httpRequest,1.0
10985,morning-metrics,emailReadImap,googleSheets,0.5
10986,email-archiver,emailReadImap,readWriteFile,1.0
10987,rss-alert,rssFeedTrigger,slack,1.0
10988,form-to-endpoint,webhook,httpRequest,1.0
10989,morning-metrics,scheduleTrigger,googleSheets,1.0
10990,email-archiver,emailReadImap,slack,0.5
10991,rss-alert,rssFeedTrigger,slack,1.0
10992,form-to-endpoint,webhook,httpRequest,1.0
10993,morning-metrics,scheduleTrigger,googleSheets,1.0
10994,email-archiver,emailReadImap,slack,0.5
10995,rss-alert,rssFeedTrigger,httpRequest,0.5
10996,form-to-endpoint,webhook,httpRequest,1.0
10997,morning-metrics,scheduleTrigger,googleSheets,1.0
10998,email-archiver,emailReadImap,readWriteFile,1.0
10999,rss-alert,rssFeedTrigger,slack,1.0
11000,form-to-endpoint,webhook,googleSheets,0.5
11001,morning-metrics,scheduleTrigger,googleSheets,1.0
11002,email-archiver,emailReadImap,readWriteFile,1.0
11003,rss-alert,rssFeedTrigger,slack,1.0
11004,form-to-endpoint,webhook,httpRequest,1.0
11005,morning-metrics,scheduleTrigger,googleSheets,1.0
11006,email-archiver,emailReadImap,readWriteFile,1.0
11007,rss-alert,rssFeedTrigger,slack,1.0
11008,form-to-endpoint,webhook,httpRequest,1.0
11009,morning-metrics,scheduleTrigger,googleSheets,1.0
11010,email-archiver,emailReadImap,readWriteFile,1.0
11011,rss-alert,rssFeedTrigger,slack,1.0
11012,form-to-endpoint,webhook,httpRequest,1.0
11013,morning-metrics,scheduleTrigger,googleSheets,1.0
11014,email-archiver,emailReadImap,readWriteFile,1.0
11015,rss-alert,rssFeedTrigger,slack,1.0
11016,form-to-endpoint,webhook,httpRequest,1.0
11017,morning-metrics,scheduleTrigger,googleSheets,1.0
11018,email-archiver,emailReadImap,readWriteFile,1.0
11019,rss-alert,rssFeedTrigger,slack,1.0
11020,form-to-endpoint,webhook,slack,0.5
11021,morning-metrics,scheduleTrigger,googleSheets,1.0
11022,email-archiver,emailReadImap,readWriteFile,1.0
11023,rss-alert,rssFeedTrigger,slack,1.0
11024,form-to-endpoint,webhook,httpRequest,1.0
11025,morning-metrics,scheduleTrigger,googleSheets,1.0
11026,email-archiver,emailReadImap,readWriteFile,1.0
11027,rss-alert,rssFeedTrigger,slack,1.0
11028,form-to-endpoint,webhook,httpRequest,1.0
11029,morning-metrics,scheduleTrigger,googleSheets,1.0
11030,email-archiver,emailReadImap,readWriteFile,1.0
11031,rss-alert,webhook,slack,0.5
11032,form-to-endpoint,scheduleTrigger,httpRequest,0.5
11033,morning-metrics,scheduleTrigger,googleSheets,1.0
11034,email-archiver,emailReadImap,readWriteFile,1.0
11035,rss-alert,scheduleTrigger,slack,0.5
11036,form-to-endpoint,webhook,httpRequest,1.0
11037,morning-metrics,scheduleTrigger,googleSheets,1.0
11038,email-archiver,emailReadImap,readWriteFile,1.0
11039,rss-alert,rssFeedTrigger,slack,1.0
11040,form-to-endpoint,webhook,httpRequest,1.0
11041,morning-metrics,scheduleTrigger,googleSheets,1.0
11042,email-archiver,emailReadImap,readWriteFile,1.0
11043,rss-alert,rssFeedTrigger,slack,1.0
11044,form-to-endpoint,webhook,httpRequest,1.0
11045,morning-metrics,scheduleTrigger,googleSheets,1.0
11046,email-archiver,emailReadImap,readWriteFile,1.0
11047,rss-alert,rssFeedTrigger,readWriteFile,0.5
11048,form-to-endpoint,webhook,httpRequest,1.0
11049,morning-metrics,scheduleTrigger,googleSheets,1.0
11050,email-archiver,emailReadImap,readWriteFile,1.0
11051,rss-alert,rssFeedTrigger,slack,1.0
11052,form-to-endpoint,scheduleTrigger,httpRequest,0.5
11053,morning-metrics,scheduleTrigger,googleSheets,1.0
11054,email-archiver,rssFeedTrigger,readWriteFile,0.5
11055,rss-alert,rssFeedTrigger,slack,1.0
11056,form-to-endpoint,webhook,httpRequest,1.0
11057,morning-metrics,scheduleTrigger,googleSheets,1.0
11058,email-archiver,emailReadImap,readWriteFile,1.0
11059,rss-alert,rssFeedTrigger,slack,1.0
11060,form-to-endpoint,webhook,httpRequest,1.0
11061,morning-metrics,scheduleTrigger,readWriteFile,0.5
11062,email-archiver,webhook,readWriteFile,0.5
11063,rss-alert,rssFeedTrigger,slack,1.0
11064,form-to-endpoint,emailReadImap,httpRequest,0.5
11065,morning-metrics,scheduleTrigger,googleSheets,1.0
11066,email-archiver,emailReadImap,slack,0.5
11067,rss-alert,rssFeedTrigger,slack,1.0
11068,form-to-endpoint,webhook,httpRequest,1.0
11069,morning-metrics,scheduleTrigger,googleSheets,1.0
11070,email-archiver,scheduleTrigger,readWriteFile,0.5
11071,rss-alert,rssFeedTrigger,slack,1.0
11072,form-to-endpoint,rssFeedTrigger,httpRequest,0.5
11073,morning-metrics,scheduleTrigger,googleSheets,1.0
11074,email-archiver,emailReadImap,readWriteFile,1.0
11075,rss-alert,scheduleTrigger,slack,0.5
11076,form-to-endpoint,webhook,httpRequest,1.0
11077,morning-metrics,scheduleTrigger,googleSheets,1.0
11078,email-archiver,emailReadImap,readWriteFile,1.0
11079,rss-alert,rssFeedTrigger,slack,1.0
11080,form-to-endpoint,webhook,httpRequest,1.0
11081,morning-metrics,scheduleTrigger,googleSheets,1.0
11082,email-archiver,emailReadImap,readWriteFile,1.0
11083,rss-alert,rssFeedTrigger,slack,1.0
11084,form-to-endpoint,webhook,httpRequest,1.0
11085,morning-metrics,scheduleTrigger,googleSheets,1.0
11086,email-archiver,emailReadImap,readWriteFile,1.0
11087,rss-alert,rssFeedTrigger,slack,1.0
11088,form-to-endpoint,webhook,readWriteFile,0.5
11089,morning-metrics,scheduleTrigger,googleSheets,1.0
11090,email-archiver,emailReadImap,readWriteFile,1.0
11091,rss-alert,rssFeedTrigger,slack,1.0
11092,form-to-endpoint,webhook,httpRequest,1.0
11093,morning-metrics,scheduleTrigger,googleSheets,1.0
11094,email-archiver,emailReadImap,readWriteFile,1.0
11095,rss-alert,rssFeedTrigger,slack,1.0
11096,form-to-endpoint,scheduleTrigger,httpRequest,0.5
11097,morning-metrics,scheduleTrigger,googleSheets,1.0
11098,email-archiver,emailReadImap,readWriteFile,1.0
11099,rss-alert,rssFeedTrigger,slack,1.0
11100,form-to-endpoint,rssFeedTrigger,httpRequest,0.5
11101,morning-metrics,scheduleTrigger,googleSheets,1.0
11102,email-archiver,emailReadImap,readWriteFile,1.0
11103,rss-alert,rssFeedTrigger,httpRequest,0.5
11104,form-to-endpoint,emailReadImap,httpRequest,0.5
11105,morning-metrics,webhook,googleSheets,0.5
11106,email-archiver,emailReadImap,readWriteFile,1.0
11107,rss-alert,rssFeedTrigger,slack,1.0
11108,form-to-endpoint,webhook,httpRequest,1.0
11109,morning-metrics,scheduleTrigger,googleSheets,1.0
11110,email-archiver,emailReadImap,readWriteFile,1.0
11111,rss-alert,rssFeedTrigger,slack,1.0
11112,form-to-endpoint,webhook,httpRequest,1.0
11113,morning-metrics,scheduleTrigger,googleSheets,1.0
11114,email-archiver,emailReadImap,googleSheets,0.5
11115,rss-alert,rssFeedTrigger,slack,1.0
11116,form-to-endpoint,webhook,slack,0.5
11117,morning-metrics,scheduleTrigger,googleSheets,1.0
11118,email-archiver,emailReadImap,readWriteFile,1.0
11119,rss-alert,rssFeedTrigger,slack,1.0
11120,form-to-endpoint,webhook,httpRequest,1.0
11121,morning-metrics,scheduleTrigger,googleSheets,1.0
11122,email-archiver,emailReadImap,readWriteFile,1.0
11123,rss-alert,rssFeedTrigger,slack,1.0
11124,form-to-endpoint,webhook,httpRequest,1.0
11125,morning-metrics,scheduleTrigger,googleSheets,1.0
11126,email-archiver,emailReadImap,readWriteFile,1.0
11127,rss-alert,rssFeedTrigger,slack,1.0
11128,form-to-endpoint,webhook,httpRequest,1.0
11129,morning-metrics,scheduleTrigger,googleSheets,1.0
11130,email-archiver,emailReadImap,readWriteFile,1.0
11131,rss-alert,rssFeedTrigger,slack,1.0
11132,form-to-endpoint,scheduleTrigger,httpRequest,0.5
11133,morning-metrics,webhook,googleSheets,0.5
11134,email-archiver,rssFeedTrigger,httpRequest,0.0
11135,rss-alert,rssFeedTrigger,readWriteFile,0.5
11136,form-to-endpoint,webhook,httpRequest,1.0
11137,morning-metrics,scheduleTrigger,googleSheets,1.0
11138,email-archiver,emailReadImap,readWriteFile,1.0
11139,rss-alert,rssFeedTrigger,slack,1.0
11140,form-to-endpoint,webhook,httpRequest,1.0
11141,morning-metrics,scheduleTrigger,googleSheets,1.0
11142,email-archiver,rssFeedTrigger,readWriteFile,0.5
11143,rss-alert,rssFeedTrigger,slack,1.0
11144,form-to-endpoint,webhook,httpRequest,1.0
11145,morning-metrics,scheduleTrigger,googleSheets,1.0
11146,email-archiver,emailReadImap,readWriteFile,1.0
11147,rss-alert,rssFeedTrigger,slack,1.0
11148,form-to-endpoint,webhook,httpRequest,1.0
11149,morning-metrics,scheduleTrigger,googleSheets,1.0
11150,email-archiver,emailReadImap,readWriteFile,1.0
11151,rss-alert,rssFeedTrigger,slack,1.0
11152,form-to-endpoint,webhook,httpRequest,1.0
11153,morning-metrics,scheduleTrigger,googleSheets,1.0
11154,email-archiver,emailReadImap,readWriteFile,1.0
11155,rss-alert,rssFeedTrigger,slack,1.0
11156,form-to-endpoint,webhook,httpRequest,1.0
11157,morning-metrics,scheduleTrigger,googleSheets,1.0
11158,email-archiver,emailReadImap,readWriteFile,1.0
11159,rss-alert,rssFeedTrigger,slack,1.0
11160,form-to-endpoint,webhook,httpRequest,1.0
11161,morning-metrics,scheduleTrigger,googleSheets,1.0
11162,email-archiver,webhook,readWriteFile,0.5
11163,rss-alert,rssFeedTrigger,slack,1.0
11164,form-to-endpoint,webhook,httpRequest,1.0
11165,morning-metrics,scheduleTrigger,googleSheets,1.0
11166,email-archiver,emailReadImap,httpRequest,0.5
11167,rss-alert,rssFeedTrigger,slack,1.0
11168,form-to-endpoint,webhook,httpRequest,1.0
11169,morning-metrics,scheduleTrigger,googleSheets,1.0
11170,email-archiver,emailReadImap,readWriteFile,1.0
11171,rss-alert,rssFeedTrigger,slack,1.0
11172,form-to-endpoint,webhook,httpRequest,1.0
11173,morning-metrics,scheduleTrigger,googleSheets,1.0
11174,email-archiver,emailReadImap,readWriteFile,1.0
11175,rss-alert,rssFeedTrigger,googleSheets,0.5
11176,form-to-endpoint,webhook,httpRequest,1.0
11177,morning-metrics,scheduleTrigger,googleSheets,1.0
11178,email-archiver,emailReadImap,readWriteFile,1.0
11179,rss-alert,rssFeedTrigger,slack,1.0
11180,form-to-endpoint,webhook,httpRequest,1.0
11181,morning-metrics,scheduleTrigger,googleSheets,1.0
11182,email-archiver,emailReadImap,readWriteFile,1.0
11183,rss-alert,rssFeedTrigger,googleSheets,0.5
11184,form-to-endpoint,webhook,httpRequest,1.0
11185,morning-metrics,scheduleTrigger,googleSheets,1.0
11186,email-archiver,emailReadImap,readWriteFile,1.0
11187,rss-alert,rssFeedTrigger,slack,1.0
11188,form-to-endpoint,webhook,httpRequest,1.0
11189,morning-metrics,scheduleTrigger,googleSheets,1.0
11190,email-archiver,emailReadImap,readWriteFile,1.0
11191,rss-alert,rssFeedTrigger,slack,1.0
11192,form-to-endpoint,webhook,httpRequest,1.0
11193,morning-metrics,scheduleTrigger,googleSheets,1.0
11194,email-archiver,scheduleTrigger,readWriteFile,0.5
11195,rss-alert,rssFeedTrigger,slack,1.0
11196,form-to-endpoint,webhook,httpRequest,1.0
11197,morning-metrics,scheduleTrigger,googleSheets,1.0
11198,email-archiver,webhook,readWriteFile,0.5
11199,rss-alert,rssFeedTrigger,googleSheets,0.5
11200,form-to-endpoint,webhook,httpRequest,1.0
11201,morning-metrics,scheduleTrigger,googleSheets,1.0
11202,email-archiver,emailReadImap,readWriteFile,1.0
11203,rss-alert,rssFeedTrigger,readWriteFile,0.5
11204,form-to-endpoint,webhook,httpRequest,1.0
11205,morning-metrics,scheduleTrigger,googleSheets,1.0
11206,email-archiver,emailReadImap,readWriteFile,1.0
11207,rss-alert,rssFeedTrigger,slack,1.0
11208,form-to-endpoint,webhook,httpRequest,1.0
11209,morning-metrics,scheduleTrigger,googleSheets,1.0
11210,email-archiver,emailReadImap,readWriteFile,1.0
11211,rss-alert,rssFeedTrigger,slack,1.0
11212,form-to-endpoint,webhook,httpRequest,1.0
11213,morning-metrics,scheduleTrigger,googleSheets,1.0
11214,email-archiver,emailReadImap,readWriteFile,1.0
11215,rss-alert,rssFeedTrigger,httpRequest,0.5
11216,form-to-endpoint,webhook,httpRequest,1.0
11217,morning-metrics,scheduleTrigger,googleSheets,1.0
11218,email-archiver,emailReadImap,readWriteFile,1.0
11219,rss-alert,rssFeedTrigger,readWriteFile,0.5
11220,form-to-endpoint,emailReadImap,httpRequest,0.5
11221,morning-metrics,scheduleTrigger,googleSheets,1.0
11222,email-archiver,emailReadImap,readWriteFile,1.0
11223,rss-alert,rssFeedTrigger,slack,1.0
11224,form-to-endpoint,webhook,httpRequest,1.0
11225,morning-metrics,scheduleTrigger,googleSheets,1.0
11226,email-archiver,emailReadImap,readWriteFile,1.0
11227,rss-alert,rssFeedTrigger,slack,1.0
11228,form-to-endpoint,webhook,httpRequest,1.0
11229,morning-metrics,scheduleTrigger,googleSheets,1.0
11230,email-archiver,emailReadImap,readWriteFile,1.0
11231,rss-alert,scheduleTrigger,slack,0.5
11232,form-to-endpoint,webhook,httpRequest,1.0
11233,morning-metrics,scheduleTrigger,googleSheets,1.0
11234,email-archiver,emailReadImap,readWriteFile,1.0
11235,rss-alert,rssFeedTrigger,slack,1.0
11236,form-to-endpoint,webhook,googleSheets,0.5
11237,morning-metrics,scheduleTrigger,googleSheets,1.0
11238,email-archiver,emailReadImap,readWriteFile,1.0
11239,rss-alert,rssFeedTrigger,googleSheets,0.5
11240,form-to-endpoint,webhook,httpRequest,1.0
11241,morning-metrics,scheduleTrigger,googleSheets,1.0
11242,email-archiver,emailReadImap,readWriteFile,1.0
11243,rss-alert,rssFeedTrigger,slack,1.0
11244,form-to-endpoint,webhook,httpRequest,1.0
11245,morning-metrics,scheduleTrigger,googleSheets,1.0
11246,email-archiver,emailReadImap,readWriteFile,1.0
11247,rss-alert,rssFeedTrigger,slack,1.0
11248,form-to-endpoint,webhook,httpRequest,1.0
11249,morning-metrics,scheduleTrigger,googleSheets,1.0
11250,email-archiver,emailReadImap,readWriteFile,1.0
11251,rss-alert,rssFeedTrigger,slack,1.0
11252,form-to-endpoint,webhook,httpRequest,1.0
11253,morning-metrics,scheduleTrigger,googleSheets,1.0
11254,email-archiver,emailReadImap,readWriteFile,1.0
11255,rss-alert,rssFeedTrigger,slack,1.0
11256,form-to-endpoint,webhook,httpRequest,1.0
11257,morning-metrics,scheduleTrigger,googleSheets,1.0
11258,email-archiver,emailReadImap,readWriteFile,1.0
11259,rss-alert,rssFeedTrigger,slack,1.0
11260,form-to-endpoint,webhook,httpRequest,1.0
11261,morning-metrics,scheduleTrigger,googleSheets,1.0
11262,email-archiver,emailReadImap,googleSheets,0.5
11263,rss-alert,rssFeedTrigger,slack,1.0
11264,form-to-endpoint,webhook,httpRequest,1.0
11265,morning-metrics,scheduleTrigger,googleSheets,1.0
11266,email-archiver,emailReadImap,readWriteFile,1.0
11267,rss-alert,rssFeedTrigger,slack,1.0
11268,form-to-endpoint,webhook,httpRequest,1.0
11269,morning-metrics,scheduleTrigger,googleSheets,1.0
11270,email-archiver,emailReadImap,readWriteFile,1.0
11271,rss-alert,rssFeedTrigger,slack,1.0
11272,form-to-endpoint,webhook,httpRequest,1.0
11273,morning-metrics,scheduleTrigger,googleSheets,1.0
11274,email-archiver,emailReadImap,readWriteFile,1.0
11275,rss-alert,rssFeedTrigger,slack,1.0
11276,form-to-endpoint,scheduleTrigger,httpRequest,0.5
11277,morning-metrics,scheduleTrigger,googleSheets,1.0
11278,email-archiver,emailReadImap,readWriteFile,1.0
11279,rss-alert,rssFeedTrigger,slack,1.0
11280,form-to-endpoint,webhook,httpRequest,1.0
11281,morning-metrics,scheduleTrigger,readWriteFile,0.5
11282,email-archiver,emailReadImap,readWriteFile,1.0
11283,rss-alert,rssFeedTrigger,slack,1.0
11284,form-to-endpoint,webhook,httpRequest,1.0
11285,morning-metrics,rssFeedTrigger,googleSheets,0.5
11286,email-archiver,emailReadImap,readWriteFile,1.0
11287,rss-alert,rssFeedTrigger,slack,1.0
11288,form-to-endpoint,webhook,httpRequest,1.0
11289,morning-metrics,scheduleTrigger,googleSheets,1.0
11290,email-archiver,emailReadImap,readWriteFile,1.0
11291,rss-alert,webhook,slack,0.5
11292,form-to-endpoint,webhook,httpRequest,1.0
11293,morning-metrics,scheduleTrigger,googleSheets,1.0
11294,email-archiver,emailReadImap,readWriteFile,1.0
11295,rss-alert,rssFeedTrigger,slack,1.0
11296,form-to-endpoint,webhook,httpRequest,1.0
11297,morning-metrics,scheduleTrigger,googleSheets,1.0
11298,email-archiver,emailReadImap,readWriteFile,1.0
11299,rss-alert,rssFeedTrigger,slack,1.0
11300,form-to-endpoint,webhook,httpRequest,1.0
11301,morning-metrics,scheduleTrigger,googleSheets,1.0
11302,email-archiver,emailReadImap,readWriteFile,1.0
11303,rss-alert,rssFeedTrigger,slack,1.0
11304,form-to-endpoint,webhook,httpRequest,1.0
11305,morning-metrics,scheduleTrigger,googleSheets,1.0
11306,email-archiver,emailReadImap,readWriteFile,1.0
11307,rss-alert,rssFeedTrigger,slack,1.0
11308,form-to-endpoint,webhook,httpRequest,1.0
11309,morning-metrics,scheduleTrigger,googleSheets,1.0
11310,email-archiver,emailReadImap,readWriteFile,1.0
11311,rss-alert,rssFeedTrigger,googleSheets,0.5
11312,form-to-endpoint,webhook,httpRequest,1.0
11313,morning-metrics,scheduleTrigger,googleSheets,1.0
11314,email-archiver,emailReadImap,slack,0.5
11315,rss-alert,rssFeedTrigger,slack,1.0
11316,form-to-endpoint,webhook,httpRequest,1.0
11317,morning-metrics,scheduleTrigger,googleSheets,1.0
11318,email-archiver,emailReadImap,readWriteFile,1.0
11319,rss-alert,rssFeedTrigger,googleSheets,0.5
11320,form-to-endpoint,webhook,httpRequest,1.0
11321,morning-metrics,scheduleTrigger,googleSheets,1.0
11322,email-archiver,emailReadImap,readWriteFile,1.0
11323,rss-alert,rssFeedTrigger,slack,1.0
11324,form-to-endpoint,webhook,httpRequest,1.0
11325,morning-metrics,scheduleTrigger,googleSheets,1.0
11326,email-archiver,webhook,readWriteFile,0.5
11327,rss-alert,scheduleTrigger,slack,0.5
11328,form-to-endpoint,webhook,readWriteFile,0.5
11329,morning-metrics,scheduleTrigger,googleSheets,1.0
11330,email-archiver,emailReadImap,readWriteFile,1.0
11331,rss-alert,rssFeedTrigger,slack,1.0
11332,form-to-endpoint,webhook,httpRequest,1.0
11333,morning-metrics,scheduleTrigger,googleSheets,1.0
11334,email-archiver,emailReadImap,slack,0.5
11335,rss-alert,rssFeedTrigger,slack,1.0
11336,form-to-endpoint,webhook,httpRequest,1.0
11337,morning-metrics,scheduleTrigger,googleSheets,1.0
11338,email-archiver,emailReadImap,readWriteFile,1.0
11339,rss-alert,rssFeedTrigger,slack,1.0
11340,form-to-endpoint,webhook,httpRequest,1.0
11341,morning-metrics,scheduleTrigger,googleSheets,1.0
11342,email-archiver,emailReadImap,readWriteFile,1.0
11343,rss-alert,scheduleTrigger,slack,0.5
11344,form-to-endpoint,webhook,httpRequest,1.0
11345,morning-metrics,scheduleTrigger,googleSheets,1.0
11346,email-archiver,emailReadImap,readWriteFile,1.0
11347,rss-alert,rssFeedTrigger,slack,1.0
11348,form-to-endpoint,webhook,httpRequest,1.0
11349,morning-metrics,scheduleTrigger,googleSheets,1.0
11350,email-archiver,emailReadImap,readWriteFile,1.0
11351,rss-alert,rssFeedTrigger,slack,1.0
11352,form-to-endpoint,webhook,httpRequest,1.0
11353,morning-metrics,scheduleTrigger,googleSheets,1.0
11354,email-archiver,emailReadImap,readWriteFile,1.0
11355,rss-alert,rssFeedTrigger,slack,1.0
11356,form-to-endpoint,webhook,readWriteFile,0.5
11357,morning-metrics,scheduleTrigger,googleSheets,1.0
11358,email-archiver,emailReadImap,readWriteFile,1.0
11359,rss-alert,rssFeedTrigger,slack,1.0
11360,form-to-endpoint,webhook,httpRequest,1.0
11361,morning-metrics,scheduleTrigger,googleSheets,1.0
11362,email-archiver,emailReadImap,readWriteFile,1.0
11363,rss-alert,rssFeedTrigger,slack,1.0
11364,form-to-endpoint,webhook,httpRequest,1.0
11365,morning-metrics,scheduleTrigger,googleSheets,1.0
11366,email-archiver,emailReadImap,readWriteFile,1.0
11367,rss-alert,rssFeedTrigger,slack,1.0
11368,form-to-endpoint,webhook,httpRequest,1.0
11369,morning-metrics,scheduleTrigger,googleSheets,1.0
11370,email-archiver,emailReadImap,readWriteFile,1.0
11371,rss-alert,rssFeedTrigger,slack,1.0
11372,form-to-endpoint,emailReadImap,httpRequest,0.5
11373,morning-metrics,scheduleTrigger,googleSheets,1.0
11374,email-archiver,emailReadImap,readWriteFile,1.0
11375,rss-alert,webhook,slack,0.5
11376,form-to-endpoint,webhook,httpRequest,1.0
11377,morning-metrics,scheduleTrigger,googleSheets,1.0
11378,email-archiver,emailReadImap,readWriteFile,1.0
11379,rss-alert,rssFeedTrigger,slack,1.0
11380,form-to-endpoint,webhook,httpRequest,1.0
11381,morning-metrics,scheduleTrigger,googleSheets,1.0
11382,email-archiver,emailReadImap,readWriteFile,1.0
11383,rss-alert,rssFeedTrigger,slack,1.0
11384,form-to-endpoint,webhook,httpRequest,1.0
11385,morning-metrics,scheduleTrigger,slack,0.5
11386,email-archiver,emailReadImap,readWriteFile,1.0
11387,rss-alert,rssFeedTrigger,slack,1.0
11388,form-to-endpoint,webhook,httpRequest,1.0
11389,morning-metrics,rssFeedTrigger,googleSheets,0.5
11390,email-archiver,emailReadImap,readWriteFile,1.0
11391,rss-alert,rssFeedTrigger,slack,1.0
11392,form-to-endpoint,webhook,readWriteFile,0.5
11393,morning-metrics,emailReadImap,googleSheets,0.5
11394,email-archiver,emailReadImap,readWriteFile,1.0
11395,rss-alert,rssFeedTrigger,slack,1.0
11396,form-to-endpoint,webhook,httpRequest,1.0
11397,morning-metrics,rssFeedTrigger,googleSheets,0.5
11398,email-archiver,emailReadImap,readWriteFile,1.0
11399,rss-alert,rssFeedTrigger,httpRequest,0.5
11400,form-to-endpoint,scheduleTrigger,httpRequest,0.5
11401,morning-metrics,scheduleTrigger,googleSheets,1.0
11402,email-archiver,emailReadImap,readWriteFile,1.0
11403,rss-alert,rssFeedTrigger,slack,1.0
11404,form-to-endpoint,webhook,httpRequest,1.0
11405,morning-metrics,scheduleTrigger,readWriteFile,0.5
11406,email-archiver,emailReadImap,readWriteFile,1.0
11407,rss-alert,rssFeedTrigger,slack,1.0
11408,form-to-endpoint,webhook,httpRequest,1.0
11409,morning-metrics,emailReadImap,googleSheets,0.5
11410,email-archiver,rssFeedTrigger,readWriteFile,0.5
11411,rss-alert,rssFeedTrigger,slack,1.0
11412,form-to-endpoint,webhook,httpRequest,1.0
11413,morning-metrics,scheduleTrigger,googleSheets,1.0
11414,email-archiver,emailReadImap,readWriteFile,1.0
11415,rss-alert,rssFeedTrigger,slack,1.0
11416,form-to-endpoint,webhook,httpRequest,1.0
11417,morning-metrics,scheduleTrigger,googleSheets,1.0
11418,email-archiver,webhook,readWriteFile,0.5
11419,rss-alert,rssFeedTrigger,slack,1.0
11420,form-to-endpoint,webhook,httpRequest,1.0
11421,morning-metrics,scheduleTrigger,slack,0.5
11422,email-archiver,emailReadImap,readWriteFile,1.0
11423,rss-alert,rssFeedTrigger,slack,1.0
11424,form-to-endpoint,webhook,httpRequest,1.0
11425,morning-metrics,scheduleTrigger,httpRequest,0.5
11426,email-archiver,emailReadImap,readWriteFile,1.0
11427,rss-alert,webhook,slack,0.5
11428,form-to-endpoint,webhook,httpRequest,1.0
11429,morning-metrics,scheduleTrigger,googleSheets,1.0
11430,email-archiver,emailReadImap,readWriteFile,1.0
11431,rss-alert,rssFeedTrigger,slack,1.0
11432,form-to-endpoint,webhook,httpRequest,1.0
11433,morning-metrics,scheduleTrigger,googleSheets,1.0
11434,email-archiver,emailReadImap,readWriteFile,1.0
11435,rss-alert,rssFeedTrigger,slack,1.0
11436,form-to-endpoint,webhook,httpRequest,1.0
11437,morning-metrics,scheduleTrigger,googleSheets,1.0
11438,email-archiver,emailReadImap,readWriteFile,1.0
11439,rss-alert,rssFeedTrigger,slack,1.0
11440,form-to-endpoint,webhook,httpRequest,1.0
11441,morning-metrics,scheduleTrigger,googleSheets,1.0
11442,email-archiver,emailReadImap,httpRequest,0.5
11443,rss-alert,rssFeedTrigger,slack,1.0
11444,form-to-endpoint,webhook,httpRequest,1.0
11445,morning-metrics,scheduleTrigger,googleSheets,1.0
11446,email-archiver,emailReadImap,readWriteFile,1.0
11447,rss-alert,rssFeedTrigger,slack,1.0
11448,form-to-endpoint,webhook,httpRequest,1.0
11449,morning-metrics,webhook,googleSheets,0.5
11450,email-archiver,scheduleTrigger,readWriteFile,0.5
11451,rss-alert,rssFeedTrigger,slack,1.0
11452,form-to-endpoint,emailReadImap,httpRequest,0.5
11453,morning-metrics,scheduleTrigger,googleSheets,1.0
11454,email-archiver,emailReadImap,readWriteFile,1.0
11455,rss-alert,rssFeedTrigger,slack,1.0
11456,form-to-endpoint,webhook,httpRequest,1.0
11457,morning-metrics,scheduleTrigger,googleSheets,1.0
11458,email-archiver,emailReadImap,readWriteFile,1.0
11459,rss-alert,rssFeedTrigger,slack,1.0
11460,form-to-endpoint,webhook,httpRequest,1.0
11461,morning-metrics,scheduleTrigger,slack,0.5
11462,email-archiver,emailReadImap,readWriteFile,1.0
11463,rss-alert,rssFeedTrigger,slack,1.0
11464,form-to-endpoint,webhook,httpRequest,1.0
11465,morning-metrics,scheduleTrigger,googleSheets,1.0
11466,email-archiver,emailReadImap,readWriteFile,1.0
11467,rss-alert,rssFeedTrigger,slack,1.0
11468,form-to-endpoint,webhook,httpRequest,1.0
11469,morning-metrics,scheduleTrigger,googleSheets,1.0
11470,email-archiver,emailReadImap,readWriteFile,1.0
11471,rss-alert,rssFeedTrigger,slack,1.0
11472,form-to-endpoint,webhook,httpRequest,1.0
11473,morning-metrics,scheduleTrigger,googleSheets,1.0
11474,email-archiver,emailReadImap,readWriteFile,1.0
11475,rss-alert,rssFeedTrigger,slack,1.0
11476,form-to-endpoint,webhook,httpRequest,1.0
11477,morning-metrics,scheduleTrigger,googleSheets,1.0
11478,email-archiver,emailReadImap,readWriteFile,1.0
11479,rss-alert,rssFeedTrigger,slack,1.0
11480,form-to-endpoint,webhook,httpRequest,1.0
11481,morning-metrics,scheduleTrigger,googleSheets,1.0
11482,email-archiver,emailReadImap,readWriteFile,1.0
11483,rss-alert,rssFeedTrigger,slack,1.0
11484,form-to-endpoint,webhook,httpRequest,1.0
11485,morning-metrics,scheduleTrigger,googleSheets,1.0
11486,email-archiver,emailReadImap,readWriteFile,1.0
11487,rss-alert,rssFeedTrigger,slack,1.0
11488,form-to-endpoint,webhook,httpRequest,1.0
11489,morning-metrics,scheduleTrigger,googleSheets,1.0
11490,email-archiver,emailReadImap,readWriteFile,1.0
11491,rss-alert,rssFeedTrigger,slack,1.0
11492,form-to-endpoint,webhook,httpRequest,1.0
11493,morning-metrics,scheduleTrigger,googleSheets,1.0
11494,email-archiver,emailReadImap,readWriteFile,1.0
11495,rss-alert,rssFeedTrigger,slack,1.0
11496,form-to-endpoint,webhook,httpRequest,1.0
11497,morning-metrics,scheduleTrigger,googleSheets,1.0
11498,email-archiver,emailReadImap,httpRequest,0.5
11499,rss-alert,rssFeedTrigger,slack,1.0
11500,form-to-endpoint,webhook,httpRequest,1.0
11501,morning-metrics,scheduleTrigger,googleSheets,1.0
11502,email-archiver,emailReadImap,readWriteFile,1.0
11503,rss-alert,rssFeedTrigger,slack,1.0
11504,form-to-endpoint,emailReadImap,httpRequest,0.5
11505,morning-metrics,scheduleTrigger,googleSheets,1.0
11506,email-archiver,emailReadImap,readWriteFile,1.0
11507,rss-alert,rssFeedTrigger,slack,1.0
11508,form-to-endpoint,webhook,httpRequest,1.0
11509,morning-metrics,scheduleTrigger,googleSheets,1.0
11510,email-archiver,emailReadImap,readWriteFile,1.0
11511,rss-alert,rssFeedTrigger,slack,1.0
11512,form-to-endpoint,webhook,httpRequest,1.0
11513,morning-metrics,scheduleTrigger,googleSheets,1.0
11514,email-archiver,emailReadImap,readWriteFile,1.0
11515,rss-alert,rssFeedTrigger,slack,1.0
11516,form-to-endpoint,webhook,httpRequest,1.0
11517,morning-metrics,scheduleTrigger,httpRequest,0.5
11518,email-archiver,emailReadImap,readWriteFile,1.0
11519,rss-alert,rssFeedTrigger,slack,1.0
11520,form-to-endpoint,webhook,httpRequest,1.0
11521,morning-metrics,scheduleTrigger,googleSheets,1.0
11522,email-archiver,emailReadImap,readWriteFile,1.0
11523,rss-alert,rssFeedTrigger,slack,1.0
11524,form-to-endpoint,webhook,httpRequest,1.0
11525,morning-metrics,scheduleTrigger,googleSheets,1.0
11526,email-archiver,emailReadImap,readWriteFile,1.0
11527,rss-alert,rssFeedTrigger,slack,1.0
11528,form-to-endpoint,webhook,httpRequest,1.0
11529,morning-metrics,scheduleTrigger,httpRequest,0.5
11530,email-archiver,emailReadImap,readWriteFile,1.0
11531,rss-alert,rssFeedTrigger,slack,1.0
11532,form-to-endpoint,webhook,httpRequest,1.0
11533,morning-metrics,scheduleTrigger,googleSheets,1.0
11534,email-archiver,emailReadImap,readWriteFile,1.0
11535,rss-alert,rssFeedTrigger,slack,1.0
11536,form-to-endpoint,webhook,slack,0.5
11537,morning-metrics,scheduleTrigger,googleSheets,1.0
11538,email-archiver,emailReadImap,readWriteFile,1.0
11539,rss-alert,rssFeedTrigger,slack,1.0
11540,form-to-endpoint,webhook,httpRequest,1.0
11541,morning-metrics,scheduleTrigger,googleSheets,1.0
11542,email-archiver,emailReadImap,readWriteFile,1.0
11543,rss-alert,rssFeedTrigger,slack,1.0
11544,form-to-endpoint,webhook,httpRequest,1.0
11545,morning-metrics,scheduleTrigger,googleSheets,1.0
11546,email-archiver,emailReadImap,slack,0.5
11547,rss-alert,rssFeedTrigger,slack,1.0
11548,form-to-endpoint,webhook,httpRequest,1.0
11549,morning-metrics,scheduleTrigger,googleSheets,1.0
11550,email-archiver,emailReadImap,readWriteFile,1.0
11551,rss-alert,rssFeedTrigger,slack,1.0
11552,form-to-endpoint,scheduleTrigger,httpRequest,0.5
11553,morning-metrics,scheduleTrigger,googleSheets,1.0
11554,email-archiver,emailReadImap,readWriteFile,1.0
11555,rss-alert,rssFeedTrigger,slack,1.0
11556,form-to-endpoint,webhook,slack,0.5
11557,morning-metrics,scheduleTrigger,googleSheets,1.0
11558,email-archiver,emailReadImap,readWriteFile,1.0
11559,rss-alert,rssFeedTrigger,slack,1.0
11560,form-to-endpoint,scheduleTrigger,httpRequest,0.5
11561,morning-metrics,scheduleTrigger,readWriteFile,0.5
11562,email-archiver,emailReadImap,readWriteFile,1.0
11563,rss-alert,rssFeedTrigger,slack,1.0
11564,form-to-endpoint,webhook,httpRequest,1.0
11565,morning-metrics,scheduleTrigger,googleSheets,1.0
11566,email-archiver,emailReadImap,readWriteFile,1.0
11567,rss-alert,rssFeedTrigger,slack,1.0
11568,form-to-endpoint,rssFeedTrigger,httpRequest,0.5
11569,morning-metrics,scheduleTrigger,googleSheets,1.0
11570,email-archiver,emailReadImap,readWriteFile,1.0
11571,rss-alert,rssFeedTrigger,slack,1.0
11572,form-to-endpoint,webhook,googleSheets,0.5
11573,morning-metrics,scheduleTrigger,googleSheets,1.0
11574,email-archiver,emailReadImap,readWriteFile,1.0
11575,rss-alert,rssFeedTrigger,slack,1.0
11576,form-to-endpoint,webhook,httpRequest,1.0
11577,morning-metrics,scheduleTrigger,googleSheets,1.0
11578,email-archiver,emailReadImap,readWriteFile,1.0
11579,rss-alert,rssFeedTrigger,slack,1.0
11580,form-to-endpoint,webhook,httpRequest,1.0
11581,morning-metrics,scheduleTrigger,googleSheets,1.0
11582,email-archiver,emailReadImap,readWriteFile,1.0
11583,rss-alert,rssFeedTrigger,slack,1.0
11584,form-to-endpoint,webhook,httpRequest,1.0
11585,morning-metrics,scheduleTrigger,googleSheets,1.0
11586,email-archiver,emailReadImap,readWriteFile,1.0
11587,rss-alert,rssFeedTrigger,slack,1.0
11588,form-to-endpoint,webhook,httpRequest,1.0
11589,morning-metrics,scheduleTrigger,googleSheets,1.0
11590,email-archiver,webhook,readWriteFile,0.5
11591,rss-alert,scheduleTrigger,slack,0.5
11592,form-to-endpoint,webhook,httpRequest,1.0
11593,morning-metrics,scheduleTrigger,googleSheets,1.0
11594,email-archiver,rssFeedTrigger,readWriteFile,0.5
11595,rss-alert,rssFeedTrigger,slack,1.0
11596,form-to-endpoint,webhook,httpRequest,1.0
11597,morning-metrics,scheduleTrigger,googleSheets,1.0
11598,email-archiver,emailReadImap,slack,0.5
11599,rss-alert,rssFeedTrigger,slack,1.0
11600,form-to-endpoint,webhook,httpRequest,1.0
11601,morning-metrics,scheduleTrigger,googleSheets,1.0
11602,email-archiver,emailReadImap,readWriteFile,1.0
11603,rss-alert,rssFeedTrigger,httpRequest,0.5
11604,form-to-endpoint,webhook,httpRequest,1.0
11605,morning-metrics,scheduleTrigger,readWriteFile,0.5
11606,email-archiver,emailReadImap,readWriteFile,1.0
11607,rss-alert,webhook,slack,0.5
11608,form-to-endpoint,webhook,httpRequest,1.0
11609,morning-metrics,scheduleTrigger,googleSheets,1.0
11610,email-archiver,emailReadImap,readWriteFile,1.0
11611,rss-alert,rssFeedTrigger,slack,1.0
11612,form-to-endpoint,webhook,httpRequest,1.0
11613,morning-metrics,scheduleTrigger,googleSheets,1.0
11614,email-archiver,emailReadImap,readWriteFile,1.0
11615,rss-alert,rssFeedTrigger,slack,1.0
11616,form-to-endpoint,webhook,httpRequest,1.0
11617,morning-metrics,scheduleTrigger,googleSheets,1.0
11618,email-archiver,scheduleTrigger,readWriteFile,0.5
11619,rss-alert,emailReadImap,slack,0.5
11620,form-to-endpoint,webhook,httpRequest,1.0
11621,morning-metrics,scheduleTrigger,googleSheets,1.0
11622,email-archiver,emailReadImap,googleSheets,0.5
11623,rss-alert,rssFeedTrigger,slack,1.0
11624,form-to-endpoint,webhook,httpRequest,1.0
11625,morning-metrics,scheduleTrigger,googleSheets,1.0
11626,email-archiver,emailReadImap,readWriteFile,1.0
11627,rss-alert,rssFeedTrigger,slack,1.0
11628,form-to-endpoint,webhook,httpRequest,1.0
11629,morning-metrics,scheduleTrigger,googleSheets,1.0
11630,email-archiver,emailReadImap,readWriteFile,1.0
11631,rss-alert,rssFeedTrigger,slack,1.0
11632,form-to-endpoint,webhook,httpRequest,1.0
11633,morning-metrics,scheduleTrigger,googleSheets,1.0
11634,email-archiver,emailReadImap,readWriteFile,1.0
11635,rss-alert,rssFeedTrigger,slack,1.0
11636,form-to-endpoint,webhook,httpRequest,1.0
11637,morning-metrics,scheduleTrigger,googleSheets,1.0
11638,email-archiver,emailReadImap,readWriteFile,1.0
11639,rss-alert,rssFeedTrigger,slack,1.0
11640,form-to-endpoint,webhook,httpRequest,1.0
11641,morning-metrics,webhook,googleSheets,0.5
11642,email-archiver,emailReadImap,readWriteFile,1.0
11643,rss-alert,rssFeedTrigger,slack,1.0
11644,form-to-endpoint,webhook,httpRequest,1.0
11645,morning-metrics,webhook,googleSheets,0.5
11646,email-archiver,emailReadImap,readWriteFile,1.0
11647,rss-alert,rssFeedTrigger,slack,1.0
11648,form-to-endpoint,webhook,httpRequest,1.0
11649,morning-metrics,scheduleTrigger,googleSheets,1.0
11650,email-archiver,emailReadImap,readWriteFile,1.0
11651,rss-alert,rssFeedTrigger,slack,1.0
11652,form-to-endpoint,webhook,httpRequest,1.0
11653,morning-metrics,scheduleTrigger,googleSheets,1.0
11654,email-archiver,emailReadImap,readWriteFile,1.0
11655,rss-alert,rssFeedTrigger,httpRequest,0.5
11656,form-to-endpoint,rssFeedTrigger,httpRequest,0.5
11657,morning-metrics,scheduleTrigger,googleSheets,1.0
11658,email-archiver,emailReadImap,readWriteFile,1.0
11659,rss-alert,rssFeedTrigger,slack,1.0
11660,form-to-endpoint,emailReadImap,httpRequest,0.5
11661,morning-metrics,scheduleTrigger,googleSheets,1.0
11662,email-archiver,emailReadImap,readWriteFile,1.0
11663,rss-alert,rssFeedTrigger,slack,1.0
11664,form-to-endpoint,webhook,httpRequest,1.0
11665,morning-metrics,scheduleTrigger,googleSheets,1.0
11666,email-archiver,scheduleTrigger,readWriteFile,0.5
11667,rss-alert,rssFeedTrigger,slack,1.0
11668,form-to-endpoint,webhook,httpRequest,1.0
11669,morning-metrics,scheduleTrigger,googleSheets,1.0
11670,email-archiver,emailReadImap,readWriteFile,1.0
11671,rss-alert,rssFeedTrigger,slack,1.0
11672,form-to-endpoint,webhook,httpRequest,1.0
11673,morning-metrics,emailReadImap,googleSheets,0.5
11674,email-archiver,emailReadImap,readWriteFile,1.0
11675,rss-alert,rssFeedTrigger,slack,1.0
11676,form-to-endpoint,webhook,httpRequest,1.0
11677,morning-metrics,emailReadImap,googleSheets,0.5
11678,email-archiver,emailReadImap,readWriteFile,1.0
11679,rss-alert,webhook,slack,0.5
11680,form-to-endpoint,webhook,httpRequest,1.0
11681,morning-metrics,scheduleTrigger,googleSheets,1.0
11682,email-archiver,emailReadImap,readWriteFile,1.0
11683,rss-alert,emailReadImap,slack,0.5
11684,form-to-endpoint,webhook,httpRequest,1.0
11685,morning-metrics,scheduleTrigger,googleSheets,1.0
11686,email-archiver,emailReadImap,readWriteFile,1.0
11687,rss-alert,rssFeedTrigger,slack,1.0
11688,form-to-endpoint,webhook,httpRequest,1.0
11689,morning-metrics,scheduleTrigger,googleSheets,1.0
11690,email-archiver,emailReadImap,readWriteFile,1.0
11691,rss-alert,rssFeedTrigger,slack,1.0
11692,form-to-endpoint,webhook,httpRequest,1.0
11693,morning-metrics,scheduleTrigger,googleSheets,1.0
11694,email-archiver,rssFeedTrigger,readWriteFile,0.5
11695,rss-alert,rssFeedTrigger,slack,1.0
11696,form-to-endpoint,webhook,httpRequest,1.0
11697,morning-metrics,scheduleTrigger,googleSheets,1.0
11698,email-archiver,emailReadImap,readWriteFile,1.0
11699,rss-alert,scheduleTrigger,slack,0.5
11700,form-to-endpoint,webhook,httpRequest,1.0
11701,morning-metrics,rssFeedTrigger,googleSheets,0.5
11702,email-archiver,emailReadImap,readWriteFile,1.0
11703,rss-alert,emailReadImap,slack,0.5
11704,form-to-endpoint,webhook,httpRequest,1.0
11705,morning-metrics,scheduleTrigger,googleSheets,1.0
11706,email-archiver,emailReadImap,readWriteFile,1.0
11707,rss-alert,rssFeedTrigger,slack,1.0
11708,form-to-endpoint,webhook,httpRequest,1.0
11709,morning-metrics,scheduleTrigger,googleSheets,1.0
11710,email-archiver,emailReadImap,readWriteFile,1.0
11711,rss-alert,rssFeedTrigger,slack,1.0
11712,form-to-endpoint,webhook,httpRequest,1.0
11713,morning-metrics,scheduleTrigger,googleSheets,1.0
11714,email-archiver,emailReadImap,readWriteFile,1.0
11715,rss-alert,rssFeedTrigger,slack,1.0
11716,form-to-endpoint,webhook,httpRequest,1.0
11717,morning-metrics,scheduleTrigger,googleSheets,1.0
11718,email-archiver,emailReadImap,readWriteFile,1.0
11719,rss-alert,rssFeedTrigger,slack,1.0
11720,form-to-endpoint,rssFeedTrigger,httpRequest,0.5
11721,morning-metrics,scheduleTrigger,slack,0.5
11722,email-archiver,webhook,slack,0.0
11723,rss-alert,rssFeedTrigger,slack,1.0
11724,form-to-endpoint,webhook,httpRequest,1.0
11725,morning-metrics,scheduleTrigger,readWriteFile,0.5
11726,email-archiver,emailReadImap,readWriteFile,1.0
11727,rss-alert,rssFeedTrigger,slack,1.0
11728,form-to-endpoint,webhook,httpRequest,1.0
11729,morning-metrics,scheduleTrigger,googleSheets,1.0
11730,email-archiver,emailReadImap,readWriteFile,1.0
11731,rss-alert,rssFeedTrigger,slack,1.0
11732,form-to-endpoint,webhook,httpRequest,1.0
11733,morning-metrics,scheduleTrigger,httpRequest,0.5
11734,email-archiver,emailReadImap,readWriteFile,1.0
11735,rss-alert,scheduleTrigger,slack,0.5
11736,form-to-endpoint,webhook,httpRequest,1.0
11737,morning-metrics,scheduleTrigger,googleSheets,1.0
11738,email-archiver,emailReadImap,readWriteFile,1.0
11739,rss-alert,rssFeedTrigger,slack,1.0
11740,form-to-endpoint,webhook,httpRequest,1.0
11741,morning-metrics,scheduleTrigger,googleSheets,1.0
11742,email-archiver,emailReadImap,readWriteFile,1.0
11743,rss-alert,rssFeedTrigger,slack,1.0
11744,form-to-endpoint,webhook,httpRequest,1.0
11745,morning-metrics,scheduleTrigger,googleSheets,1.0
11746,email-archiver,emailReadImap,slack,0.5
11747,rss-alert,rssFeedTrigger,slack,1.0
11748,form-to-endpoint,emailReadImap,httpRequest,0.5
11749,morning-metrics,scheduleTrigger,googleSheets,1.0
11750,email-archiver,scheduleTrigger,readWriteFile,0.5
11751,rss-alert,rssFeedTrigger,slack,1.0
11752,form-to-endpoint,webhook,httpRequest,1.0
11753,morning-metrics,scheduleTrigger,googleSheets,1.0
11754,email-archiver,webhook,googleSheets,0.0
11755,rss-alert,rssFeedTrigger,slack,1.0
11756,form-to-endpoint,webhook,httpRequest,1.0
11757,morning-metrics,scheduleTrigger,googleSheets,1.0
11758,email-archiver,emailReadImap,readWriteFile,1.0
11759,rss-alert,rssFeedTrigger,slack,1.0
11760,form-to-endpoint,webhook,slack,0.5
11761,morning-metrics,scheduleTrigger,googleSheets,1.0
11762,email-archiver,emailReadImap,readWriteFile,1.0
11763,rss-alert,rssFeedTrigger,slack,1.0
11764,form-to-endpoint,webhook,httpRequest,1.0
11765,morning-metrics,scheduleTrigger,googleSheets,1.0
11766,email-archiver,emailReadImap,readWriteFile,1.0
11767,rss-alert,rssFeedTrigger,slack,1.0
11768,form-to-endpoint,webhook,httpRequest,1.0
11769,morning-metrics,webhook,readWriteFile,0.0
11770,email-archiver,emailReadImap,readWriteFile,1.0
11771,rss-alert,rssFeedTrigger,slack,1.0
11772,form-to-endpoint,webhook,httpRequest,1.0
11773,morning-metrics,scheduleTrigger,googleSheets,1.0
11774,email-archiver,emailReadImap,readWriteFile,1.0
11775,rss-alert,rssFeedTrigger,slack,1.0
11776,form-to-endpoint,webhook,readWriteFile,0.5
11777,morning-metrics,scheduleTrigger,googleSheets,1.0
11778,email-archiver,emailReadImap,readWriteFile,1.0
11779,rss-alert,rssFeedTrigger,slack,1.0
11780,form-to-endpoint,webhook,httpRequest,1.0
11781,morning-metrics,scheduleTrigger,googleSheets,1.0
11782,email-archiver,emailReadImap,readWriteFile,1.0
11783,rss-alert,rssFeedTrigger,slack,1.0
11784,form-to-endpoint,rssFeedTrigger,httpRequest,0.5
11785,morning-metrics,scheduleTrigger,googleSheets,1.0
11786,email-archiver,emailReadImap,readWriteFile,1.0
11787,rss-alert,rssFeedTrigger,slack,1.0
11788,form-to-endpoint,webhook,httpRequest,1.0
11789,morning-metrics,scheduleTrigger,googleSheets,1.0
11790,email-archiver,emailReadImap,readWriteFile,1.0
11791,rss-alert,rssFeedTrigger,slack,1.0
11792,form-to-endpoint,webhook,httpRequest,1.0
11793,morning-metrics,scheduleTrigger,googleSheets,1.0
11794,email-archiver,scheduleTrigger,readWriteFile,0.5
11795,rss-alert,rssFeedTrigger,readWriteFile,0.5
11796,form-to-endpoint,webhook,httpRequest,1.0
11797,morning-metrics,scheduleTrigger,googleSheets,1.0
11798,email-archiver,emailReadImap,readWriteFile,1.0
11799,rss-alert,emailReadImap,slack,0.5
11800,form-to-endpoint,webhook,httpRequest,1.0
11801,morning-metrics,scheduleTrigger,googleSheets,1.0
11802,email-archiver,emailReadImap,readWriteFile,1.0
11803,rss-alert,rssFeedTrigger,slack,1.0
11804,form-to-endpoint,webhook,httpRequest,1.0
11805,morning-metrics,scheduleTrigger,readWriteFile,0.5
11806,email-archiver,emailReadImap,readWriteFile,1.0
11807,rss-alert,rssFeedTrigger,slack,1.0
11808,form-to-endpoint,webhook,httpRequest,1.0
11809,morning-metrics,scheduleTrigger,googleSheets,1.0
11810,email-archiver,emailReadImap,readWriteFile,1.0
11811,rss-alert,rssFeedTrigger,slack,1.0
11812,form-to-endpoint,webhook,httpRequest,1.0
11813,morning-metrics,scheduleTrigger,googleSheets,1.0
11814,email-archiver,emailReadImap,readWriteFile,1.0
11815,rss-alert,rssFeedTrigger,slack,1.0
11816,form-to-endpoint,webhook,httpRequest,1.0
11817,morning-metrics,scheduleTrigger,googleSheets,1.0
11818,email-archiver,emailReadImap,readWriteFile,1.0
11819,rss-alert,rssFeedTrigger,slack,1.0
11820,form-to-endpoint,webhook,httpRequest,1.0
11821,morning-metrics,scheduleTrigger,slack,0.5
11822,email-archiver,emailReadImap,readWriteFile,1.0
11823,rss-alert,scheduleTrigger,slack,0.5
11824,form-to-endpoint,webhook,httpRequest,1.0
11825,morning-metrics,scheduleTrigger,googleSheets,1.0
11826,email-archiver,emailReadImap,readWriteFile,1.0
11827,rss-alert,rssFeedTrigger,googleSheets,0.5
11828,form-to-endpoint,webhook,httpRequest,1.0
11829,morning-metrics,scheduleTrigger,googleSheets,1.0
11830,email-archiver,emailReadImap,readWriteFile,1.0
11831,rss-alert,rssFeedTrigger,slack,1.0
11832,form-to-endpoint,webhook,slack,0.5
11833,morning-metrics,scheduleTrigger,googleSheets,1.0
11834,email-archiver,emailReadImap,readWriteFile,1.0
11835,rss-alert,rssFeedTrigger,slack,1.0
11836,form-to-endpoint,webhook,httpRequest,1.0
11837,morning-metrics,scheduleTrigger,googleSheets,1.0
11838,email-archiver,emailReadImap,readWriteFile,1.0
11839,rss-alert,rssFeedTrigger,slack,1.0
11840,form-to-endpoint,webhook,httpRequest,1.0
11841,morning-metrics,scheduleTrigger,googleSheets,1.0
11842,email-archiver,emailReadImap,readWriteFile,1.0
11843,rss-alert,rssFeedTrigger,slack,1.0
11844,form-to-endpoint,webhook,httpRequest,1.0
11845,morning-metrics,scheduleTrigger,googleSheets,1.0
11846,email-archiver,emailReadImap,readWriteFile,1.0
11847,rss-alert,rssFeedTrigger,slack,1.0
11848,form-to-endpoint,webhook,httpRequest,1.0
11849,morning-metrics,scheduleTrigger,googleSheets,1.0
11850,email-archiver,emailReadImap,readWriteFile,1.0
11851,rss-alert,rssFeedTrigger,slack,1.0
11852,form-to-endpoint,webhook,httpRequest,1.0
11853,morning-metrics,scheduleTrigger,httpRequest,0.5
11854,email-archiver,emailReadImap,readWriteFile,1.0
11855,rss-alert,rssFeedTrigger,slack,1.0
11856,form-to-endpoint,webhook,httpRequest,1.0
11857,morning-metrics,scheduleTrigger,googleSheets,1.0
11858,email-archiver,webhook,readWriteFile,0.5
11859,rss-alert,rssFeedTrigger,slack,1.0
11860,form-to-endpoint,webhook,httpRequest,1.0
11861,morning-metrics,scheduleTrigger,googleSheets,1.0
11862,email-archiver,emailReadImap,readWriteFile,1.0
11863,rss-alert,webhook,slack,0.5
11864,form-to-endpoint,webhook,httpRequest,1.0
11865,morning-metrics,scheduleTrigger,googleSheets,1.0
11866,email-archiver,emailReadImap,readWriteFile,1.0
11867,rss-alert,rssFeedTrigger,slack,1.0
11868,form-to-endpoint,webhook,httpRequest,1.0
11869,morning-metrics,scheduleTrigger,googleSheets,1.0
11870,email-archiver,emailReadImap,readWriteFile,1.0
11871,rss-alert,rssFeedTrigger,slack,1.0
11872,form-to-endpoint,webhook,httpRequest,1.0
11873,morning-metrics,scheduleTrigger,googleSheets,1.0
11874,email-archiver,emailReadImap,readWriteFile,1.0
11875,rss-alert,rssFeedTrigger,slack,1.0
11876,form-to-endpoint,webhook,httpRequest,1.0
11877,morning-metrics,scheduleTrigger,googleSheets,1.0
11878,email-archiver,emailReadImap,readWriteFile,1.0
11879,rss-alert,rssFeedTrigger,slack,1.0
11880,form-to-endpoint,webhook,httpRequest,1.0
11881,morning-metrics,scheduleTrigger,googleSheets,1.0
11882,email-archiver,emailReadImap,readWriteFile,1.0
11883,rss-alert,rssFeedTrigger,slack,1.0
11884,form-to-endpoint,webhook,slack,0.5
11885,morning-metrics,scheduleTrigger,slack,0.5
11886,email-archiver,emailReadImap,readWriteFile,1.0
11887,rss-alert,rssFeedTrigger,slack,1.0
11888,form-to-endpoint,emailReadImap,httpRequest,0.5
11889,morning-metrics,scheduleTrigger,googleSheets,1.0
11890,email-archiver,emailReadImap,httpRequest,0.5
11891,rss-alert,rssFeedTrigger,slack,1.0
11892,form-to-endpoint,webhook,httpRequest,1.0
11893,morning-metrics,scheduleTrigger,googleSheets,1.0
11894,email-archiver,emailReadImap,readWriteFile,1.0
11895,rss-alert,rssFeedTrigger,slack,1.0
11896,form-to-endpoint,webhook,httpRequest,1.0
11897,morning-metrics,scheduleTrigger,googleSheets,1.0
11898,email-archiver,scheduleTrigger,readWriteFile,0.5
11899,rss-alert,rssFeedTrigger,slack,1.0
11900,form-to-endpoint,webhook,httpRequest,1.0
11901,morning-metrics,scheduleTrigger,googleSheets,1.0
11902,email-archiver,emailReadImap,readWriteFile,1.0
11903,rss-alert,rssFeedTrigger,googleSheets,0.5
11904,form-to-endpoint,scheduleTrigger,httpRequest,0.5
11905,morning-metrics,scheduleTrigger,googleSheets,1.0
11906,email-archiver,emailReadImap,readWriteFile,1.0
11907,rss-alert,rssFeedTrigger,slack,1.0
11908,form-to-endpoint,webhook,httpRequest,1.0
11909,morning-metrics,scheduleTrigger,googleSheets,1.0
11910,email-archiver,emailReadImap,readWriteFile,1.0
11911,rss-alert,rssFeedTrigger,slack,1.0
11912,form-to-endpoint,webhook,httpRequest,1.0
11913,morning-metrics,scheduleTrigger,googleSheets,1.0
11914,email-archiver,emailReadImap,readWriteFile,1.0
11915,rss-alert,rssFeedTrigger,slack,1.0
11916,form-to-endpoint,webhook,googleSheets,0.5
11917,morning-metrics,scheduleTrigger,googleSheets,1.0
11918,email-archiver,emailReadImap,readWriteFile,1.0
11919,rss-alert,rssFeedTrigger,googleSheets,0.5
11920,form-to-endpoint,webhook,httpRequest,1.0
11921,morning-metrics,scheduleTrigger,googleSheets,1.0
11922,email-archiver,webhook,httpRequest,0.0
11923,rss-alert,rssFeedTrigger,slack,1.0
11924,form-to-endpoint,webhook,httpRequest,1.0
11925,morning-metrics,rssFeedTrigger,googleSheets,0.5
11926,email-archiver,emailReadImap,readWriteFile,1.0
11927,rss-alert,rssFeedTrigger,slack,1.0
11928,form-to-endpoint,webhook,httpRequest,1.0
11929,morning-metrics,scheduleTrigger,googleSheets,1.0
11930,email-archiver,emailReadImap,readWriteFile,1.0
11931,rss-alert,rssFeedTrigger,slack,1.0
11932,form-to-endpoint,webhook,httpRequest,1.0
11933,morning-metrics,scheduleTrigger,googleSheets,1.0
11934,email-archiver,emailReadImap,readWriteFile,1.0
11935,rss-alert,rssFeedTrigger,slack,1.0
11936,form-to-endpoint,webhook,httpRequest,1.0
11937,morning-metrics,scheduleTrigger,googleSheets,1.0
11938,email-archiver,emailReadImap,readWriteFile,1.0
11939,rss-alert,rssFeedTrigger,slack,1.0
11940,form-to-endpoint,webhook,httpRequest,1.0
11941,morning-metrics,scheduleTrigger,googleSheets,1.0
11942,email-archiver,emailReadImap,readWriteFile,1.0
11943,rss-alert,rssFeedTrigger,slack,1.0
11944,form-to-endpoint,webhook,httpRequest,1.0
11945,morning-metrics,scheduleTrigger,googleSheets,1.0
11946,email-archiver,emailReadImap,readWriteFile,1.0
11947,rss-alert,rssFeedTrigger,slack,1.0
11948,form-to-endpoint,webhook,httpRequest,1.0
11949,morning-metrics,scheduleTrigger,googleSheets,1.0
11950,email-archiver,emailReadImap,readWriteFile,1.0
11951,rss-alert,rssFeedTrigger,slack,1.0
11952,form-to-endpoint,webhook,httpRequest,1.0
11953,morning-metrics,scheduleTrigger,googleSheets,1.0
11954,email-archiver,emailReadImap,readWriteFile,1.0
11955,rss-alert,rssFeedTrigger,slack,1.0
11956,form-to-endpoint,webhook,httpRequest,1.0
11957,morning-metrics,scheduleTrigger,googleSheets,1.0
11958,email-archiver,emailReadImap,readWriteFile,1.0
11959,rss-alert,rssFeedTrigger,slack,1.0
11960,form-to-endpoint,webhook,httpRequest,1.0
11961,morning-metrics,scheduleTrigger,googleSheets,1.0
11962,email-archiver,emailReadImap,readWriteFile,1.0
11963,rss-alert,rssFeedTrigger,slack,1.0
11964,form-to-endpoint,webhook,httpRequest,1.0
11965,morning-metrics,scheduleTrigger,googleSheets,1.0
11966,email-archiver,emailReadImap,readWriteFile,1.0
11967,rss-alert,rssFeedTrigger,slack,1.0
11968,form-to-endpoint,webhook,httpRequest,1.0
11969,morning-metrics,scheduleTrigger,googleSheets,1.0
11970,email-archiver,emailReadImap,readWriteFile,1.0
11971,rss-alert,rssFeedTrigger,slack,1.0
11972,form-to-endpoint,webhook,httpRequest,1.0
11973,morning-metrics,scheduleTrigger,googleSheets,1.0
11974,email-archiver,emailReadImap,readWriteFile,1.0
11975,rss-alert,rssFeedTrigger,slack,1.0
11976,form-to-endpoint,webhook,httpRequest,1.0
11977,morning-metrics,scheduleTrigger,googleSheets,1.0
11978,email-archiver,emailReadImap,readWriteFile,1.0
11979,rss-alert,rssFeedTrigger,slack,1.0
11980,form-to-endpoint,webhook,httpRequest,1.0
11981,morning-metrics,scheduleTrigger,googleSheets,1.0
11982,email-archiver,emailReadImap,readWriteFile,1.0
11983,rss-alert,rssFeedTrigger,slack,1.0
11984,form-to-endpoint,webhook,httpRequest,1.0
11985,morning-metrics,scheduleTrigger,googleSheets,1.0
11986,email-archiver,emailReadImap,readWriteFile,1.0
11987,rss-alert,rssFeedTrigger,slack,1.0
11988,form-to-endpoint,webhook,googleSheets,0.5
11989,morning-metrics,scheduleTrigger,googleSheets,1.0
11990,email-archiver,emailReadImap,readWriteFile,1.0
11991,rss-alert,rssFeedTrigger,slack,1.0
11992,form-to-endpoint,webhook,httpRequest,1.0
11993,morning-metrics,scheduleTrigger,googleSheets,1.0
11994,email-archiver,emailReadImap,readWriteFile,1.0
11995,rss-alert,rssFeedTrigger,slack,1.0
11996,form-to-endpoint,webhook,httpRequest,1.0
11997,morning-metrics,scheduleTrigger,googleSheets,1.0
11998,email-archiver,emailReadImap,readWriteFile,1.0
11999,rss-alert,rssFeedTrigger,slack,1.0
12000,form-to-endpoint,webhook,httpRequest,1.0
12001,morning-metrics,scheduleTrigger,googleSheets,1.0
12002,email-archiver,emailReadImap,readWriteFile,1.0
12003,rss-alert,rssFeedTrigger,slack,1.0
12004,form-to-endpoint,webhook,httpRequest,1.0
12005,morning-metrics,scheduleTrigger,googleSheets,1.0
12006,email-archiver,webhook,readWriteFile,0.5
12007,rss-alert,rssFeedTrigger,readWriteFile,0.5
12008,form-to-endpoint,scheduleTrigger,httpRequest,0.5
12009,morning-metrics,scheduleTrigger,googleSheets,1.0
12010,email-archiver,emailReadImap,readWriteFile,1.0
12011,rss-alert,rssFeedTrigger,slack,1.0
12012,form-to-endpoint,webhook,httpRequest,1.0
12013,morning-metrics,scheduleTrigger,googleSheets,1.0
12014,email-archiver,emailReadImap,readWriteFile,1.0
12015,rss-alert,rssFeedTrigger,slack,1.0
12016,form-to-endpoint,webhook,httpRequest,1.0
12017,morning-metrics,scheduleTrigger,googleSheets,1.0
12018,email-archiver,emailReadImap,readWriteFile,1.0
12019,rss-alert,rssFeedTrigger,slack,1.0
12020,form-to-endpoint,webhook,httpRequest,1.0
12021,morning-metrics,scheduleTrigger,readWriteFile,0.5
12022,email-archiver,emailReadImap,readWriteFile,1.0
12023,rss-alert,rssFeedTrigger,slack,1.0
12024,form-to-endpoint,webhook,httpRequest,1.0
12025,morning-metrics,scheduleTrigger,googleSheets,1.0
12026,email-archiver,emailReadImap,readWriteFile,1.0
12027,rss-alert,rssFeedTrigger,slack,1.0
12028,form-to-endpoint,webhook,httpRequest,1.0
12029,morning-metrics,scheduleTrigger,googleSheets,1.0
12030,email-archiver,emailReadImap,readWriteFile,1.0
12031,rss-alert,rssFeedTrigger,slack,1.0
12032,form-to-endpoint,webhook,httpRequest,1.0
12033,morning-metrics,scheduleTrigger,googleSheets,1.0
12034,email-archiver,emailReadImap,readWriteFile,1.0
12035,rss-alert,rssFeedTrigger,slack,1.0
12036,form-to-endpoint,webhook,httpRequest,1.0
12037,morning-metrics,scheduleTrigger,googleSheets,1.0
12038,email-archiver,emailReadImap,httpRequest,0.5
12039,rss-alert,rssFeedTrigger,slack,1.0
12040,form-to-endpoint,webhook,httpRequest,1.0
12041,morning-metrics,scheduleTrigger,googleSheets,1.0
12042,email-archiver,emailReadImap,readWriteFile,1.0
12043,rss-alert,rssFeedTrigger,slack,1.0
12044,form-to-endpoint,webhook,httpRequest,1.0
12045,morning-metrics,scheduleTrigger,googleSheets,1.0
12046,email-archiver,emailReadImap,readWriteFile,1.0
12047,rss-alert,rssFeedTrigger,slack,1.0
12048,form-to-endpoint,webhook,httpRequest,1.0
12049,morning-metrics,scheduleTrigger,googleSheets,1.0
12050,email-archiver,emailReadImap,readWriteFile,1.0
12051,rss-alert,rssFeedTrigger,slack,1.0
12052,form-to-endpoint,webhook,httpRequest,1.0
12053,morning-metrics,scheduleTrigger,googleSheets,1.0
12054,email-archiver,emailReadImap,readWriteFile,1.0
12055,rss-alert,rssFeedTrigger,slack,1.0
12056,form-to-endpoint,webhook,httpRequest,1.0
12057,morning-metrics,scheduleTrigger,googleSheets,1.0
12058,email-archiver,emailReadImap,readWriteFile,1.0
12059,rss-alert,rssFeedTrigger,slack,1.0
12060,form-to-endpoint,webhook,httpRequest,1.0
12061,morning-metrics,scheduleTrigger,googleSheets,1.0
12062,email-archiver,emailReadImap,readWriteFile,1.0
12063,rss-alert,rssFeedTrigger,slack,1.0
12064,form-to-endpoint,webhook,httpRequest,1.0
12065,morning-metrics,scheduleTrigger,readWriteFile,0.5
12066,email-archiver,emailReadImap,readWriteFile,1.0
12067,rss-alert,rssFeedTrigger,slack,1.0
12068,form-to-endpoint,webhook,httpRequest,1.0
12069,morning-metrics,scheduleTrigger,googleSheets,1.0
12070,email-archiver,emailReadImap,readWriteFile,1.0
12071,rss-alert,webhook,googleSheets,0.0
12072,form-to-endpoint,webhook,httpRequest,1.0
12073,morning-metrics,scheduleTrigger,googleSheets,1.0
12074,email-archiver,emailReadImap,readWriteFile,1.0
12075,rss-alert,rssFeedTrigger,slack,1.0
12076,form-to-endpoint,webhook,httpRequest,1.0
12077,morning-metrics,rssFeedTrigger,googleSheets,0.5
12078,email-archiver,emailReadImap,readWriteFile,1.0
12079,rss-alert,rssFeedTrigger,googleSheets,0.5
12080,form-to-endpoint,webhook,httpRequest,1.0
12081,morning-metrics,scheduleTrigger,googleSheets,1.0
12082,email-archiver,rssFeedTrigger,readWriteFile,0.5
12083,rss-alert,scheduleTrigger,slack,0.5
12084,form-to-endpoint,webhook,googleSheets,0.5
12085,morning-metrics,scheduleTrigger,googleSheets,1.0
12086,email-archiver,emailReadImap,readWriteFile,1.0
12087,rss-alert,rssFeedTrigger,slack,1.0
12088,form-to-endpoint,webhook,httpRequest,1.0
12089,morning-metrics,scheduleTrigger,googleSheets,1.0
12090,email-archiver,emailReadImap,readWriteFile,1.0
12091,rss-alert,rssFeedTrigger,slack,1.0
12092,form-to-endpoint,webhook,httpRequest,1.0
12093,morning-metrics,rssFeedTrigger,googleSheets,0.5
12094,email-archiver,webhook,readWriteFile,0.5
12095,rss-alert,rssFeedTrigger,slack,1.0
12096,form-to-endpoint,webhook,httpRequest,1.0
12097,morning-metrics,scheduleTrigger,googleSheets,1.0
12098,email-archiver,emailReadImap,readWriteFile,1.0
12099,rss-alert,rssFeedTrigger,slack,1.0
12100,form-to-endpoint,webhook,httpRequest,1.0
12101,morning-metrics,scheduleTrigger,googleSheets,1.0
12102,email-archiver,rssFeedTrigger,readWriteFile,0.5
12103,rss-alert,rssFeedTrigger,slack,1.0
12104,form-to-endpoint,webhook,httpRequest,1.0
12105,morning-metrics,scheduleTrigger,googleSheets,1.0
12106,email-archiver,emailReadImap,readWriteFile,1.0
12107,rss-alert,rssFeedTrigger,googleSheets,0.5
12108,form-to-endpoint,webhook,httpRequest,1.0
12109,morning-metrics,scheduleTrigger,googleSheets,1.0
12110,email-archiver,emailReadImap,readWriteFile,1.0
12111,rss-alert,rssFeedTrigger,slack,1.0
12112,form-to-endpoint,webhook,httpRequest,1.0
12113,morning-metrics,scheduleTrigger,googleSheets,1.0
12114,email-archiver,emailReadImap,readWriteFile,1.0
12115,rss-alert,rssFeedTrigger,googleSheets,0.5
12116,form-to-endpoint,webhook,httpRequest,1.0
12117,morning-metrics,scheduleTrigger,googleSheets,1.0
12118,email-archiver,emailReadImap,readWriteFile,1.0
12119,rss-alert,rssFeedTrigger,slack,1.0
12120,form-to-endpoint,webhook,httpRequest,1.0
12121,morning-metrics,scheduleTrigger,googleSheets,1.0
12122,email-archiver,emailReadImap,readWriteFile,1.0
12123,rss-alert,rssFeedTrigger,httpRequest,0.5
12124,form-to-endpoint,webhook,httpRequest,1.0
12125,morning-metrics,scheduleTrigger,googleSheets,1.0
12126,email-archiver,emailReadImap,readWriteFile,1.0
12127,rss-alert,rssFeedTrigger,slack,1.0
12128,form-to-endpoint,webhook,httpRequest,1.0
12129,morning-metrics,scheduleTrigger,googleSheets,1.0
12130,email-archiver,emailReadImap,readWriteFile,1.0
12131,rss-alert,scheduleTrigger,httpRequest,0.0
12132,form-to-endpoint,webhook,httpRequest,1.0
12133,morning-metrics,scheduleTrigger,googleSheets,1.0
12134,email-archiver,emailReadImap,readWriteFile,1.0
12135,rss-alert,rssFeedTrigger,slack,1.0
12136,form-to-endpoint,webhook,httpRequest,1.0
12137,morning-metrics,scheduleTrigger,googleSheets,1.0
12138,email-archiver,emailReadImap,readWriteFile,1.0
12139,rss-alert,rssFeedTrigger,slack,1.0
12140,form-to-endpoint,webhook,httpRequest,1.0
12141,morning-metrics,scheduleTrigger,googleSheets,1.0
12142,email-archiver,emailReadImap,readWriteFile,1.0
12143,rss-alert,rssFeedTrigger,slack,1.0
12144,form-to-endpoint,webhook,httpRequest,1.0
12145,morning-metrics,scheduleTrigger,googleSheets,1.0
12146,email-archiver,emailReadImap,readWriteFile,1.0
12147,rss-alert,rssFeedTrigger,httpRequest,0.5
12148,form-to-endpoint,webhook,readWriteFile,0.5
12149,morning-metrics,scheduleTrigger,googleSheets,1.0
12150,email-archiver,emailReadImap,readWriteFile,1.0
12151,rss-alert,rssFeedTrigger,slack,1.0
12152,form-to-endpoint,webhook,httpRequest,1.0
12153,morning-metrics,scheduleTrigger,googleSheets,1.0
12154,email-archiver,emailReadImap,readWriteFile,1.0
12155,rss-alert,rssFeedTrigger,slack,1.0
12156,form-to-endpoint,webhook,httpRequest,1.0
12157,morning-metrics,scheduleTrigger,googleSheets,1.0
12158,email-archiver,emailReadImap,readWriteFile,1.0
12159,rss-alert,rssFeedTrigger,googleSheets,0.5
12160,form-to-endpoint,rssFeedTrigger,httpRequest,0.5
12161,morning-metrics,scheduleTrigger,googleSheets,1.0
12162,email-archiver,emailReadImap,readWriteFile,1.0
12163,rss-alert,rssFeedTrigger,slack,1.0
12164,form-to-endpoint,webhook,httpRequest,1.0
12165,morning-metrics,scheduleTrigger,googleSheets,1.0
12166,email-archiver,emailReadImap,readWriteFile,1.0
12167,rss-alert,rssFeedTrigger,slack,1.0
12168,form-to-endpoint,webhook,httpRequest,1.0
12169,morning-metrics,scheduleTrigger,httpRequest,0.5
12170,email-archiver,emailReadImap,readWriteFile,1.0
12171,rss-alert,rssFeedTrigger,slack,1.0
12172,form-to-endpoint,webhook,httpRequest,1.0
12173,morning-metrics,scheduleTrigger,googleSheets,1.0
12174,email-archiver,emailReadImap,readWriteFile,1.0
12175,rss-alert,rssFeedTrigger,slack,1.0
12176,form-to-endpoint,webhook,httpRequest,1.0
12177,morning-metrics,scheduleTrigger,googleSheets,1.0
12178,email-archiver,emailReadImap,readWriteFile,1.0
12179,rss-alert,rssFeedTrigger,slack,1.0
12180,form-to-endpoint,webhook,httpRequest,1.0
12181,morning-metrics,scheduleTrigger,httpRequest,0.5
12182,email-archiver,emailReadImap,googleSheets,0.5
12183,rss-alert,rssFeedTrigger,slack,1.0
12184,form-to-endpoint,webhook,httpRequest,1.0
12185,morning-metrics,scheduleTrigger,googleSheets,1.0
12186,email-archiver,emailReadImap,readWriteFile,1.0
12187,rss-alert,rssFeedTrigger,slack,1.0
12188,form-to-endpoint,emailReadImap,httpRequest,0.5
12189,morning-metrics,scheduleTrigger,googleSheets,1.0
12190,email-archiver,emailReadImap,readWriteFile,1.0
12191,rss-alert,rssFeedTrigger,slack,1.0
12192,form-to-endpoint,webhook,httpRequest,1.0
12193,morning-metrics,scheduleTrigger,googleSheets,1.0
12194,email-archiver,emailReadImap,readWriteFile,1.0
12195,rss-alert,rssFeedTrigger,slack,1.0
12196,form-to-endpoint,scheduleTrigger,httpRequest,0.5
12197,morning-metrics,scheduleTrigger,googleSheets,1.0
12198,email-archiver,emailReadImap,readWriteFile,1.0
12199,rss-alert,rssFeedTrigger,slack,1.0
12200,form-to-endpoint,webhook,readWriteFile,0.5
12201,morning-metrics,webhook,googleSheets,0.5
12202,email-archiver,emailReadImap,readWriteFile,1.0
12203,rss-alert,rssFeedTrigger,slack,1.0
12204,form-to-endpoint,rssFeedTrigger,httpRequest,0.5
12205,morning-metrics,scheduleTrigger,googleSheets,1.0
12206,email-archiver,emailReadImap,readWriteFile,1.0
12207,rss-alert,rssFeedTrigger,slack,1.0
12208,form-to-endpoint,emailReadImap,httpRequest,0.5
12209,morning-metrics,scheduleTrigger,googleSheets,1.0
12210,email-archiver,emailReadImap,readWriteFile,1.0
12211,rss-alert,rssFeedTrigger,slack,1.0
12212,form-to-endpoint,webhook,httpRequest,1.0
12213,morning-metrics,scheduleTrigger,slack,0.5
12214,email-archiver,emailReadImap,readWriteFile,1.0
12215,rss-alert,rssFeedTrigger,slack,1.0
12216,form-to-endpoint,webhook,httpRequest,1.0
12217,morning-metrics,scheduleTrigger,googleSheets,1.0
12218,email-archiver,emailReadImap,readWriteFile,1.0
12219,rss-alert,rssFeedTrigger,slack,1.0
12220,form-to-endpoint,webhook,httpRequest,1.0
12221,morning-metrics,scheduleTrigger,googleSheets,1.0
12222,email-archiver,scheduleTrigger,readWriteFile,0.5
12223,rss-alert,rssFeedTrigger,slack,1.0
12224,form-to-endpoint,webhook,httpRequest,1.0
12225,morning-metrics,scheduleTrigger,googleSheets,1.0
12226,email-archiver,emailReadImap,readWriteFile,1.0
12227,rss-alert,rssFeedTrigger,slack,1.0
12228,form-to-endpoint,webhook,httpRequest,1.0
12229,morning-metrics,scheduleTrigger,googleSheets,1.0
12230,email-archiver,emailReadImap,readWriteFile,1.0
12231,rss-alert,rssFeedTrigger,slack,1.0
12232,form-to-endpoint,webhook,httpRequest,1.0
12233,morning-metrics,scheduleTrigger,googleSheets,1.0
12234,email-archiver,emailReadImap,readWriteFile,1.0
12235,rss-alert,rssFeedTrigger,slack,1.0
12236,form-to-endpoint,webhook,httpRequest,1.0
12237,morning-metrics,scheduleTrigger,googleSheets,1.0
12238,email-archiver,emailReadImap,readWriteFile,1.0
12239,rss-alert,rssFeedTrigger,slack,1.0
12240,form-to-endpoint,webhook,httpRequest,1.0
12241,morning-metrics,scheduleTrigger,googleSheets,1.0
12242,email-archiver,emailReadImap,readWriteFile,1.0
12243,rss-alert,rssFeedTrigger,slack,1.0
12244,form-to-endpoint,webhook,httpRequest,1.0
12245,morning-metrics,scheduleTrigger,httpRequest,0.5
12246,email-archiver,emailReadImap,readWriteFile,1.0
12247,rss-alert,rssFeedTrigger,slack,1.0
12248,form-to-endpoint,webhook,httpRequest,1.0
12249,morning-metrics,scheduleTrigger,googleSheets,1.0
12250,email-archiver,emailReadImap,readWriteFile,1.0
12251,rss-alert,rssFeedTrigger,slack,1.0
12252,form-to-endpoint,webhook,httpRequest,1.0
12253,morning-metrics,scheduleTrigger,googleSheets,1.0
12254,email-archiver,emailReadImap,readWriteFile,1.0
12255,rss-alert,rssFeedTrigger,slack,1.0
12256,form-to-endpoint,rssFeedTrigger,httpRequest,0.5
12257,morning-metrics,scheduleTrigger,httpRequest,0.5
12258,email-archiver,emailReadImap,readWriteFile,1.0
12259,rss-alert,rssFeedTrigger,slack,1.0
12260,form-to-endpoint,webhook,httpRequest,1.0
12261,morning-metrics,scheduleTrigger,googleSheets,1.0
12262,email-archiver,scheduleTrigger,readWriteFile,0.5
12263,rss-alert,rssFeedTrigger,slack,1.0
12264,form-to-endpoint,webhook,httpRequest,1.0
12265,morning-metrics,scheduleTrigger,googleSheets,1.0
12266,email-archiver,emailReadImap,readWriteFile,1.0
12267,rss-alert,rssFeedTrigger,slack,1.0
12268,form-to-endpoint,webhook,httpRequest,1.0
12269,morning-metrics,scheduleTrigger,googleSheets,1.0
12270,email-archiver,emailReadImap,readWriteFile,1.0
12271,rss-alert,rssFeedTrigger,slack,1.0
12272,form-to-endpoint,webhook,httpRequest,1.0
12273,morning-metrics,scheduleTrigger,googleSheets,1.0
12274,email-archiver,emailReadImap,httpRequest,0.5
12275,rss-alert,rssFeedTrigger,slack,1.0
12276,form-to-endpoint,webhook,httpRequest,1.0
12277,morning-metrics,scheduleTrigger,googleSheets,1.0
12278,email-archiver,emailReadImap,readWriteFile,1.0
12279,rss-alert,rssFeedTrigger,slack,1.0
12280,form-to-endpoint,webhook,httpRequest,1.0
12281,morning-metrics,scheduleTrigger,googleSheets,1.0
12282,email-archiver,emailReadImap,readWriteFile,1.0
12283,rss-alert,rssFeedTrigger,slack,1.0
12284,form-to-endpoint,webhook,httpRequest,1.0
12285,morning-metrics,scheduleTrigger,googleSheets,1.0
12286,email-archiver,emailReadImap,readWriteFile,1.0
12287,rss-alert,rssFeedTrigger,slack,1.0
12288,form-to-endpoint,webhook,httpRequest,1.0
12289,morning-metrics,scheduleTrigger,googleSheets,1.0
12290,email-archiver,emailReadImap,readWriteFile,1.0
12291,rss-alert,rssFeedTrigger,slack,1.0
12292,form-to-endpoint,webhook,httpRequest,1.0
12293,morning-metrics,scheduleTrigger,httpRequest,0.5
12294,email-archiver,emailReadImap,readWriteFile,1.0
12295,rss-alert,rssFeedTrigger,slack,1.0
12296,form-to-endpoint,webhook,httpRequest,1.0
12297,morning-metrics,scheduleTrigger,googleSheets,1.0
12298,email-archiver,emailReadImap,readWriteFile,1.0
12299,rss-alert,rssFeedTrigger,slack,1.0
12300,form-to-endpoint,webhook,httpRequest,1.0
12301,morning-metrics,scheduleTrigger,googleSheets,1.0
12302,email-archiver,emailReadImap,readWriteFile,1.0
12303,rss-alert,rssFeedTrigger,slack,1.0
12304,form-to-endpoint,webhook,httpRequest,1.0
12305,morning-metrics,scheduleTrigger,googleSheets,1.0
12306,email-archiver,emailReadImap,readWriteFile,1.0
12307,rss-alert,rssFeedTrigger,slack,1.0
12308,form-to-endpoint,webhook,httpRequest,1.0
12309,morning-metrics,scheduleTrigger,googleSheets,1.0
12310,email-archiver,emailReadImap,readWriteFile,1.0
12311,rss-alert,rssFeedTrigger,slack,1.0
12312,form-to-endpoint,webhook,httpRequest,1.0
12313,morning-metrics,scheduleTrigger,googleSheets,1.0
12314,email-archiver,emailReadImap,readWriteFile,1.0
12315,rss-alert,rssFeedTrigger,slack,1.0
12316,form-to-endpoint,webhook,httpRequest,1.0
12317,morning-metrics,scheduleTrigger,googleSheets,1.0
12318,email-archiver,emailReadImap,readWriteFile,1.0
12319,rss-alert,rssFeedTrigger,slack,1.0
12320,form-to-endpoint,webhook,httpRequest,1.0
12321,morning-metrics,scheduleTrigger,googleSheets,1.0
12322,email-archiver,emailReadImap,readWriteFile,1.0
12323,rss-alert,rssFeedTrigger,slack,1.0
12324,form-to-endpoint,webhook,httpRequest,1.0
12325,morning-metrics,scheduleTrigger,googleSheets,1.0
12326,email-archiver,emailReadImap,readWriteFile,1.0
12327,rss-alert,rssFeedTrigger,slack,1.0
12328,form-to-endpoint,webhook,httpRequest,1.0
12329,morning-metrics,emailReadImap,googleSheets,0.5
12330,email-archiver,emailReadImap,httpRequest,0.5
12331,rss-alert,emailReadImap,slack,0.5
12332,form-to-endpoint,webhook,httpRequest,1.0
12333,morning-metrics,scheduleTrigger,googleSheets,1.0
12334,email-archiver,emailReadImap,readWriteFile,1.0
12335,rss-alert,rssFeedTrigger,slack,1.0
12336,form-to-endpoint,webhook,httpRequest,1.0
12337,morning-metrics,scheduleTrigger,httpRequest,0.5
12338,email-archiver,emailReadImap,readWriteFile,1.0
12339,rss-alert,rssFeedTrigger,slack,1.0
12340,form-to-endpoint,webhook,httpRequest,1.0
12341,morning-metrics,scheduleTrigger,googleSheets,1.0
12342,email-archiver,webhook,readWriteFile,0.5
12343,rss-alert,rssFeedTrigger,slack,1.0
12344,form-to-endpoint,webhook,httpRequest,1.0
12345,morning-metrics,scheduleTrigger,googleSheets,1.0
12346,email-archiver,emailReadImap,readWriteFile,1.0
12347,rss-alert,rssFeedTrigger,slack,1.0
12348,form-to-endpoint,webhook,httpRequest,1.0
12349,morning-metrics,scheduleTrigger,googleSheets,1.0
12350,email-archiver,emailReadImap,readWriteFile,1.0
12351,rss-alert,rssFeedTrigger,readWriteFile,0.5
12352,form-to-endpoint,webhook,httpRequest,1.0
12353,morning-metrics,webhook,googleSheets,0.5
12354,email-archiver,emailReadImap,readWriteFile,1.0
12355,rss-alert,scheduleTrigger,slack,0.5
12356,form-to-endpoint,webhook,httpRequest,1.0
12357,morning-metrics,scheduleTrigger,googleSheets,1.0
12358,email-archiver,emailReadImap,readWriteFile,1.0
12359,rss-alert,rssFeedTrigger,slack,1.0
12360,form-to-endpoint,emailReadImap,httpRequest,0.5
12361,morning-metrics,scheduleTrigger,slack,0.5
12362,email-archiver,emailReadImap,readWriteFile,1.0
12363,rss-alert,rssFeedTrigger,slack,1.0
12364,form-to-endpoint,webhook,httpRequest,1.0
12365,morning-metrics,scheduleTrigger,httpRequest,0.5
12366,email-archiver,emailReadImap,readWriteFile,1.0
12367,rss-alert,rssFeedTrigger,slack,1.0
12368,form-to-endpoint,webhook,httpRequest,1.0
12369,morning-metrics,scheduleTrigger,googleSheets,1.0
12370,email-archiver,emailReadImap,readWriteFile,1.0
12371,rss-alert,rssFeedTrigger,slack,1.0
12372,form-to-endpoint,webhook,httpRequest,1.0
12373,morning-metrics,scheduleTrigger,googleSheets,1.0
12374,email-archiver,emailReadImap,readWriteFile,1.0
12375,rss-alert,rssFeedTrigger,slack,1.0
12376,form-to-endpoint,webhook,httpRequest,1.0
12377,morning-metrics,scheduleTrigger,googleSheets,1.0
12378,email-archiver,emailReadImap,readWriteFile,1.0
12379,rss-alert,rssFeedTrigger,slack,1.0
12380,form-to-endpoint,webhook,httpRequest,1.0
12381,morning-metrics,scheduleTrigger,googleSheets,1.0
12382,email-archiver,emailReadImap,readWriteFile,1.0
12383,rss-alert,rssFeedTrigger,slack,1.0
12384,form-to-endpoint,webhook,httpRequest,1.0
12385,morning-metrics,scheduleTrigger,googleSheets,1.0
12386,email-archiver,emailReadImap,readWriteFile,1.0
12387,rss-alert,rssFeedTrigger,slack,1.0
12388,form-to-endpoint,webhook,slack,0.5
12389,morning-metrics,scheduleTrigger,googleSheets,1.0
12390,email-archiver,scheduleTrigger,readWriteFile,0.5
12391,rss-alert,rssFeedTrigger,slack,1.0
12392,form-to-endpoint,webhook,httpRequest,1.0
12393,morning-metrics,scheduleTrigger,googleSheets,1.0
12394,email-archiver,emailReadImap,readWriteFile,1.0
12395,rss-alert,rssFeedTrigger,slack,1.0
12396,form-to-endpoint,webhook,httpRequest,1.0
12397,morning-metrics,scheduleTrigger,googleSheets,1.0
12398,email-archiver,emailReadImap,readWriteFile,1.0
12399,rss-alert,rssFeedTrigger,readWriteFile,0.5
12400,form-to-endpoint,webhook,httpRequest,1.0
12401,morning-metrics,scheduleTrigger,googleSheets,1.0
12402,email-archiver,emailReadImap,readWriteFile,1.0
12403,rss-alert,rssFeedTrigger,slack,1.0
12404,form-to-endpoint,webhook,httpRequest,1.0
12405,morning-metrics,scheduleTrigger,googleSheets,1.0
12406,email-archiver,scheduleTrigger,readWriteFile,0.5
12407,rss-alert,rssFeedTrigger,slack,1.0
12408,form-to-endpoint,webhook,httpRequest,1.0
12409,morning-metrics,scheduleTrigger,googleSheets,1.0
12410,email-archiver,emailReadImap,readWriteFile,1.0
12411,rss-alert,rssFeedTrigger,slack,1.0
12412,form-to-endpoint,webhook,httpRequest,1.0
12413,morning-metrics,webhook,googleSheets,0.5
12414,email-archiver,emailReadImap,readWriteFile,1.0
12415,rss-alert,rssFeedTrigger,slack,1.0
12416,form-to-endpoint,webhook,httpRequest,1.0
12417,morning-metrics,scheduleTrigger,httpRequest,0.5
12418,email-archiver,emailReadImap,readWriteFile,1.0
12419,rss-alert,rssFeedTrigger,slack,1.0
12420,form-to-endpoint,webhook,slack,0.5
12421,morning-metrics,scheduleTrigger,googleSheets,1.0
12422,email-archiver,emailReadImap,readWriteFile,1.0
12423,rss-alert,rssFeedTrigger,slack,1.0
12424,form-to-endpoint,webhook,httpRequest,1.0
12425,morning-metrics,scheduleTrigger,googleSheets,1.0
12426,email-archiver,emailReadImap,readWriteFile,1.0
12427,rss-alert,emailReadImap,slack,0.5
12428,form-to-endpoint,webhook,httpRequest,1.0
12429,morning-metrics,scheduleTrigger,googleSheets,1.0
12430,email-archiver,emailReadImap,readWriteFile,1.0
12431,rss-alert,rssFeedTrigger,slack,1.0
12432,form-to-endpoint,webhook,httpRequest,1.0
12433,morning-metrics,scheduleTrigger,googleSheets,1.0
12434,email-archiver,emailReadImap,readWriteFile,1.0
12435,rss-alert,webhook,slack,0.5
12436,form-to-endpoint,webhook,httpRequest,1.0
12437,morning-metrics,scheduleTrigger,googleSheets,1.0
12438,email-archiver,emailReadImap,readWriteFile,1.0
12439,rss-alert,rssFeedTrigger,slack,1.0
12440,form-to-endpoint,webhook,httpRequest,1.0
12441,morning-metrics,scheduleTrigger,googleSheets,1.0
12442,email-archiver,emailReadImap,readWriteFile,1.0
12443,rss-alert,rssFeedTrigger,slack,1.0
12444,form-to-endpoint,webhook,httpRequest,1.0
12445,morning-metrics,scheduleTrigger,googleSheets,1.0
12446,email-archiver,emailReadImap,readWriteFile,1.0
12447,rss-alert,rssFeedTrigger,slack,1.0
12448,form-to-endpoint,webhook,httpRequest,1.0
12449,morning-metrics,scheduleTrigger,googleSheets,1.0
12450,email-archiver,emailReadImap,readWriteFile,1.0
12451,rss-alert,rssFeedTrigger,slack,1.0
12452,form-to-endpoint,webhook,httpRequest,1.0
12453,morning-metrics,emailReadImap,googleSheets,0.5
12454,email-archiver,emailReadImap,httpRequest,0.5
12455,rss-alert,rssFeedTrigger,slack,1.0
12456,form-to-endpoint,emailReadImap,httpRequest,0.5
12457,morning-metrics,emailReadImap,googleSheets,0.5
12458,email-archiver,emailReadImap,slack,0.5
12459,rss-alert,rssFeedTrigger,slack,1.0
12460,form-to-endpoint,webhook,httpRequest,1.0
12461,morning-metrics,scheduleTrigger,googleSheets,1.0
12462,email-archiver,emailReadImap,readWriteFile,1.0
12463,rss-alert,rssFeedTrigger,slack,1.0
12464,form-to-endpoint,webhook,httpRequest,1.0
12465,morning-metrics,scheduleTrigger,googleSheets,1.0
12466,email-archiver,emailReadImap,readWriteFile,1.0
12467,rss-alert,scheduleTrigger,slack,0.5
12468,form-to-endpoint,webhook,httpRequest,1.0
12469,morning-metrics,scheduleTrigger,googleSheets,1.0
12470,email-archiver,scheduleTrigger,readWriteFile,0.5
12471,rss-alert,webhook,slack,0.5
12472,form-to-endpoint,scheduleTrigger,httpRequest,0.5
12473,morning-metrics,scheduleTrigger,googleSheets,1.0
12474,email-archiver,emailReadImap,readWriteFile,1.0
12475,rss-alert,rssFeedTrigger,slack,1.0
12476,form-to-endpoint,webhook,httpRequest,1.0
12477,morning-metrics,scheduleTrigger,googleSheets,1.0
12478,email-archiver,emailReadImap,readWriteFile,1.0
12479,rss-alert,rssFeedTrigger,httpRequest,0.5
12480,form-to-endpoint,webhook,httpRequest,1.0
12481,morning-metrics,scheduleTrigger,googleSheets,1.0
12482,email-archiver,emailReadImap,readWriteFile,1.0
12483,rss-alert,rssFeedTrigger,googleSheets,0.5
12484,form-to-endpoint,webhook,httpRequest,1.0
12485,morning-metrics,scheduleTrigger,googleSheets,1.0
12486,email-archiver,emailReadImap,readWriteFile,1.0
12487,rss-alert,rssFeedTrigger,slack,1.0
12488,form-to-endpoint,webhook,httpRequest,1.0
12489,morning-metrics,scheduleTrigger,googleSheets,1.0
12490,email-archiver,emailReadImap,readWriteFile,1.0
12491,rss-alert,rssFeedTrigger,slack,1.0
12492,form-to-endpoint,webhook,readWriteFile,0.5
12493,morning-metrics,scheduleTrigger,googleSheets,1.0
12494,email-archiver,emailReadImap,readWriteFile,1.0
12495,rss-alert,rssFeedTrigger,slack,1.0
12496,form-to-endpoint,webhook,httpRequest,1.0
12497,morning-metrics,scheduleTrigger,googleSheets,1.0
12498,email-archiver,emailReadImap,readWriteFile,1.0
12499,rss-alert,rssFeedTrigger,slack,1.0
12500,form-to-endpoint,webhook,httpRequest,1.0
12501,morning-metrics,scheduleTrigger,googleSheets,1.0
12502,email-archiver,emailReadImap,readWriteFile,1.0
12503,rss-alert,rssFeedTrigger,slack,1.0
12504,form-to-endpoint,webhook,googleSheets,0.5
12505,morning-metrics,scheduleTrigger,googleSheets,1.0
12506,email-archiver,emailReadImap,readWriteFile,1.0
12507,rss-alert,rssFeedTrigger,slack,1.0
12508,form-to-endpoint,webhook,httpRequest,1.0
12509,morning-metrics,scheduleTrigger,googleSheets,1.0
12510,email-archiver,emailReadImap,readWriteFile,1.0
12511,rss-alert,rssFeedTrigger,slack,1.0
12512,form-to-endpoint,webhook,httpRequest,1.0
12513,morning-metrics,scheduleTrigger,googleSheets,1.0
12514,email-archiver,emailReadImap,readWriteFile,1.0
12515,rss-alert,rssFeedTrigger,slack,1.0
12516,form-to-endpoint,webhook,httpRequest,1.0
12517,morning-metrics,scheduleTrigger,googleSheets,1.0
12518,email-archiver,emailReadImap,readWriteFile,1.0
12519,rss-alert,rssFeedTrigger,slack,1.0
12520,form-to-endpoint,webhook,httpRequest,1.0
12521,morning-metrics,scheduleTrigger,googleSheets,1.0
12522,email-archiver,emailReadImap,readWriteFile,1.0
12523,rss-alert,rssFeedTrigger,slack,1.0
12524,form-to-endpoint,webhook,httpRequest,1.0
12525,morning-metrics,scheduleTrigger,googleSheets,1.0
12526,email-archiver,emailReadImap,readWriteFile,1.0
12527,rss-alert,rssFeedTrigger,slack,1.0
12528,form-to-endpoint,webhook,httpRequest,1.0
12529,morning-metrics,scheduleTrigger,readWriteFile,0.5
12530,email-archiver,emailReadImap,readWriteFile,1.0
12531,rss-alert,rssFeedTrigger,slack,1.0
12532,form-to-endpoint,webhook,httpRequest,1.0
12533,morning-metrics,scheduleTrigger,googleSheets,1.0
12534,email-archiver,emailReadImap,readWriteFile,1.0
12535,rss-alert,rssFeedTrigger,slack,1.0
12536,form-to-endpoint,webhook,httpRequest,1.0
12537,morning-metrics,rssFeedTrigger,googleSheets,0.5
12538,email-archiver,emailReadImap,readWriteFile,1.0
12539,rss-alert,rssFeedTrigger,slack,1.0
12540,form-to-endpoint,webhook,readWriteFile,0.5
12541,morning-metrics,webhook,googleSheets,0.5
12542,email-archiver,emailReadImap,readWriteFile,1.0
12543,rss-alert,rssFeedTrigger,googleSheets,0.5
12544,form-to-endpoint,webhook,httpRequest,1.0
12545,morning-metrics,webhook,googleSheets,0.5
12546,email-archiver,emailReadImap,readWriteFile,1.0
12547,rss-alert,rssFeedTrigger,slack,1.0
12548,form-to-endpoint,webhook,httpRequest,1.0
12549,morning-metrics,emailReadImap,readWriteFile,0.0
12550,email-archiver,emailReadImap,readWriteFile,1.0
12551,rss-alert,rssFeedTrigger,slack,1.0
12552,form-to-endpoint,webhook,httpRequest,1.0
12553,morning-metrics,scheduleTrigger,googleSheets,1.0
12554,email-archiver,emailReadImap,readWriteFile,1.0
12555,rss-alert,rssFeedTrigger,slack,1.0
12556,form-to-endpoint,webhook,httpRequest,1.0
12557,morning-metrics,scheduleTrigger,googleSheets,1.0
12558,email-archiver,emailReadImap,googleSheets,0.5
12559,rss-alert,webhook,slack,0.5
12560,form-to-endpoint,webhook,httpRequest,1.0
12561,morning-metrics,scheduleTrigger,googleSheets,1.0
12562,email-archiver,emailReadImap,readWriteFile,1.0
12563,rss-alert,webhook,slack,0.5
12564,form-to-endpoint,webhook,httpRequest,1.0
12565,morning-metrics,scheduleTrigger,googleSheets,1.0
12566,email-archiver,emailReadImap,readWriteFile,1.0
12567,rss-alert,rssFeedTrigger,slack,1.0
12568,form-to-endpoint,webhook,httpRequest,1.0
12569,morning-metrics,scheduleTrigger,googleSheets,1.0
12570,email-archiver,emailReadImap,readWriteFile,1.0
12571,rss-alert,rssFeedTrigger,slack,1.0
12572,form-to-endpoint,webhook,httpRequest,1.0
12573,morning-metrics,scheduleTrigger,googleSheets,1.0
12574,email-archiver,emailReadImap,readWriteFile,1.0
12575,rss-alert,rssFeedTrigger,slack,1.0
12576,form-to-endpoint,webhook,httpRequest,1.0
12577,morning-metrics,scheduleTrigger,googleSheets,1.0
12578,email-archiver,emailReadImap,readWriteFile,1.0
12579,rss-alert,emailReadImap,slack,0.5
12580,form-to-endpoint,webhook,httpRequest,1.0
12581,morning-metrics,scheduleTrigger,googleSheets,1.0
12582,email-archiver,emailReadImap,readWriteFile,1.0
12583,rss-alert,rssFeedTrigger,slack,1.0
12584,form-to-endpoint,webhook,httpRequest,1.0
12585,morning-metrics,emailReadImap,googleSheets,0.5
12586,email-archiver,webhook,readWriteFile,0.5
12587,rss-alert,rssFeedTrigger,slack,1.0
12588,form-to-endpoint,webhook,httpRequest,1.0
12589,morning-metrics,scheduleTrigger,googleSheets,1.0
12590,email-archiver,emailReadImap,readWriteFile,1.0
12591,rss-alert,rssFeedTrigger,slack,1.0
12592,form-to-endpoint,webhook,googleSheets,0.5
12593,morning-metrics,scheduleTrigger,googleSheets,1.0
12594,email-archiver,emailReadImap,readWriteFile,1.0
12595,rss-alert,rssFeedTrigger,slack,1.0
12596,form-to-endpoint,webhook,httpRequest,1.0
12597,morning-metrics,scheduleTrigger,googleSheets,1.0
12598,email-archiver,emailReadImap,readWriteFile,1.0
12599,rss-alert,rssFeedTrigger,slack,1.0
12600,form-to-endpoint,webhook,httpRequest,1.0
12601,morning-metrics,scheduleTrigger,googleSheets,1.0
12602,email-archiver,rssFeedTrigger,slack,0.0
12603,rss-alert,rssFeedTrigger,slack,1.0
12604,form-to-endpoint,webhook,httpRequest,1.0
12605,morning-metrics,scheduleTrigger,googleSheets,1.0
12606,email-archiver,emailReadImap,readWriteFile,1.0
12607,rss-alert,rssFeedTrigger,slack,1.0
12608,form-to-endpoint,webhook,googleSheets,0.5
12609,morning-metrics,scheduleTrigger,googleSheets,1.0
12610,email-archiver,emailReadImap,slack,0.5
12611,rss-alert,rssFeedTrigger,slack,1.0
12612,form-to-endpoint,webhook,httpRequest,1.0
12613,morning-metrics,scheduleTrigger,googleSheets,1.0
12614,email-archiver,emailReadImap,readWriteFile,1.0
12615,rss-alert,rssFeedTrigger,slack,1.0
12616,form-to-endpoint,webhook,httpRequest,1.0
12617,morning-metrics,scheduleTrigger,googleSheets,1.0
12618,email-archiver,emailReadImap,readWriteFile,1.0
12619,rss-alert,rssFeedTrigger,slack,1.0
12620,form-to-endpoint,webhook,httpRequest,1.0
12621,morning-metrics,scheduleTrigger,googleSheets,1.0
12622,email-archiver,emailReadImap,readWriteFile,1.0
12623,rss-alert,rssFeedTrigger,slack,1.0
12624,form-to-endpoint,webhook,httpRequest,1.0
12625,morning-metrics,scheduleTrigger,googleSheets,1.0
12626,email-archiver,emailReadImap,readWriteFile,1.0
12627,rss-alert,rssFeedTrigger,slack,1.0
12628,form-to-endpoint,webhook,httpRequest,1.0
12629,morning-metrics,scheduleTrigger,googleSheets,1.0
12630,email-archiver,emailReadImap,readWriteFile,1.0
12631,rss-alert,rssFeedTrigger,slack,1.0
12632,form-to-endpoint,webhook,httpRequest,1.0
12633,morning-metrics,scheduleTrigger,googleSheets,1.0
12634,email-archiver,emailReadImap,readWriteFile,1.0
12635,rss-alert,rssFeedTrigger,slack,1.0
12636,form-to-endpoint,webhook,httpRequest,1.0
12637,morning-metrics,scheduleTrigger,googleSheets,1.0
12638,email-archiver,emailReadImap,readWriteFile,1.0
12639,rss-alert,rssFeedTrigger,slack,1.0
12640,form-to-endpoint,webhook,httpRequest,1.0
12641,morning-metrics,scheduleTrigger,googleSheets,1.0
12642,email-archiver,emailReadImap,readWriteFile,1.0
12643,rss-alert,rssFeedTrigger,slack,1.0
12644,form-to-endpoint,webhook,httpRequest,1.0
12645,morning-metrics,scheduleTrigger,googleSheets,1.0
12646,email-archiver,emailReadImap,readWriteFile,1.0
12647,rss-alert,rssFeedTrigger,slack,1.0
12648,form-to-endpoint,webhook,httpRequest,1.0
12649,morning-metrics,scheduleTrigger,googleSheets,1.0
12650,email-archiver,emailReadImap,readWriteFile,1.0
12651,rss-alert,rssFeedTrigger,slack,1.0
12652,form-to-endpoint,webhook,httpRequest,1.0
12653,morning-metrics,scheduleTrigger,googleSheets,1.0
12654,email-archiver,emailReadImap,readWriteFile,1.0
12655,rss-alert,rssFeedTrigger,googleSheets,0.5
12656,form-to-endpoint,webhook,httpRequest,1.0
12657,morning-metrics,scheduleTrigger,googleSheets,1.0
12658,email-archiver,emailReadImap,readWriteFile,1.0
12659,rss-alert,rssFeedTrigger,slack,1.0
12660,form-to-endpoint,webhook,httpRequest,1.0
12661,morning-metrics,webhook,googleSheets,0.5
12662,email-archiver,emailReadImap,readWriteFile,1.0
12663,rss-alert,rssFeedTrigger,slack,1.0
12664,form-to-endpoint,webhook,httpRequest,1.0
12665,morning-metrics,scheduleTrigger,googleSheets,1.0
12666,email-archiver,emailReadImap,readWriteFile,1.0
12667,rss-alert,rssFeedTrigger,slack,1.0
12668,form-to-endpoint,webhook,httpRequest,1.0
12669,morning-metrics,scheduleTrigger,googleSheets,1.0
12670,email-archiver,emailReadImap,readWriteFile,1.0
12671,rss-alert,webhook,slack,0.5
12672,form-to-endpoint,emailReadImap,httpRequest,0.5
12673,morning-metrics,scheduleTrigger,googleSheets,1.0
12674,email-archiver,emailReadImap,httpRequest,0.5
12675,rss-alert,rssFeedTrigger,httpRequest,0.5
12676,form-to-endpoint,webhook,httpRequest,1.0
12677,morning-metrics,scheduleTrigger,googleSheets,1.0
12678,email-archiver,emailReadImap,readWriteFile,1.0
12679,rss-alert,rssFeedTrigger,slack,1.0
12680,form-to-endpoint,webhook,googleSheets,0.5
12681,morning-metrics,webhook,googleSheets,0.5
12682,email-archiver,emailReadImap,readWriteFile,1.0
12683,rss-alert,rssFeedTrigger,slack,1.0
12684,form-to-endpoint,webhook,httpRequest,1.0
12685,morning-metrics,webhook,googleSheets,0.5
12686,email-archiver,emailReadImap,readWriteFile,1.0
12687,rss-alert,rssFeedTrigger,slack,1.0
12688,form-to-endpoint,webhook,httpRequest,1.0
12689,morning-metrics,scheduleTrigger,googleSheets,1.0
12690,email-archiver,emailReadImap,readWriteFile,1.0
12691,rss-alert,rssFeedTrigger,slack,1.0
12692,form-to-endpoint,webhook,googleSheets,0.5
12693,morning-metrics,scheduleTrigger,googleSheets,1.0
12694,email-archiver,rssFeedTrigger,httpRequest,0.0
12695,rss-alert,rssFeedTrigger,httpRequest,0.5
12696,form-to-endpoint,webhook,httpRequest,1.0
12697,morning-metrics,rssFeedTrigger,googleSheets,0.5
12698,email-archiver,emailReadImap,readWriteFile,1.0
12699,rss-alert,rssFeedTrigger,slack,1.0
12700,form-to-endpoint,webhook,httpRequest,1.0
12701,morning-metrics,scheduleTrigger,googleSheets,1.0
12702,email-archiver,emailReadImap,readWriteFile,1.0
12703,rss-alert,rssFeedTrigger,slack,1.0
12704,form-to-endpoint,webhook,httpRequest,1.0
12705,morning-metrics,scheduleTrigger,googleSheets,1.0
12706,email-archiver,emailReadImap,httpRequest,0.5
12707,rss-alert,rssFeedTrigger,slack,1.0
12708,form-to-endpoint,emailReadImap,httpRequest,0.5
12709,morning-metrics,scheduleTrigger,googleSheets,1.0
12710,email-archiver,emailReadImap,readWriteFile,1.0
12711,rss-alert,rssFeedTrigger,slack,1.0
12712,form-to-endpoint,webhook,httpRequest,1.0
12713,morning-metrics,scheduleTrigger,googleSheets,1.0
12714,email-archiver,emailReadImap,readWriteFile,1.0
12715,rss-alert,rssFeedTrigger,slack,1.0
12716,form-to-endpoint,webhook,httpRequest,1.0
12717,morning-metrics,scheduleTrigger,googleSheets,1.0
12718,email-archiver,emailReadImap,readWriteFile,1.0
12719,rss-alert,rssFeedTrigger,slack,1.0
12720,form-to-endpoint,webhook,httpRequest,1.0
12721,morning-metrics,scheduleTrigger,readWriteFile,0.5
12722,email-archiver,emailReadImap,readWriteFile,1.0
12723,rss-alert,rssFeedTrigger,slack,1.0
12724,form-to-endpoint,webhook,httpRequest,1.0
12725,morning-metrics,scheduleTrigger,googleSheets,1.0
12726,email-archiver,emailReadImap,readWriteFile,1.0
12727,rss-alert,rssFeedTrigger,googleSheets,0.5
12728,form-to-endpoint,webhook,googleSheets,0.5
12729,morning-metrics,scheduleTrigger,googleSheets,1.0
12730,email-archiver,emailReadImap,readWriteFile,1.0
12731,rss-alert,rssFeedTrigger,slack,1.0
12732,form-to-endpoint,webhook,httpRequest,1.0
12733,morning-metrics,scheduleTrigger,googleSheets,1.0
12734,email-archiver,emailReadImap,readWriteFile,1.0
12735,rss-alert,rssFeedTrigger,slack,1.0
12736,form-to-endpoint,webhook,readWriteFile,0.5
12737,morning-metrics,scheduleTrigger,readWriteFile,0.5
12738,email-archiver,emailReadImap,readWriteFile,1.0
12739,rss-alert,rssFeedTrigger,slack,1.0
12740,form-to-endpoint,emailReadImap,httpRequest,0.5
12741,morning-metrics,scheduleTrigger,googleSheets,1.0
12742,email-archiver,emailReadImap,readWriteFile,1.0
12743,rss-alert,rssFeedTrigger,slack,1.0
12744,form-to-endpoint,webhook,httpRequest,1.0
12745,morning-metrics,scheduleTrigger,googleSheets,1.0
12746,email-archiver,emailReadImap,httpRequest,0.5
12747,rss-alert,rssFeedTrigger,slack,1.0
12748,form-to-endpoint,webhook,readWriteFile,0.5
12749,morning-metrics,scheduleTrigger,googleSheets,1.0
12750,email-archiver,emailReadImap,readWriteFile,1.0
12751,rss-alert,rssFeedTrigger,httpRequest,0.5
12752,form-to-endpoint,webhook,httpRequest,1.0
12753,morning-metrics,scheduleTrigger,googleSheets,1.0
12754,email-archiver,emailReadImap,readWriteFile,1.0
12755,rss-alert,rssFeedTrigger,slack,1.0
12756,form-to-endpoint,webhook,httpRequest,1.0
12757,morning-metrics,scheduleTrigger,googleSheets,1.0
12758,email-archiver,emailReadImap,readWriteFile,1.0
12759,rss-alert,rssFeedTrigger,slack,1.0
12760,form-to-endpoint,webhook,httpRequest,1.0
12761,morning-metrics,scheduleTrigger,googleSheets,1.0
12762,email-archiver,emailReadImap,readWriteFile,1.0
12763,rss-alert,rssFeedTrigger,slack,1.0
12764,form-to-endpoint,webhook,httpRequest,1.0
12765,morning-metrics,scheduleTrigger,googleSheets,1.0
12766,email-archiver,emailReadImap,readWriteFile,1.0
12767,rss-alert,rssFeedTrigger,slack,1.0
12768,form-to-endpoint,webhook,httpRequest,1.0
12769,morning-metrics,scheduleTrigger,googleSheets,1.0
12770,email-archiver,emailReadImap,readWriteFile,1.0
12771,rss-alert,rssFeedTrigger,slack,1.0
12772,form-to-endpoint,webhook,httpRequest,1.0
12773,morning-metrics,scheduleTrigger,googleSheets,1.0
12774,email-archiver,emailReadImap,readWriteFile,1.0
12775,rss-alert,rssFeedTrigger,slack,1.0
12776,form-to-endpoint,webhook,httpRequest,1.0
12777,morning-metrics,scheduleTrigger,googleSheets,1.0
12778,email-archiver,emailReadImap,readWriteFile,1.0
12779,rss-alert,rssFeedTrigger,slack,1.0
12780,form-to-endpoint,emailReadImap,httpRequest,0.5
12781,morning-metrics,scheduleTrigger,googleSheets,1.0
12782,email-archiver,emailReadImap,readWriteFile,1.0
12783,rss-alert,rssFeedTrigger,slack,1.0
12784,form-to-endpoint,webhook,httpRequest,1.0
12785,morning-metrics,scheduleTrigger,googleSheets,1.0
12786,email-archiver,emailReadImap,readWriteFile,1.0
12787,rss-alert,rssFeedTrigger,slack,1.0
12788,form-to-endpoint,webhook,httpRequest,1.0
12789,morning-metrics,scheduleTrigger,googleSheets,1.0
12790,email-archiver,emailReadImap,readWriteFile,1.0
12791,rss-alert,rssFeedTrigger,slack,1.0
12792,form-to-endpoint,webhook,httpRequest,1.0
12793,morning-metrics,emailReadImap,googleSheets,0.5
12794,email-archiver,emailReadImap,readWriteFile,1.0
12795,rss-alert,rssFeedTrigger,slack,1.0
12796,form-to-endpoint,webhook,httpRequest,1.0
12797,morning-metrics,scheduleTrigger,googleSheets,1.0
12798,email-archiver,emailReadImap,readWriteFile,1.0
12799,rss-alert,rssFeedTrigger,slack,1.0
12800,form-to-endpoint,webhook,httpRequest,1.0
12801,morning-metrics,scheduleTrigger,googleSheets,1.0
12802,email-archiver,emailReadImap,readWriteFile,1.0
12803,rss-alert,rssFeedTrigger,slack,1.0
12804,form-to-endpoint,webhook,httpRequest,1.0
12805,morning-metrics,scheduleTrigger,slack,0.5
12806,email-archiver,emailReadImap,readWriteFile,1.0
12807,rss-alert,rssFeedTrigger,slack,1.0
12808,form-to-endpoint,webhook,httpRequest,1.0
12809,morning-metrics,scheduleTrigger,googleSheets,1.0
12810,email-archiver,webhook,readWriteFile,0.5
12811,rss-alert,webhook,slack,0.5
12812,form-to-endpoint,webhook,httpRequest,1.0
12813,morning-metrics,scheduleTrigger,googleSheets,1.0
12814,email-archiver,emailReadImap,readWriteFile,1.0
12815,rss-alert,rssFeedTrigger,httpRequest,0.5
12816,form-to-endpoint,webhook,httpRequest,1.0
12817,morning-metrics,scheduleTrigger,googleSheets,1.0
12818,email-archiver,emailReadImap,readWriteFile,1.0
12819,rss-alert,rssFeedTrigger,readWriteFile,0.5
12820,form-to-endpoint,webhook,httpRequest,1.0
12821,morning-metrics,scheduleTrigger,googleSheets,1.0
12822,email-archiver,emailReadImap,readWriteFile,1.0
12823,rss-alert,rssFeedTrigger,slack,1.0
12824,form-to-endpoint,webhook,httpRequest,1.0
12825,morning-metrics,scheduleTrigger,googleSheets,1.0
12826,email-archiver,emailReadImap,readWriteFile,1.0
12827,rss-alert,rssFeedTrigger,slack,1.0
12828,form-to-endpoint,webhook,httpRequest,1.0
12829,morning-metrics,scheduleTrigger,googleSheets,1.0
12830,email-archiver,emailReadImap,readWriteFile,1.0
12831,rss-alert,rssFeedTrigger,httpRequest,0.5
12832,form-to-endpoint,webhook,httpRequest,1.0
12833,morning-metrics,webhook,googleSheets,0.5
12834,email-archiver,scheduleTrigger,readWriteFile,0.5
12835,rss-alert,scheduleTrigger,slack,0.5
12836,form-to-endpoint,webhook,httpRequest,1.0
12837,morning-metrics,scheduleTrigger,googleSheets,1.0
12838,email-archiver,emailReadImap,readWriteFile,1.0
12839,rss-alert,rssFeedTrigger,googleSheets,0.5
12840,form-to-endpoint,webhook,httpRequest,1.0
12841,morning-metrics,scheduleTrigger,googleSheets,1.0
12842,email-archiver,emailReadImap,readWriteFile,1.0
12843,rss-alert,rssFeedTrigger,slack,1.0
12844,form-to-endpoint,webhook,slack,0.5
12845,morning-metrics,scheduleTrigger,googleSheets,1.0
12846,email-archiver,emailReadImap,googleSheets,0.5
12847,rss-alert,rssFeedTrigger,slack,1.0
12848,form-to-endpoint,webhook,httpRequest,1.0
12849,morning-metrics,scheduleTrigger,googleSheets,1.0
12850,email-archiver,emailReadImap,readWriteFile,1.0
12851,rss-alert,rssFeedTrigger,slack,1.0
12852,form-to-endpoint,webhook,httpRequest,1.0
12853,morning-metrics,scheduleTrigger,googleSheets,1.0
12854,email-archiver,emailReadImap,httpRequest,0.5
12855,rss-alert,rssFeedTrigger,slack,1.0
12856,form-to-endpoint,webhook,httpRequest,1.0
12857,morning-metrics,scheduleTrigger,googleSheets,1.0
12858,email-archiver,emailReadImap,readWriteFile,1.0
12859,rss-alert,webhook,slack,0.5
12860,form-to-endpoint,webhook,httpRequest,1.0
12861,morning-metrics,scheduleTrigger,googleSheets,1.0
12862,email-archiver,emailReadImap,readWriteFile,1.0
12863,rss-alert,rssFeedTrigger,slack,1.0
12864,form-to-endpoint,webhook,httpRequest,1.0
12865,morning-metrics,scheduleTrigger,googleSheets,1.0
12866,email-archiver,emailReadImap,readWriteFile,1.0
12867,rss-alert,rssFeedTrigger,slack,1.0
12868,form-to-endpoint,webhook,httpRequest,1.0
12869,morning-metrics,scheduleTrigger,googleSheets,1.0
12870,email-archiver,emailReadImap,readWriteFile,1.0
12871,rss-alert,rssFeedTrigger,slack,1.0
12872,form-to-endpoint,webhook,httpRequest,1.0
12873,morning-metrics,scheduleTrigger,googleSheets,1.0
12874,email-archiver,emailReadImap,slack,0.5
12875,rss-alert,rssFeedTrigger,slack,1.0
12876,form-to-endpoint,webhook,httpRequest,1.0
12877,morning-metrics,scheduleTrigger,googleSheets,1.0
12878,email-archiver,emailReadImap,readWriteFile,1.0
12879,rss-alert,rssFeedTrigger,slack,1.0
12880,form-to-endpoint,rssFeedTrigger,httpRequest,0.5
12881,morning-metrics,scheduleTrigger,httpRequest,0.5
12882,email-archiver,emailReadImap,readWriteFile,1.0
12883,rss-alert,rssFeedTrigger,slack,1.0
12884,form-to-endpoint,webhook,httpRequest,1.0
12885,morning-metrics,scheduleTrigger,googleSheets,1.0
12886,email-archiver,emailReadImap,readWriteFile,1.0
12887,rss-alert,rssFeedTrigger,slack,1.0
12888,form-to-endpoint,webhook,httpRequest,1.0
12889,morning-metrics,scheduleTrigger,googleSheets,1.0
12890,email-archiver,emailReadImap,googleSheets,0.5
12891,rss-alert,rssFeedTrigger,httpRequest,0.5
12892,form-to-endpoint,webhook,httpRequest,1.0
12893,morning-metrics,scheduleTrigger,googleSheets,1.0
12894,email-archiver,rssFeedTrigger,readWriteFile,0.5
12895,rss-alert,rssFeedTrigger,slack,1.0
12896,form-to-endpoint,webhook,httpRequest,1.0
12897,morning-metrics,rssFeedTrigger,googleSheets,0.5
12898,email-archiver,emailReadImap,readWriteFile,1.0
12899,rss-alert,rssFeedTrigger,slack,1.0
12900,form-to-endpoint,webhook,httpRequest,1.0
12901,morning-metrics,scheduleTrigger,googleSheets,1.0
12902,email-archiver,emailReadImap,readWriteFile,1.0
12903,rss-alert,emailReadImap,slack,0.5
12904,form-to-endpoint,webhook,slack,0.5
12905,morning-metrics,scheduleTrigger,readWriteFile,0.5
12906,email-archiver,emailReadImap,readWriteFile,1.0
12907,rss-alert,rssFeedTrigger,slack,1.0
12908,form-to-endpoint,webhook,httpRequest,1.0
12909,morning-metrics,rssFeedTrigger,googleSheets,0.5
12910,email-archiver,emailReadImap,readWriteFile,1.0
12911,rss-alert,rssFeedTrigger,slack,1.0
12912,form-to-endpoint,webhook,httpRequest,1.0
12913,morning-metrics,scheduleTrigger,googleSheets,1.0
12914,email-archiver,emailReadImap,googleSheets,0.5
12915,rss-alert,rssFeedTrigger,readWriteFile,0.5
12916,form-to-endpoint,webhook,googleSheets,0.5
12917,morning-metrics,scheduleTrigger,googleSheets,1.0
12918,email-archiver,emailReadImap,readWriteFile,1.0
12919,rss-alert,rssFeedTrigger,slack,1.0
12920,form-to-endpoint,webhook,httpRequest,1.0
12921,morning-metrics,scheduleTrigger,googleSheets,1.0
12922,email-archiver,emailReadImap,readWriteFile,1.0
12923,rss-alert,rssFeedTrigger,slack,1.0
12924,form-to-endpoint,webhook,httpRequest,1.0
12925,morning-metrics,scheduleTrigger,googleSheets,1.0
12926,email-archiver,emailReadImap,readWriteFile,1.0
12927,rss-alert,rssFeedTrigger,googleSheets,0.5
12928,form-to-endpoint,webhook,httpRequest,1.0
12929,morning-metrics,scheduleTrigger,googleSheets,1.0
12930,email-archiver,emailReadImap,readWriteFile,1.0
12931,rss-alert,rssFeedTrigger,slack,1.0
12932,form-to-endpoint,webhook,httpRequest,1.0
12933,morning-metrics,scheduleTrigger,googleSheets,1.0
12934,email-archiver,emailReadImap,readWriteFile,1.0
12935,rss-alert,rssFeedTrigger,slack,1.0
12936,form-to-endpoint,webhook,httpRequest,1.0
12937,morning-metrics,scheduleTrigger,googleSheets,1.0
12938,email-archiver,emailReadImap,readWriteFile,1.0
12939,rss-alert,rssFeedTrigger,slack,1.0
12940,form-to-endpoint,webhook,httpRequest,1.0
12941,morning-metrics,scheduleTrigger,googleSheets,1.0
12942,email-archiver,emailReadImap,readWriteFile,1.0
12943,rss-alert,rssFeedTrigger,slack,1.0
12944,form-to-endpoint,webhook,httpRequest,1.0
12945,morning-metrics,scheduleTrigger,googleSheets,1.0
12946,email-archiver,emailReadImap,readWriteFile,1.0
12947,rss-alert,rssFeedTrigger,slack,1.0
12948,form-to-endpoint,webhook,httpRequest,1.0
12949,morning-metrics,scheduleTrigger,googleSheets,1.0
12950,email-archiver,emailReadImap,readWriteFile,1.0
12951,rss-alert,rssFeedTrigger,slack,1.0
12952,form-to-endpoint,webhook,httpRequest,1.0
12953,morning-metrics,webhook,googleSheets,0.5
12954,email-archiver,emailReadImap,readWriteFile,1.0
12955,rss-alert,rssFeedTrigger,slack,1.0
12956,form-to-endpoint,webhook,httpRequest,1.0
12957,morning-metrics,rssFeedTrigger,googleSheets,0.5
12958,email-archiver,rssFeedTrigger,readWriteFile,0.5
12959,rss-alert,rssFeedTrigger,readWriteFile,0.5
12960,form-to-endpoint,webhook,httpRequest,1.0
12961,morning-metrics,scheduleTrigger,googleSheets,1.0
12962,email-archiver,emailReadImap,readWriteFile,1.0
12963,rss-alert,rssFeedTrigger,slack,1.0
12964,form-to-endpoint,webhook,httpRequest,1.0
12965,morning-metrics,scheduleTrigger,googleSheets,1.0
12966,email-archiver,emailReadImap,readWriteFile,1.0
12967,rss-alert,rssFeedTrigger,slack,1.0
12968,form-to-endpoint,webhook,httpRequest,1.0
12969,morning-metrics,scheduleTrigger,googleSheets,1.0
12970,email-archiver,emailReadImap,readWriteFile,1.0
12971,rss-alert,rssFeedTrigger,slack,1.0
12972,form-to-endpoint,webhook,httpRequest,1.0
12973,morning-metrics,scheduleTrigger,googleSheets,1.0
12974,email-archiver,emailReadImap,readWriteFile,1.0
12975,rss-alert,rssFeedTrigger,slack,1.0
12976,form-to-endpoint,webhook,httpRequest,1.0
12977,morning-metrics,webhook,googleSheets,0.5
12978,email-archiver,emailReadImap,readWriteFile,1.0
12979,rss-alert,rssFeedTrigger,slack,1.0
12980,form-to-endpoint,webhook,httpRequest,1.0
12981,morning-metrics,scheduleTrigger,googleSheets,1.0
12982,email-archiver,emailReadImap,readWriteFile,1.0
12983,rss-alert,rssFeedTrigger,slack,1.0
12984,form-to-endpoint,emailReadImap,slack,0.0
12985,morning-metrics,scheduleTrigger,googleSheets,1.0
12986,email-archiver,emailReadImap,readWriteFile,1.0
12987,rss-alert,rssFeedTrigger,slack,1.0
12988,form-to-endpoint,rssFeedTrigger,httpRequest,0.5
12989,morning-metrics,scheduleTrigger,googleSheets,1.0
12990,email-archiver,emailReadImap,readWriteFile,1.0
12991,rss-alert,rssFeedTrigger,slack,1.0
12992,form-to-endpoint,webhook,httpRequest,1.0
12993,morning-metrics,scheduleTrigger,googleSheets,1.0
12994,email-archiver,emailReadImap,googleSheets,0.5
12995,rss-alert,rssFeedTrigger,slack,1.0
12996,form-to-endpoint,webhook,httpRequest,1.0
12997,morning-metrics,scheduleTrigger,googleSheets,1.0
12998,email-archiver,emailReadImap,readWriteFile,1.0
12999,rss-alert,rssFeedTrigger,slack,1.0
13000,form-to-endpoint,webhook,httpRequest,1.0
13001,morning-metrics,scheduleTrigger,googleSheets,1.0
13002,email-archiver,emailReadImap,readWriteFile,1.0
13003,rss-alert,rssFeedTrigger,slack,1.0
13004,form-to-endpoint,webhook,httpRequest,1.0
13005,morning-metrics,webhook,googleSheets,0.5
13006,email-archiver,emailReadImap,readWriteFile,1.0
13007,rss-alert,rssFeedTrigger,slack,1.0
13008,form-to-endpoint,webhook,httpRequest,1.0
13009,morning-metrics,scheduleTrigger,googleSheets,1.0
13010,email-archiver,emailReadImap,readWriteFile,1.0
13011,rss-alert,rssFeedTrigger,slack,1.0
13012,form-to-endpoint,webhook,httpRequest,1.0
13013,morning-metrics,scheduleTrigger,googleSheets,1.0
13014,email-archiver,webhook,readWriteFile,0.5
13015,rss-alert,rssFeedTrigger,slack,1.0
13016,form-to-endpoint,webhook,httpRequest,1.0
13017,morning-metrics,scheduleTrigger,googleSheets,1.0
13018,email-archiver,emailReadImap,readWriteFile,1.0
13019,rss-alert,rssFeedTrigger,slack,1.0
13020,form-to-endpoint,webhook,httpRequest,1.0
13021,morning-metrics,scheduleTrigger,googleSheets,1.0
13022,email-archiver,emailReadImap,readWriteFile,1.0
13023,rss-alert,rssFeedTrigger,slack,1.0
13024,form-to-endpoint,scheduleTrigger,httpRequest,0.5
13025,morning-metrics,scheduleTrigger,googleSheets,1.0
13026,email-archiver,webhook,readWriteFile,0.5
13027,rss-alert,rssFeedTrigger,slack,1.0
13028,form-to-endpoint,webhook,httpRequest,1.0
13029,morning-metrics,rssFeedTrigger,googleSheets,0.5
13030,email-archiver,emailReadImap,readWriteFile,1.0
13031,rss-alert,rssFeedTrigger,slack,1.0
13032,form-to-endpoint,webhook,httpRequest,1.0
13033,morning-metrics,scheduleTrigger,googleSheets,1.0
13034,email-archiver,emailReadImap,readWriteFile,1.0
13035,rss-alert,rssFeedTrigger,slack,1.0
13036,form-to-endpoint,webhook,httpRequest,1.0
13037,morning-metrics,webhook,googleSheets,0.5
13038,email-archiver,emailReadImap,readWriteFile,1.0
13039,rss-alert,rssFeedTrigger,slack,1.0
13040,form-to-endpoint,webhook,httpRequest,1.0
13041,morning-metrics,rssFeedTrigger,googleSheets,0.5
13042,email-archiver,emailReadImap,readWriteFile,1.0
13043,rss-alert,rssFeedTrigger,slack,1.0
13044,form-to-endpoint,webhook,httpRequest,1.0
13045,morning-metrics,scheduleTrigger,googleSheets,1.0
13046,email-archiver,emailReadImap,readWriteFile,1.0
13047,rss-alert,rssFeedTrigger,slack,1.0
13048,form-to-endpoint,webhook,httpRequest,1.0
13049,morning-metrics,scheduleTrigger,googleSheets,1.0
13050,email-archiver,emailReadImap,readWriteFile,1.0
13051,rss-alert,rssFeedTrigger,readWriteFile,0.5
13052,form-to-endpoint,webhook,googleSheets,0.5
13053,morning-metrics,scheduleTrigger,googleSheets,1.0
13054,email-archiver,emailReadImap,readWriteFile,1.0
13055,rss-alert,rssFeedTrigger,slack,1.0
13056,form-to-endpoint,webhook,httpRequest,1.0
13057,morning-metrics,scheduleTrigger,googleSheets,1.0
13058,email-archiver,emailReadImap,readWriteFile,1.0
13059,rss-alert,rssFeedTrigger,slack,1.0
13060,form-to-endpoint,webhook,httpRequest,1.0
13061,morning-metrics,scheduleTrigger,googleSheets,1.0
13062,email-archiver,scheduleTrigger,readWriteFile,0.5
13063,rss-alert,rssFeedTrigger,readWriteFile,0.5
13064,form-to-endpoint,webhook,httpRequest,1.0
13065,morning-metrics,scheduleTrigger,googleSheets,1.0
13066,email-archiver,emailReadImap,readWriteFile,1.0
13067,rss-alert,rssFeedTrigger,slack,1.0
13068,form-to-endpoint,webhook,httpRequest,1.0
13069,morning-metrics,scheduleTrigger,googleSheets,1.0
13070,email-archiver,scheduleTrigger,readWriteFile,0.5
13071,rss-alert,rssFeedTrigger,slack,1.0
13072,form-to-endpoint,webhook,httpRequest,1.0
13073,morning-metrics,scheduleTrigger,googleSheets,1.0
13074,email-archiver,emailReadImap,httpRequest,0.5
13075,rss-alert,rssFeedTrigger,slack,1.0
13076,form-to-endpoint,webhook,httpRequest,1.0
13077,morning-metrics,scheduleTrigger,googleSheets,1.0
13078,email-archiver,webhook,readWriteFile,0.5
13079,rss-alert,scheduleTrigger,slack,0.5
13080,form-to-endpoint,webhook,httpRequest,1.0
13081,morning-metrics,rssFeedTrigger,googleSheets,0.5
13082,email-archiver,emailReadImap,readWriteFile,1.0
13083,rss-alert,rssFeedTrigger,slack,1.0
13084,form-to-endpoint,webhook,httpRequest,1.0
13085,morning-metrics,scheduleTrigger,googleSheets,1.0
13086,email-archiver,emailReadImap,readWriteFile,1.0
13087,rss-alert,rssFeedTrigger,slack,1.0
13088,form-to-endpoint,webhook,httpRequest,1.0
13089,morning-metrics,scheduleTrigger,googleSheets,1.0
13090,email-archiver,emailReadImap,readWriteFile,1.0
13091,rss-alert,emailReadImap,slack,0.5
13092,form-to-endpoint,webhook,httpRequest,1.0
13093,morning-metrics,scheduleTrigger,googleSheets,1.0
13094,email-archiver,emailReadImap,readWriteFile,1.0
13095,rss-alert,rssFeedTrigger,slack,1.0
13096,form-to-endpoint,webhook,slack,0.5
13097,morning-metrics,scheduleTrigger,googleSheets,1.0
13098,email-archiver,emailReadImap,readWriteFile,1.0
13099,rss-alert,rssFeedTrigger,slack,1.0
13100,form-to-endpoint,webhook,httpRequest,1.0
13101,morning-metrics,scheduleTrigger,googleSheets,1.0
13102,email-archiver,emailReadImap,readWriteFile,1.0
13103,rss-alert,rssFeedTrigger,slack,1.0
13104,form-to-endpoint,webhook,httpRequest,1.0
13105,morning-metrics,scheduleTrigger,googleSheets,1.0
13106,email-archiver,rssFeedTrigger,readWriteFile,0.5
13107,rss-alert,rssFeedTrigger,slack,1.0
13108,form-to-endpoint,webhook,httpRequest,1.0
13109,morning-metrics,scheduleTrigger,googleSheets,1.0
13110,email-archiver,emailReadImap,readWriteFile,1.0
13111,rss-alert,rssFeedTrigger,slack,1.0
13112,form-to-endpoint,webhook,httpRequest,1.0
13113,morning-metrics,scheduleTrigger,googleSheets,1.0
13114,email-archiver,emailReadImap,readWriteFile,1.0
13115,rss-alert,rssFeedTrigger,slack,1.0
13116,form-to-endpoint,webhook,httpRequest,1.0
13117,morning-metrics,scheduleTrigger,slack,0.5
13118,email-archiver,emailReadImap,readWriteFile,1.0
13119,rss-alert,rssFeedTrigger,slack,1.0
13120,form-to-endpoint,webhook,httpRequest,1.0
13121,morning-metrics,emailReadImap,googleSheets,0.5
13122,email-archiver,emailReadImap,readWriteFile,1.0
13123,rss-alert,rssFeedTrigger,googleSheets,0.5
13124,form-to-endpoint,webhook,httpRequest,1.0
13125,morning-metrics,scheduleTrigger,googleSheets,1.0
13126,email-archiver,emailReadImap,readWriteFile,1.0
13127,rss-alert,rssFeedTrigger,slack,1.0
13128,form-to-endpoint,webhook,httpRequest,1.0
13129,morning-metrics,scheduleTrigger,httpRequest,0.5
13130,email-archiver,emailReadImap,readWriteFile,1.0
13131,rss-alert,rssFeedTrigger,slack,1.0
13132,form-to-endpoint,webhook,httpRequest,1.0
13133,morning-metrics,scheduleTrigger,googleSheets,1.0
13134,email-archiver,emailReadImap,readWriteFile,1.0
13135,rss-alert,rssFeedTrigger,slack,1.0
13136,form-to-endpoint,webhook,httpRequest,1.0
13137,morning-metrics,scheduleTrigger,googleSheets,1.0
13138,email-archiver,emailReadImap,readWriteFile,1.0
13139,rss-alert,rssFeedTrigger,slack,1.0
13140,form-to-endpoint,webhook,httpRequest,1.0
13141,morning-metrics,scheduleTrigger,googleSheets,1.0
13142,email-archiver,emailReadImap,readWriteFile,1.0
13143,rss-alert,rssFeedTrigger,slack,1.0
13144,form-to-endpoint,webhook,readWriteFile,0.5
13145,morning-metrics,rssFeedTrigger,googleSheets,0.5
13146,email-archiver,emailReadImap,readWriteFile,1.0
13147,rss-alert,rssFeedTrigger,slack,1.0
13148,form-to-endpoint,webhook,httpRequest,1.0
13149,morning-metrics,scheduleTrigger,googleSheets,1.0
13150,email-archiver,webhook,readWriteFile,0.5
13151,rss-alert,webhook,slack,0.5
13152,form-to-endpoint,webhook,httpRequest,1.0
13153,morning-metrics,scheduleTrigger,slack,0.5
13154,email-archiver,emailReadImap,readWriteFile,1.0
13155,rss-alert,rssFeedTrigger,slack,1.0
13156,form-to-endpoint,webhook,httpRequest,1.0
13157,morning-metrics,scheduleTrigger,googleSheets,1.0
13158,email-archiver,emailReadImap,readWriteFile,1.0
13159,rss-alert,rssFeedTrigger,slack,1.0
13160,form-to-endpoint,webhook,httpRequest,1.0
13161,morning-metrics,scheduleTrigger,googleSheets,1.0
13162,email-archiver,emailReadImap,readWriteFile,1.0
13163,rss-alert,rssFeedTrigger,slack,1.0
13164,form-to-endpoint,webhook,httpRequest,1.0
13165,morning-metrics,scheduleTrigger,googleSheets,1.0
13166,email-archiver,emailReadImap,readWriteFile,1.0
13167,rss-alert,rssFeedTrigger,slack,1.0
13168,form-to-endpoint,webhook,httpRequest,1.0
13169,morning-metrics,scheduleTrigger,googleSheets,1.0
13170,email-archiver,emailReadImap,readWriteFile,1.0
13171,rss-alert,rssFeedTrigger,slack,1.0
13172,form-to-endpoint,webhook,httpRequest,1.0
13173,morning-metrics,webhook,googleSheets,0.5
13174,email-archiver,emailReadImap,readWriteFile,1.0
13175,rss-alert,rssFeedTrigger,slack,1.0
13176,form-to-endpoint,webhook,httpRequest,1.0
13177,morning-metrics,scheduleTrigger,googleSheets,1.0
13178,email-archiver,emailReadImap,readWriteFile,1.0
13179,rss-alert,rssFeedTrigger,slack,1.0
13180,form-to-endpoint,webhook,httpRequest,1.0
13181,morning-metrics,scheduleTrigger,googleSheets,1.0
13182,email-archiver,emailReadImap,readWriteFile,1.0
13183,rss-alert,rssFeedTrigger,slack,1.0
13184,form-to-endpoint,webhook,httpRequest,1.0
13185,morning-metrics,scheduleTrigger,googleSheets,1.0
13186,email-archiver,rssFeedTrigger,readWriteFile,0.5
13187,rss-alert,rssFeedTrigger,slack,1.0
13188,form-to-endpoint,webhook,httpRequest,1.0
13189,morning-metrics,scheduleTrigger,googleSheets,1.0
13190,email-archiver,emailReadImap,slack,0.5
13191,rss-alert,rssFeedTrigger,slack,1.0
13192,form-to-endpoint,webhook,httpRequest,1.0
13193,morning-metrics,scheduleTrigger,googleSheets,1.0
13194,email-archiver,emailReadImap,readWriteFile,1.0
13195,rss-alert,rssFeedTrigger,slack,1.0
13196,form-to-endpoint,webhook,httpRequest,1.0
13197,morning-metrics,scheduleTrigger,googleSheets,1.0
13198,email-archiver,emailReadImap,readWriteFile,1.0
13199,rss-alert,rssFeedTrigger,slack,1.0
13200,form-to-endpoint,webhook,httpRequest,1.0
13201,morning-metrics,emailReadImap,googleSheets,0.5
13202,email-archiver,emailReadImap,readWriteFile,1.0
13203,rss-alert,rssFeedTrigger,slack,1.0
13204,form-to-endpoint,webhook,httpRequest,1.0
13205,morning-metrics,scheduleTrigger,googleSheets,1.0
13206,email-archiver,emailReadImap,readWriteFile,1.0
13207,rss-alert,rssFeedTrigger,slack,1.0
13208,form-to-endpoint,webhook,httpRequest,1.0
13209,morning-metrics,scheduleTrigger,googleSheets,1.0
13210,email-archiver,emailReadImap,readWriteFile,1.0
13211,rss-alert,scheduleTrigger,slack,0.5
13212,form-to-endpoint,webhook,googleSheets,0.5
13213,morning-metrics,scheduleTrigger,googleSheets,1.0
13214,email-archiver,emailReadImap,readWriteFile,1.0
13215,rss-alert,rssFeedTrigger,slack,1.0
13216,form-to-endpoint,webhook,httpRequest,1.0
13217,morning-metrics,scheduleTrigger,googleSheets,1.0
13218,email-archiver,emailReadImap,readWriteFile,1.0
13219,rss-alert,rssFeedTrigger,slack,1.0
13220,form-to-endpoint,webhook,httpRequest,1.0
13221,morning-metrics,scheduleTrigger,googleSheets,1.0
13222,email-archiver,emailReadImap,readWriteFile,1.0
13223,rss-alert,rssFeedTrigger,slack,1.0
13224,form-to-endpoint,webhook,httpRequest,1.0
13225,morning-metrics,scheduleTrigger,googleSheets,1.0
13226,email-archiver,emailReadImap,readWriteFile,1.0
13227,rss-alert,rssFeedTrigger,slack,1.0
13228,form-to-endpoint,webhook,httpRequest,1.0
13229,morning-metrics,scheduleTrigger,googleSheets,1.0
13230,email-archiver,emailReadImap,readWriteFile,1.0
13231,rss-alert,rssFeedTrigger,slack,1.0
13232,form-to-endpoint,webhook,httpRequest,1.0
13233,morning-metrics,scheduleTrigger,googleSheets,1.0
13234,email-archiver,emailReadImap,readWriteFile,1.0
13235,rss-alert,rssFeedTrigger,slack,1.0
13236,form-to-endpoint,webhook,httpRequest,1.0
13237,morning-metrics,scheduleTrigger,googleSheets,1.0
13238,email-archiver,emailReadImap,readWriteFile,1.0
13239,rss-alert,rssFeedTrigger,slack,1.0
13240,form-to-endpoint,rssFeedTrigger,httpRequest,0.5
13241,morning-metrics,scheduleTrigger,googleSheets,1.0
13242,email-archiver,emailReadImap,readWriteFile,1.0
13243,rss-alert,rssFeedTrigger,slack,1.0
13244,form-to-endpoint,webhook,httpRequest,1.0
13245,morning-metrics,scheduleTrigger,googleSheets,1.0
13246,email-archiver,rssFeedTrigger,readWriteFile,0.5
13247,rss-alert,rssFeedTrigger,slack,1.0
13248,form-to-endpoint,webhook,httpRequest,1.0
13249,morning-metrics,scheduleTrigger,googleSheets,1.0
13250,email-archiver,emailReadImap,readWriteFile,1.0
13251,rss-alert,rssFeedTrigger,slack,1.0
13252,form-to-endpoint,webhook,slack,0.5
13253,morning-metrics,scheduleTrigger,googleSheets,1.0
13254,email-archiver,emailReadImap,readWriteFile,1.0
13255,rss-alert,rssFeedTrigger,slack,1.0
13256,form-to-endpoint,webhook,readWriteFile,0.5
13257,morning-metrics,scheduleTrigger,googleSheets,1.0
13258,email-archiver,emailReadImap,readWriteFile,1.0
13259,rss-alert,rssFeedTrigger,slack,1.0
13260,form-to-endpoint,webhook,httpRequest,1.0
13261,morning-metrics,scheduleTrigger,readWriteFile,0.5
13262,email-archiver,emailReadImap,readWriteFile,1.0
13263,rss-alert,rssFeedTrigger,slack,1.0
13264,form-to-endpoint,webhook,httpRequest,1.0
13265,morning-metrics,scheduleTrigger,googleSheets,1.0
13266,email-archiver,emailReadImap,readWriteFile,1.0
13267,rss-alert,rssFeedTrigger,slack,1.0
13268,form-to-endpoint,webhook,httpRequest,1.0
13269,morning-metrics,scheduleTrigger,googleSheets,1.0
13270,email-archiver,emailReadImap,httpRequest,0.5
13271,rss-alert,rssFeedTrigger,slack,1.0
13272,form-to-endpoint,webhook,httpRequest,1.0
13273,morning-metrics,scheduleTrigger,googleSheets,1.0
13274,email-archiver,emailReadImap,readWriteFile,1.0
13275,rss-alert,rssFeedTrigger,slack,1.0
13276,form-to-endpoint,webhook,httpRequest,1.0
13277,morning-metrics,emailReadImap,googleSheets,0.5
13278,email-archiver,webhook,readWriteFile,0.5
13279,rss-alert,rssFeedTrigger,slack,1.0
13280,form-to-endpoint,webhook,httpRequest,1.0
13281,morning-metrics,webhook,googleSheets,0.5
13282,email-archiver,emailReadImap,readWriteFile,1.0
13283,rss-alert,rssFeedTrigger,slack,1.0
13284,form-to-endpoint,scheduleTrigger,httpRequest,0.5
13285,morning-metrics,scheduleTrigger,googleSheets,1.0
13286,email-archiver,emailReadImap,readWriteFile,1.0
13287,rss-alert,webhook,slack,0.5
13288,form-to-endpoint,webhook,httpRequest,1.0
13289,morning-metrics,scheduleTrigger,googleSheets,1.0
13290,email-archiver,emailReadImap,readWriteFile,1.0
13291,rss-alert,rssFeedTrigger,slack,1.0
13292,form-to-endpoint,webhook,readWriteFile,0.5
13293,morning-metrics,scheduleTrigger,googleSheets,1.0
13294,email-archiver,emailReadImap,readWriteFile,1.0
13295,rss-alert,rssFeedTrigger,slack,1.0
13296,form-to-endpoint,webhook,httpRequest,1.0
13297,morning-metrics,scheduleTrigger,googleSheets,1.0
13298,email-archiver,webhook,readWriteFile,0.5
13299,rss-alert,rssFeedTrigger,slack,1.0
13300,form-to-endpoint,webhook,httpRequest,1.0
13301,morning-metrics,scheduleTrigger,googleSheets,1.0
13302,email-archiver,emailReadImap,readWriteFile,1.0
13303,rss-alert,rssFeedTrigger,slack,1.0
13304,form-to-endpoint,webhook,httpRequest,1.0
13305,morning-metrics,scheduleTrigger,googleSheets,1.0
13306,email-archiver,emailReadImap,readWriteFile,1.0
13307,rss-alert,rssFeedTrigger,slack,1.0
13308,form-to-endpoint,webhook,httpRequest,1.0
13309,morning-metrics,scheduleTrigger,googleSheets,1.0
13310,email-archiver,emailReadImap,httpRequest,0.5
13311,rss-alert,rssFeedTrigger,slack,1.0
13312,form-to-endpoint,webhook,httpRequest,1.0
13313,morning-metrics,scheduleTrigger,googleSheets,1.0
13314,email-archiver,emailReadImap,readWriteFile,1.0
13315,rss-alert,rssFeedTrigger,slack,1.0
13316,form-to-endpoint,webhook,httpRequest,1.0
13317,morning-metrics,scheduleTrigger,googleSheets,1.0
13318,email-archiver,emailReadImap,slack,0.5
13319,rss-alert,rssFeedTrigger,slack,1.0
13320,form-to-endpoint,webhook,googleSheets,0.5
13321,morning-metrics,scheduleTrigger,googleSheets,1.0
13322,email-archiver,emailReadImap,readWriteFile,1.0
13323,rss-alert,rssFeedTrigger,slack,1.0
13324,form-to-endpoint,webhook,httpRequest,1.0
13325,morning-metrics,scheduleTrigger,googleSheets,1.0
13326,email-archiver,emailReadImap,readWriteFile,1.0
13327,rss-alert,rssFeedTrigger,slack,1.0
13328,form-to-endpoint,emailReadImap,httpRequest,0.5
13329,morning-metrics,scheduleTrigger,slack,0.5
13330,email-archiver,emailReadImap,readWriteFile,1.0
13331,rss-alert,rssFeedTrigger,slack,1.0
13332,form-to-endpoint,webhook,httpRequest,1.0
13333,morning-metrics,scheduleTrigger,googleSheets,1.0
13334,email-archiver,emailReadImap,readWriteFile,1.0
13335,rss-alert,rssFeedTrigger,slack,1.0
13336,form-to-endpoint,webhook,httpRequest,1.0
13337,morning-metrics,scheduleTrigger,googleSheets,1.0
13338,email-archiver,emailReadImap,readWriteFile,1.0
13339,rss-alert,rssFeedTrigger,slack,1.0
13340,form-to-endpoint,webhook,httpRequest,1.0
13341,morning-metrics,scheduleTrigger,googleSheets,1.0
13342,email-archiver,emailReadImap,readWriteFile,1.0
13343,rss-alert,rssFeedTrigger,slack,1.0
13344,form-to-endpoint,webhook,httpRequest,1.0
13345,morning-metrics,scheduleTrigger,readWriteFile,0.5
13346,email-archiver,emailReadImap,readWriteFile,1.0
13347,rss-alert,rssFeedTrigger,readWriteFile,0.5
13348,form-to-endpoint,webhook,httpRequest,1.0
13349,morning-metrics,scheduleTrigger,googleSheets,1.0
13350,email-archiver,emailReadImap,readWriteFile,1.0
13351,rss-alert,rssFeedTrigger,slack,1.0
13352,form-to-endpoint,webhook,httpRequest,1.0
13353,morning-metrics,scheduleTrigger,slack,0.5
13354,email-archiver,emailReadImap,readWriteFile,1.0
13355,rss-alert,webhook,httpRequest,0.0
13356,form-to-endpoint,webhook,httpRequest,1.0
13357,morning-metrics,scheduleTrigger,googleSheets,1.0
13358,email-archiver,emailReadImap,slack,0.5
13359,rss-alert,rssFeedTrigger,slack,1.0
13360,form-to-endpoint,webhook,httpRequest,1.0
13361,morning-metrics,scheduleTrigger,googleSheets,1.0
13362,email-archiver,emailReadImap,readWriteFile,1.0
13363,rss-alert,rssFeedTrigger,slack,1.0
13364,form-to-endpoint,webhook,slack,0.5
13365,morning-metrics,rssFeedTrigger,googleSheets,0.5
13366,email-archiver,emailReadImap,googleSheets,0.5
13367,rss-alert,rssFeedTrigger,slack,1.0
13368,form-to-endpoint,webhook,httpRequest,1.0
13369,morning-metrics,scheduleTrigger,googleSheets,1.0
13370,email-archiver,emailReadImap,readWriteFile,1.0
13371,rss-alert,rssFeedTrigger,slack,1.0
13372,form-to-endpoint,webhook,httpRequest,1.0
13373,morning-metrics,scheduleTrigger,googleSheets,1.0
13374,email-archiver,emailReadImap,readWriteFile,1.0
13375,rss-alert,scheduleTrigger,googleSheets,0.0
13376,form-to-endpoint,webhook,httpRequest,1.0
13377,morning-metrics,scheduleTrigger,slack,0.5
13378,email-archiver,scheduleTrigger,readWriteFile,0.5
13379,rss-alert,rssFeedTrigger,slack,1.0
13380,form-to-endpoint,webhook,httpRequest,1.0
13381,morning-metrics,scheduleTrigger,googleSheets,1.0
13382,email-archiver,emailReadImap,readWriteFile,1.0
13383,rss-alert,rssFeedTrigger,slack,1.0
13384,form-to-endpoint,webhook,httpRequest,1.0
13385,morning-metrics,scheduleTrigger,googleSheets,1.0
13386,email-archiver,emailReadImap,readWriteFile,1.0
13387,rss-alert,rssFeedTrigger,slack,1.0
13388,form-to-endpoint,webhook,httpRequest,1.0
13389,morning-metrics,scheduleTrigger,googleSheets,1.0
13390,email-archiver,emailReadImap,httpRequest,0.5
13391,rss-alert,rssFeedTrigger,slack,1.0
13392,form-to-endpoint,webhook,httpRequest,1.0
13393,morning-metrics,scheduleTrigger,googleSheets,1.0
13394,email-archiver,emailReadImap,readWriteFile,1.0
13395,rss-alert,emailReadImap,slack,0.5
13396,form-to-endpoint,webhook,httpRequest,1.0
13397,morning-metrics,scheduleTrigger,googleSheets,1.0
13398,email-archiver,emailReadImap,readWriteFile,1.0
13399,rss-alert,rssFeedTrigger,slack,1.0
13400,form-to-endpoint,webhook,httpRequest,1.0
13401,morning-metrics,scheduleTrigger,googleSheets,1.0
13402,email-archiver,rssFeedTrigger,readWriteFile,0.5
13403,rss-alert,scheduleTrigger,slack,0.5
13404,form-to-endpoint,webhook,httpRequest,1.0
13405,morning-metrics,scheduleTrigger,googleSheets,1.0
13406,email-archiver,emailReadImap,readWriteFile,1.0
13407,rss-alert,rssFeedTrigger,slack,1.0
13408,form-to-endpoint,webhook,httpRequest,1.0
13409,morning-metrics,scheduleTrigger,googleSheets,1.0
13410,email-archiver,emailReadImap,readWriteFile,1.0
13411,rss-alert,rssFeedTrigger,slack,1.0
13412,form-to-endpoint,webhook,googleSheets,0.5
13413,morning-metrics,scheduleTrigger,readWriteFile,0.5
13414,email-archiver,emailReadImap,readWriteFile,1.0
13415,rss-alert,rssFeedTrigger,slack,1.0
13416,form-to-endpoint,webhook,httpRequest,1.0
13417,morning-metrics,scheduleTrigger,googleSheets,1.0
13418,email-archiver,emailReadImap,readWriteFile,1.0
13419,rss-alert,rssFeedTrigger,slack,1.0
13420,form-to-endpoint,webhook,httpRequest,1.0
13421,morning-metrics,scheduleTrigger,googleSheets,1.0
13422,email-archiver,emailReadImap,readWriteFile,1.0
13423,rss-alert,rssFeedTrigger,slack,1.0
13424,form-to-endpoint,webhook,httpRequest,1.0
13425,morning-metrics,scheduleTrigger,googleSheets,1.0
13426,email-archiver,emailReadImap,readWriteFile,1.0
13427,rss-alert,rssFeedTrigger,slack,1.0
13428,form-to-endpoint,webhook,readWriteFile,0.5
13429,morning-metrics,scheduleTrigger,googleSheets,1.0
13430,email-archiver,emailReadImap,readWriteFile,1.0
13431,rss-alert,rssFeedTrigger,slack,1.0
13432,form-to-endpoint,webhook,httpRequest,1.0
13433,morning-metrics,scheduleTrigger,googleSheets,1.0
13434,email-archiver,emailReadImap,readWriteFile,1.0
13435,rss-alert,rssFeedTrigger,slack,1.0
13436,form-to-endpoint,webhook,httpRequest,1.0
13437,morning-metrics,scheduleTrigger,googleSheets,1.0
13438,email-archiver,emailReadImap,readWriteFile,1.0
13439,rss-alert,rssFeedTrigger,slack,1.0
13440,form-to-endpoint,webhook,httpRequest,1.0
13441,morning-metrics,scheduleTrigger,googleSheets,1.0
13442,email-archiver,emailReadImap,readWriteFile,1.0
13443,rss-alert,rssFeedTrigger,httpRequest,0.5
13444,form-to-endpoint,rssFeedTrigger,httpRequest,0.5
13445,morning-metrics,scheduleTrigger,googleSheets,1.0
13446,email-archiver,emailReadImap,readWriteFile,1.0
13447,rss-alert,rssFeedTrigger,slack,1.0
13448,form-to-endpoint,webhook,httpRequest,1.0
13449,morning-metrics,scheduleTrigger,googleSheets,1.0
13450,email-archiver,emailReadImap,readWriteFile,1.0
13451,rss-alert,rssFeedTrigger,googleSheets,0.5
13452,form-to-endpoint,webhook,httpRequest,1.0
13453,morning-metrics,webhook,googleSheets,0.5
13454,email-archiver,emailReadImap,readWriteFile,1.0
13455,rss-alert,rssFeedTrigger,slack,1.0
13456,form-to-endpoint,webhook,httpRequest,1.0
13457,morning-metrics,scheduleTrigger,googleSheets,1.0
13458,email-archiver,emailReadImap,readWriteFile,1.0
13459,rss-alert,rssFeedTrigger,slack,1.0
13460,form-to-endpoint,webhook,httpRequest,1.0
13461,morning-metrics,scheduleTrigger,googleSheets,1.0
13462,email-archiver,emailReadImap,readWriteFile,1.0
13463,rss-alert,rssFeedTrigger,slack,1.0
13464,form-to-endpoint,webhook,httpRequest,1.0
13465,morning-metrics,scheduleTrigger,googleSheets,1.0
13466,email-archiver,emailReadImap,readWriteFile,1.0
13467,rss-alert,rssFeedTrigger,slack,1.0
13468,form-to-endpoint,webhook,httpRequest,1.0
13469,morning-metrics,rssFeedTrigger,googleSheets,0.5
13470,email-archiver,emailReadImap,readWriteFile,1.0
13471,rss-alert,rssFeedTrigger,slack,1.0
13472,form-to-endpoint,webhook,httpRequest,1.0
13473,morning-metrics,scheduleTrigger,googleSheets,1.0
13474,email-archiver,emailReadImap,readWriteFile,1.0
13475,rss-alert,rssFeedTrigger,slack,1.0
13476,form-to-endpoint,webhook,httpRequest,1.0
13477,morning-metrics,scheduleTrigger,slack,0.5
13478,email-archiver,emailReadImap,readWriteFile,1.0
13479,rss-alert,rssFeedTrigger,slack,1.0
13480,form-to-endpoint,webhook,httpRequest,1.0
13481,morning-metrics,scheduleTrigger,googleSheets,1.0
13482,email-archiver,rssFeedTrigger,readWriteFile,0.5
13483,rss-alert,rssFeedTrigger,slack,1.0
13484,form-to-endpoint,webhook,httpRequest,1.0
13485,morning-metrics,rssFeedTrigger,googleSheets,0.5
13486,email-archiver,emailReadImap,readWriteFile,1.0
13487,rss-alert,rssFeedTrigger,slack,1.0
13488,form-to-endpoint,webhook,httpRequest,1.0
13489,morning-metrics,scheduleTrigger,googleSheets,1.0
13490,email-archiver,scheduleTrigger,readWriteFile,0.5
13491,rss-alert,rssFeedTrigger,slack,1.0
13492,form-to-endpoint,rssFeedTrigger,httpRequest,0.5
13493,morning-metrics,emailReadImap,googleSheets,0.5
13494,email-archiver,emailReadImap,readWriteFile,1.0
13495,rss-alert,rssFeedTrigger,slack,1.0
13496,form-to-endpoint,webhook,httpRequest,1.0
13497,morning-metrics,scheduleTrigger,googleSheets,1.0
13498,email-archiver,emailReadImap,readWriteFile,1.0
13499,rss-alert,rssFeedTrigger,slack,1.0
13500,form-to-endpoint,webhook,httpRequest,1.0
13501,morning-metrics,scheduleTrigger,googleSheets,1.0
13502,email-archiver,emailReadImap,readWriteFile,1.0
13503,rss-alert,webhook,slack,0.5
13504,form-to-endpoint,webhook,httpRequest,1.0
13505,morning-metrics,scheduleTrigger,googleSheets,1.0
13506,email-archiver,emailReadImap,readWriteFile,1.0
13507,rss-alert,rssFeedTrigger,slack,1.0
13508,form-to-endpoint,webhook,httpRequest,1.0
13509,morning-metrics,scheduleTrigger,googleSheets,1.0
13510,email-archiver,emailReadImap,readWriteFile,1.0
13511,rss-alert,rssFeedTrigger,slack,1.0
13512,form-to-endpoint,webhook,httpRequest,1.0
13513,morning-metrics,scheduleTrigger,googleSheets,1.0
13514,email-archiver,emailReadImap,readWriteFile,1.0
13515,rss-alert,rssFeedTrigger,slack,1.0
13516,form-to-endpoint,webhook,httpRequest,1.0
13517,morning-metrics,scheduleTrigger,googleSheets,1.0
13518,email-archiver,emailReadImap,readWriteFile,1.0
13519,rss-alert,webhook,slack,0.5
13520,form-to-endpoint,webhook,httpRequest,1.0
13521,morning-metrics,scheduleTrigger,googleSheets,1.0
13522,email-archiver,emailReadImap,readWriteFile,1.0
13523,rss-alert,rssFeedTrigger,slack,1.0
13524,form-to-endpoint,webhook,httpRequest,1.0
13525,morning-metrics,scheduleTrigger,googleSheets,1.0
13526,email-archiver,emailReadImap,readWriteFile,1.0
13527,rss-alert,rssFeedTrigger,slack,1.0
13528,form-to-endpoint,webhook,httpRequest,1.0
13529,morning-metrics,scheduleTrigger,googleSheets,1.0
13530,email-archiver,emailReadImap,readWriteFile,1.0
13531,rss-alert,rssFeedTrigger,slack,1.0
13532,form-to-endpoint,emailReadImap,httpRequest,0.5
13533,morning-metrics,scheduleTrigger,googleSheets,1.0
13534,email-archiver,emailReadImap,readWriteFile,1.0
13535,rss-alert,rssFeedTrigger,httpRequest,0.5
13536,form-to-endpoint,webhook,httpRequest,1.0
13537,morning-metrics,scheduleTrigger,googleSheets,1.0
13538,email-archiver,emailReadImap,readWriteFile,1.0
13539,rss-alert,rssFeedTrigger,slack,1.0
13540,form-to-endpoint,webhook,readWriteFile,0.5
13541,morning-metrics,scheduleTrigger,googleSheets,1.0
13542,email-archiver,emailReadImap,readWriteFile,1.0
13543,rss-alert,webhook,slack,0.5
13544,form-to-endpoint,webhook,httpRequest,1.0
13545,morning-metrics,scheduleTrigger,googleSheets,1.0
13546,email-archiver,webhook,httpRequest,0.0
13547,rss-alert,webhook,slack,0.5
13548,form-to-endpoint,webhook,httpRequest,1.0
13549,morning-metrics,scheduleTrigger,googleSheets,1.0
13550,email-archiver,emailReadImap,readWriteFile,1.0
13551,rss-alert,rssFeedTrigger,slack,1.0
13552,form-to-endpoint,webhook,httpRequest,1.0
13553,morning-metrics,scheduleTrigger,googleSheets,1.0
13554,email-archiver,emailReadImap,readWriteFile,1.0
13555,rss-alert,scheduleTrigger,slack,0.5
13556,form-to-endpoint,webhook,httpRequest,1.0
13557,morning-metrics,scheduleTrigger,googleSheets,1.0
13558,email-archiver,emailReadImap,readWriteFile,1.0
13559,rss-alert,rssFeedTrigger,slack,1.0
13560,form-to-endpoint,webhook,httpRequest,1.0
13561,morning-metrics,scheduleTrigger,httpRequest,0.5
13562,email-archiver,emailReadImap,readWriteFile,1.0
13563,rss-alert,rssFeedTrigger,googleSheets,0.5
13564,form-to-endpoint,webhook,httpRequest,1.0
13565,morning-metrics,scheduleTrigger,googleSheets,1.0
13566,email-archiver,webhook,readWriteFile,0.5
13567,rss-alert,rssFeedTrigger,slack,1.0
13568,form-to-endpoint,webhook,httpRequest,1.0
13569,morning-metrics,scheduleTrigger,googleSheets,1.0
13570,email-archiver,emailReadImap,readWriteFile,1.0
13571,rss-alert,rssFeedTrigger,slack,1.0
13572,form-to-endpoint,webhook,httpRequest,1.0
13573,morning-metrics,scheduleTrigger,googleSheets,1.0
13574,email-archiver,emailReadImap,readWriteFile,1.0
13575,rss-alert,scheduleTrigger,googleSheets,0.0
13576,form-to-endpoint,webhook,httpRequest,1.0
13577,morning-metrics,scheduleTrigger,googleSheets,1.0
13578,email-archiver,emailReadImap,readWriteFile,1.0
13579,rss-alert,rssFeedTrigger,httpRequest,0.5
13580,form-to-endpoint,webhook,httpRequest,1.0
13581,morning-metrics,scheduleTrigger,googleSheets,1.0
13582,email-archiver,emailReadImap,readWriteFile,1.0
13583,rss-alert,rssFeedTrigger,slack,1.0
13584,form-to-endpoint,webhook,httpRequest,1.0
13585,morning-metrics,scheduleTrigger,slack,0.5
13586,email-archiver,emailReadImap,readWriteFile,1.0
13587,rss-alert,rssFeedTrigger,slack,1.0
13588,form-to-endpoint,webhook,httpRequest,1.0
13589,morning-metrics,scheduleTrigger,googleSheets,1.0
13590,email-archiver,emailReadImap,readWriteFile,1.0
13591,rss-alert,rssFeedTrigger,slack,1.0
13592,form-to-endpoint,webhook,httpRequest,1.0
13593,morning-metrics,scheduleTrigger,googleSheets,1.0
13594,email-archiver,emailReadImap,readWriteFile,1.0
13595,rss-alert,scheduleTrigger,slack,0.5
13596,form-to-endpoint,webhook,httpRequest,1.0
13597,morning-metrics,scheduleTrigger,googleSheets,1.0
13598,email-archiver,emailReadImap,readWriteFile,1.0
13599,rss-alert,rssFeedTrigger,googleSheets,0.5
13600,form-to-endpoint,webhook,httpRequest,1.0
13601,morning-metrics,scheduleTrigger,googleSheets,1.0
13602,email-archiver,emailReadImap,readWriteFile,1.0
13603,rss-alert,rssFeedTrigger,slack,1.0
13604,form-to-endpoint,webhook,httpRequest,1.0
13605,morning-metrics,scheduleTrigger,googleSheets,1.0
13606,email-archiver,emailReadImap,readWriteFile,1.0
13607,rss-alert,rssFeedTrigger,slack,1.0
13608,form-to-endpoint,webhook,httpRequest,1.0
13609,morning-metrics,scheduleTrigger,googleSheets,1.0
13610,email-archiver,emailReadImap,readWriteFile,1.0
13611,rss-alert,rssFeedTrigger,slack,1.0
13612,form-to-endpoint,webhook,readWriteFile,0.5
13613,morning-metrics,scheduleTrigger,googleSheets,1.0
13614,email-archiver,emailReadImap,readWriteFile,1.0
13615,rss-alert,rssFeedTrigger,slack,1.0
13616,form-to-endpoint,webhook,httpRequest,1.0
13617,morning-metrics,scheduleTrigger,googleSheets,1.0
13618,email-archiver,rssFeedTrigger,readWriteFile,0.5
13619,rss-alert,rssFeedTrigger,httpRequest,0.5
13620,form-to-endpoint,webhook,httpRequest,1.0
13621,morning-metrics,scheduleTrigger,googleSheets,1.0
13622,email-archiver,emailReadImap,readWriteFile,1.0
13623,rss-alert,rssFeedTrigger,readWriteFile,0.5
13624,form-to-endpoint,webhook,httpRequest,1.0
13625,morning-metrics,scheduleTrigger,googleSheets,1.0
13626,email-archiver,emailReadImap,readWriteFile,1.0
13627,rss-alert,rssFeedTrigger,slack,1.0
13628,form-to-endpoint,webhook,httpRequest,1.0
13629,morning-metrics,scheduleTrigger,googleSheets,1.0
13630,email-archiver,rssFeedTrigger,readWriteFile,0.5
13631,rss-alert,scheduleTrigger,slack,0.5
13632,form-to-endpoint,webhook,readWriteFile,0.5
13633,morning-metrics,scheduleTrigger,googleSheets,1.0
13634,email-archiver,emailReadImap,readWriteFile,1.0
13635,rss-alert,rssFeedTrigger,slack,1.0
13636,form-to-endpoint,webhook,httpRequest,1.0
13637,morning-metrics,scheduleTrigger,googleSheets,1.0
13638,email-archiver,emailReadImap,readWriteFile,1.0
13639,rss-alert,rssFeedTrigger,slack,1.0
13640,form-to-endpoint,webhook,httpRequest,1.0
13641,morning-metrics,scheduleTrigger,googleSheets,1.0
13642,email-archiver,emailReadImap,readWriteFile,1.0
13643,rss-alert,rssFeedTrigger,slack,1.0
13644,form-to-endpoint,webhook,httpRequest,1.0
13645,morning-metrics,scheduleTrigger,googleSheets,1.0
13646,email-archiver,emailReadImap,readWriteFile,1.0
13647,rss-alert,rssFeedTrigger,slack,1.0
13648,form-to-endpoint,scheduleTrigger,httpRequest,0.5
13649,morning-metrics,scheduleTrigger,slack,0.5
13650,email-archiver,emailReadImap,readWriteFile,1.0
13651,rss-alert,rssFeedTrigger,slack,1.0
13652,form-to-endpoint,webhook,httpRequest,1.0
13653,morning-metrics,scheduleTrigger,googleSheets,1.0
13654,email-archiver,webhook,readWriteFile,0.5
13655,rss-alert,rssFeedTrigger,slack,1.0
13656,form-to-endpoint,webhook,httpRequest,1.0
13657,morning-metrics,scheduleTrigger,googleSheets,1.0
13658,email-archiver,emailReadImap,readWriteFile,1.0
13659,rss-alert,rssFeedTrigger,readWriteFile,0.5
13660,form-to-endpoint,webhook,httpRequest,1.0
13661,morning-metrics,scheduleTrigger,googleSheets,1.0
13662,email-archiver,emailReadImap,readWriteFile,1.0
13663,rss-alert,rssFeedTrigger,readWriteFile,0.5
13664,form-to-endpoint,webhook,httpRequest,1.0
13665,morning-metrics,scheduleTrigger,googleSheets,1.0
13666,email-archiver,emailReadImap,readWriteFile,1.0
13667,rss-alert,rssFeedTrigger,slack,1.0
13668,form-to-endpoint,webhook,httpRequest,1.0
13669,morning-metrics,scheduleTrigger,googleSheets,1.0
13670,email-archiver,emailReadImap,readWriteFile,1.0
13671,rss-alert,rssFeedTrigger,slack,1.0
13672,form-to-endpoint,webhook,httpRequest,1.0
13673,morning-metrics,scheduleTrigger,googleSheets,1.0
13674,email-archiver,emailReadImap,readWriteFile,1.0
13675,rss-alert,rssFeedTrigger,slack,1.0
13676,form-to-endpoint,webhook,httpRequest,1.0
13677,morning-metrics,scheduleTrigger,googleSheets,1.0
13678,email-archiver,emailReadImap,readWriteFile,1.0
13679,rss-alert,rssFeedTrigger,slack,1.0
13680,form-to-endpoint,webhook,httpRequest,1.0
13681,morning-metrics,scheduleTrigger,googleSheets,1.0
13682,email-archiver,emailReadImap,googleSheets,0.5
13683,rss-alert,rssFeedTrigger,slack,1.0
13684,form-to-endpoint,webhook,httpRequest,1.0
13685,morning-metrics,scheduleTrigger,googleSheets,1.0
13686,email-archiver,emailReadImap,readWriteFile,1.0
13687,rss-alert,rssFeedTrigger,slack,1.0
13688,form-to-endpoint,webhook,httpRequest,1.0
13689,morning-metrics,scheduleTrigger,googleSheets,1.0
13690,email-archiver,emailReadImap,readWriteFile,1.0
13691,rss-alert,rssFeedTrigger,slack,1.0
13692,form-to-endpoint,webhook,httpRequest,1.0
13693,morning-metrics,scheduleTrigger,googleSheets,1.0
13694,email-archiver,webhook,readWriteFile,0.5
13695,rss-alert,rssFeedTrigger,slack,1.0
13696,form-to-endpoint,webhook,httpRequest,1.0
13697,morning-metrics,scheduleTrigger,googleSheets,1.0
13698,email-archiver,emailReadImap,readWriteFile,1.0
13699,rss-alert,rssFeedTrigger,httpRequest,0.5
13700,form-to-endpoint,webhook,httpRequest,1.0
13701,morning-metrics,scheduleTrigger,googleSheets,1.0
13702,email-archiver,emailReadImap,readWriteFile,1.0
13703,rss-alert,rssFeedTrigger,slack,1.0
13704,form-to-endpoint,webhook,readWriteFile,0.5
13705,morning-metrics,scheduleTrigger,googleSheets,1.0
13706,email-archiver,emailReadImap,slack,0.5
13707,rss-alert,rssFeedTrigger,slack,1.0
13708,form-to-endpoint,webhook,httpRequest,1.0
13709,morning-metrics,scheduleTrigger,googleSheets,1.0
13710,email-archiver,emailReadImap,readWriteFile,1.0
13711,rss-alert,rssFeedTrigger,slack,1.0
13712,form-to-endpoint,webhook,readWriteFile,0.5
13713,morning-metrics,scheduleTrigger,googleSheets,1.0
13714,email-archiver,emailReadImap,readWriteFile,1.0
13715,rss-alert,rssFeedTrigger,googleSheets,0.5
13716,form-to-endpoint,webhook,httpRequest,1.0
13717,morning-metrics,scheduleTrigger,googleSheets,1.0
13718,email-archiver,emailReadImap,readWriteFile,1.0
13719,rss-alert,rssFeedTrigger,slack,1.0
13720,form-to-endpoint,webhook,httpRequest,1.0
13721,morning-metrics,scheduleTrigger,googleSheets,1.0
13722,email-archiver,emailReadImap,readWriteFile,1.0
13723,rss-alert,rssFeedTrigger,slack,1.0
13724,form-to-endpoint,webhook,httpRequest,1.0
13725,morning-metrics,scheduleTrigger,googleSheets,1.0
13726,email-archiver,emailReadImap,readWriteFile,1.0
13727,rss-alert,rssFeedTrigger,slack,1.0
13728,form-to-endpoint,webhook,httpRequest,1.0
13729,morning-metrics,scheduleTrigger,googleSheets,1.0
13730,email-archiver,emailReadImap,readWriteFile,1.0
13731,rss-alert,rssFeedTrigger,slack,1.0
13732,form-to-endpoint,webhook,httpRequest,1.0
13733,morning-metrics,scheduleTrigger,httpRequest,0.5
13734,email-archiver,emailReadImap,readWriteFile,1.0
13735,rss-alert,rssFeedTrigger,slack,1.0
13736,form-to-endpoint,webhook,httpRequest,1.0
13737,morning-metrics,scheduleTrigger,googleSheets,1.0
13738,email-archiver,emailReadImap,readWriteFile,1.0
13739,rss-alert,rssFeedTrigger,slack,1.0
13740,form-to-endpoint,webhook,httpRequest,1.0
13741,morning-metrics,scheduleTrigger,googleSheets,1.0
13742,email-archiver,emailReadImap,readWriteFile,1.0
13743,rss-alert,rssFeedTrigger,slack,1.0
13744,form-to-endpoint,webhook,httpRequest,1.0
13745,morning-metrics,scheduleTrigger,googleSheets,1.0
13746,email-archiver,emailReadImap,readWriteFile,1.0
13747,rss-alert,rssFeedTrigger,slack,1.0
13748,form-to-endpoint,webhook,httpRequest,1.0
13749,morning-metrics,scheduleTrigger,googleSheets,1.0
13750,email-archiver,emailReadImap,readWriteFile,1.0
13751,rss-alert,rssFeedTrigger,slack,1.0
13752,form-to-endpoint,webhook,httpRequest,1.0
13753,morning-metrics,scheduleTrigger,googleSheets,1.0
13754,email-archiver,emailReadImap,readWriteFile,1.0
13755,rss-alert,rssFeedTrigger,slack,1.0
13756,form-to-endpoint,webhook,httpRequest,1.0
13757,morning-metrics,scheduleTrigger,googleSheets,1.0
13758,email-archiver,emailReadImap,readWriteFile,1.0
13759,rss-alert,rssFeedTrigger,slack,1.0
13760,form-to-endpoint,webhook,httpRequest,1.0
13761,morning-metrics,scheduleTrigger,googleSheets,1.0
13762,email-archiver,emailReadImap,readWriteFile,1.0
13763,rss-alert,rssFeedTrigger,slack,1.0
13764,form-to-endpoint,webhook,httpRequest,1.0
13765,morning-metrics,scheduleTrigger,googleSheets,1.0
13766,email-archiver,emailReadImap,readWriteFile,1.0
13767,rss-alert,rssFeedTrigger,slack,1.0
13768,form-to-endpoint,webhook,httpRequest,1.0
13769,morning-metrics,scheduleTrigger,googleSheets,1.0
13770,email-archiver,emailReadImap,readWriteFile,1.0
13771,rss-alert,rssFeedTrigger,httpRequest,0.5
13772,form-to-endpoint,webhook,httpRequest,1.0
13773,morning-metrics,scheduleTrigger,googleSheets,1.0
13774,email-archiver,emailReadImap,readWriteFile,1.0
13775,rss-alert,rssFeedTrigger,slack,1.0
13776,form-to-endpoint,webhook,httpRequest,1.0
13777,morning-metrics,scheduleTrigger,googleSheets,1.0
13778,email-archiver,emailReadImap,readWriteFile,1.0
13779,rss-alert,rssFeedTrigger,slack,1.0
13780,form-to-endpoint,webhook,httpRequest,1.0
13781,morning-metrics,scheduleTrigger,googleSheets,1.0
13782,email-archiver,emailReadImap,readWriteFile,1.0
13783,rss-alert,rssFeedTrigger,slack,1.0
13784,form-to-endpoint,webhook,httpRequest,1.0
13785,morning-metrics,scheduleTrigger,googleSheets,1.0
13786,email-archiver,emailReadImap,readWriteFile,1.0
13787,rss-alert,rssFeedTrigger,slack,1.0
13788,form-to-endpoint,webhook,httpRequest,1.0
13789,morning-metrics,scheduleTrigger,googleSheets,1.0
13790,email-archiver,emailReadImap,readWriteFile,1.0
13791,rss-alert,rssFeedTrigger,slack,1.0
13792,form-to-endpoint,webhook,httpRequest,1.0
13793,morning-metrics,emailReadImap,googleSheets,0.5
13794,email-archiver,emailReadImap,readWriteFile,1.0
13795,rss-alert,rssFeedTrigger,slack,1.0
13796,form-to-endpoint,webhook,httpRequest,1.0
13797,morning-metrics,scheduleTrigger,googleSheets,1.0
13798,email-archiver,emailReadImap,readWriteFile,1.0
13799,rss-alert,rssFeedTrigger,slack,1.0
13800,form-to-endpoint,rssFeedTrigger,httpRequest,0.5
13801,morning-metrics,scheduleTrigger,googleSheets,1.0
13802,email-archiver,emailReadImap,readWriteFile,1.0
13803,rss-alert,rssFeedTrigger,slack,1.0
13804,form-to-endpoint,webhook,httpRequest,1.0
13805,morning-metrics,scheduleTrigger,googleSheets,1.0
13806,email-archiver,emailReadImap,readWriteFile,1.0
13807,rss-alert,rssFeedTrigger,slack,1.0
13808,form-to-endpoint,webhook,httpRequest,1.0
13809,morning-metrics,scheduleTrigger,googleSheets,1.0
13810,email-archiver,emailReadImap,readWriteFile,1.0
13811,rss-alert,rssFeedTrigger,slack,1.0
13812,form-to-endpoint,webhook,httpRequest,1.0
13813,morning-metrics,scheduleTrigger,googleSheets,1.0
13814,email-archiver,emailReadImap,readWriteFile,1.0
13815,rss-alert,rssFeedTrigger,slack,1.0
13816,form-to-endpoint,webhook,httpRequest,1.0
13817,morning-metrics,emailReadImap,googleSheets,0.5
13818,email-archiver,emailReadImap,readWriteFile,1.0
13819,rss-alert,rssFeedTrigger,slack,1.0
13820,form-to-endpoint,webhook,httpRequest,1.0
13821,morning-metrics,scheduleTrigger,googleSheets,1.0
13822,email-archiver,emailReadImap,readWriteFile,1.0
13823,rss-alert,rssFeedTrigger,slack,1.0
13824,form-to-endpoint,emailReadImap,googleSheets,0.0
13825,morning-metrics,scheduleTrigger,httpRequest,0.5
13826,email-archiver,emailReadImap,readWriteFile,1.0
13827,rss-alert,scheduleTrigger,slack,0.5
13828,form-to-endpoint,webhook,httpRequest,1.0
13829,morning-metrics,scheduleTrigger,googleSheets,1.0
13830,email-archiver,emailReadImap,readWriteFile,1.0
13831,rss-alert,rssFeedTrigger,readWriteFile,0.5
13832,form-to-endpoint,webhook,httpRequest,1.0
13833,morning-metrics,scheduleTrigger,googleSheets,1.0
13834,email-archiver,emailReadImap,readWriteFile,1.0
13835,rss-alert,rssFeedTrigger,googleSheets,0.5
13836,form-to-endpoint,webhook,httpRequest,1.0
13837,morning-metrics,scheduleTrigger,googleSheets,1.0
13838,email-archiver,emailReadImap,readWriteFile,1.0
13839,rss-alert,rssFeedTrigger,slack,1.0
13840,form-to-endpoint,webhook,googleSheets,0.5
13841,morning-metrics,scheduleTrigger,googleSheets,1.0
13842,email-archiver,rssFeedTrigger,readWriteFile,0.5
13843,rss-alert,rssFeedTrigger,slack,1.0
13844,form-to-endpoint,webhook,httpRequest,1.0
13845,morning-metrics,scheduleTrigger,googleSheets,1.0
13846,email-archiver,emailReadImap,readWriteFile,1.0
13847,rss-alert,rssFeedTrigger,slack,1.0
13848,form-to-endpoint,webhook,readWriteFile,0.5
13849,morning-metrics,scheduleTrigger,googleSheets,1.0
13850,email-archiver,emailReadImap,readWriteFile,1.0
13851,rss-alert,rssFeedTrigger,slack,1.0
13852,form-to-endpoint,webhook,httpRequest,1.0
13853,morning-metrics,scheduleTrigger,googleSheets,1.0
13854,email-archiver,emailReadImap,slack,0.5
13855,rss-alert,rssFeedTrigger,slack,1.0
13856,form-to-endpoint,webhook,httpRequest,1.0
13857,morning-metrics,scheduleTrigger,googleSheets,1.0
13858,email-archiver,emailReadImap,readWriteFile,1.0
13859,rss-alert,rssFeedTrigger,slack,1.0
13860,form-to-endpoint,webhook,httpRequest,1.0
13861,morning-metrics,scheduleTrigger,googleSheets,1.0
13862,email-archiver,emailReadImap,readWriteFile,1.0
13863,rss-alert,rssFeedTrigger,slack,1.0
13864,form-to-endpoint,webhook,httpRequest,1.0
13865,morning-metrics,scheduleTrigger,googleSheets,1.0
13866,email-archiver,emailReadImap,httpRequest,0.5
13867,rss-alert,rssFeedTrigger,slack,1.0
13868,form-to-endpoint,webhook,httpRequest,1.0
13869,morning-metrics,scheduleTrigger,googleSheets,1.0
13870,email-archiver,emailReadImap,readWriteFile,1.0
13871,rss-alert,rssFeedTrigger,slack,1.0
13872,form-to-endpoint,emailReadImap,httpRequest,0.5
13873,morning-metrics,scheduleTrigger,googleSheets,1.0
13874,email-archiver,emailReadImap,readWriteFile,1.0
13875,rss-alert,rssFeedTrigger,slack,1.0
13876,form-to-endpoint,webhook,httpRequest,1.0
13877,morning-metrics,scheduleTrigger,googleSheets,1.0
13878,email-archiver,emailReadImap,readWriteFile,1.0
13879,rss-alert,rssFeedTrigger,slack,1.0
13880,form-to-endpoint,webhook,httpRequest,1.0
13881,morning-metrics,scheduleTrigger,googleSheets,1.0
13882,email-archiver,emailReadImap,readWriteFile,1.0
13883,rss-alert,rssFeedTrigger,slack,1.0
13884,form-to-endpoint,webhook,httpRequest,1.0
13885,morning-metrics,scheduleTrigger,googleSheets,1.0
13886,email-archiver,emailReadImap,readWriteFile,1.0
13887,rss-alert,rssFeedTrigger,slack,1.0
13888,form-to-endpoint,webhook,httpRequest,1.0
13889,morning-metrics,scheduleTrigger,googleSheets,1.0
13890,email-archiver,emailReadImap,readWriteFile,1.0
13891,rss-alert,rssFeedTrigger,slack,1.0
13892,form-to-endpoint,webhook,httpRequest,1.0
13893,morning-metrics,scheduleTrigger,googleSheets,1.0
13894,email-archiver,emailReadImap,readWriteFile,1.0
13895,rss-alert,emailReadImap,slack,0.5
13896,form-to-endpoint,webhook,httpRequest,1.0
13897,morning-metrics,scheduleTrigger,googleSheets,1.0
13898,email-archiver,emailReadImap,readWriteFile,1.0
13899,rss-alert,emailReadImap,slack,0.5
13900,form-to-endpoint,webhook,httpRequest,1.0
13901,morning-metrics,scheduleTrigger,googleSheets,1.0
13902,email-archiver,emailReadImap,readWriteFile,1.0
13903,rss-alert,rssFeedTrigger,slack,1.0
13904,form-to-endpoint,webhook,httpRequest,1.0
13905,morning-metrics,scheduleTrigger,httpRequest,0.5
13906,email-archiver,emailReadImap,readWriteFile,1.0
13907,rss-alert,rssFeedTrigger,slack,1.0
13908,form-to-endpoint,webhook,httpRequest,1.0
13909,morning-metrics,scheduleTrigger,googleSheets,1.0
13910,email-archiver,emailReadImap,readWriteFile,1.0
13911,rss-alert,scheduleTrigger,slack,0.5
13912,form-to-endpoint,webhook,httpRequest,1.0
13913,morning-metrics,scheduleTrigger,googleSheets,1.0
13914,email-archiver,emailReadImap,readWriteFile,1.0
13915,rss-alert,rssFeedTrigger,slack,1.0
13916,form-to-endpoint,webhook,httpRequest,1.0
13917,morning-metrics,scheduleTrigger,googleSheets,1.0
13918,email-archiver,webhook,readWriteFile,0.5
13919,rss-alert,rssFeedTrigger,slack,1.0
13920,form-to-endpoint,webhook,httpRequest,1.0
13921,morning-metrics,scheduleTrigger,googleSheets,1.0
13922,email-archiver,emailReadImap,readWriteFile,1.0
13923,rss-alert,rssFeedTrigger,slack,1.0
13924,form-to-endpoint,webhook,httpRequest,1.0
13925,morning-metrics,scheduleTrigger,googleSheets,1.0
13926,email-archiver,emailReadImap,readWriteFile,1.0
13927,rss-alert,rssFeedTrigger,httpRequest,0.5
13928,form-to-endpoint,webhook,httpRequest,1.0
13929,morning-metrics,scheduleTrigger,googleSheets,1.0
13930,email-archiver,emailReadImap,readWriteFile,1.0
13931,rss-alert,rssFeedTrigger,slack,1.0
13932,form-to-endpoint,webhook,httpRequest,1.0
13933,morning-metrics,emailReadImap,googleSheets,0.5
13934,email-archiver,emailReadImap,readWriteFile,1.0
13935,rss-alert,rssFeedTrigger,slack,1.0
13936,form-to-endpoint,webhook,httpRequest,1.0
13937,morning-metrics,scheduleTrigger,googleSheets,1.0
13938,email-archiver,rssFeedTrigger,readWriteFile,0.5
13939,rss-alert,rssFeedTrigger,slack,1.0
13940,form-to-endpoint,webhook,httpRequest,1.0
13941,morning-metrics,rssFeedTrigger,googleSheets,0.5
13942,email-archiver,emailReadImap,readWriteFile,1.0
13943,rss-alert,rssFeedTrigger,slack,1.0
13944,form-to-endpoint,webhook,httpRequest,1.0
13945,morning-metrics,emailReadImap,googleSheets,0.5
13946,email-archiver,emailReadImap,readWriteFile,1.0
13947,rss-alert,emailReadImap,slack,0.5
13948,form-to-endpoint,webhook,httpRequest,1.0
13949,morning-metrics,scheduleTrigger,googleSheets,1.0
13950,email-archiver,emailReadImap,readWriteFile,1.0
13951,rss-alert,rssFeedTrigger,slack,1.0
13952,form-to-endpoint,webhook,httpRequest,1.0
13953,morning-metrics,scheduleTrigger,googleSheets,1.0
13954,email-archiver,emailReadImap,readWriteFile,1.0
13955,rss-alert,rssFeedTrigger,slack,1.0
13956,form-to-endpoint,webhook,httpRequest,1.0
13957,morning-metrics,scheduleTrigger,googleSheets,1.0
13958,email-archiver,emailReadImap,readWriteFile,1.0
13959,rss-alert,rssFeedTrigger,slack,1.0
13960,form-to-endpoint,rssFeedTrigger,slack,0.0
13961,morning-metrics,scheduleTrigger,googleSheets,1.0
13962,email-archiver,emailReadImap,readWriteFile,1.0
13963,rss-alert,rssFeedTrigger,slack,1.0
13964,form-to-endpoint,webhook,httpRequest,1.0
13965,morning-metrics,scheduleTrigger,googleSheets,1.0
13966,email-archiver,emailReadImap,readWriteFile,1.0
13967,rss-alert,rssFeedTrigger,slack,1.0
13968,form-to-endpoint,scheduleTrigger,httpRequest,0.5
13969,morning-metrics,scheduleTrigger,googleSheets,1.0
13970,email-archiver,emailReadImap,readWriteFile,1.0
13971,rss-alert,rssFeedTrigger,googleSheets,0.5
13972,form-to-endpoint,webhook,httpRequest,1.0
13973,morning-metrics,scheduleTrigger,httpRequest,0.5
13974,email-archiver,emailReadImap,readWriteFile,1.0
13975,rss-alert,rssFeedTrigger,slack,1.0
13976,form-to-endpoint,webhook,httpRequest,1.0
13977,morning-metrics,scheduleTrigger,googleSheets,1.0
13978,email-archiver,emailReadImap,readWriteFile,1.0
13979,rss-alert,rssFeedTrigger,slack,1.0
13980,form-to-endpoint,webhook,httpRequest,1.0
13981,morning-metrics,scheduleTrigger,googleSheets,1.0
13982,email-archiver,emailReadImap,readWriteFile,1.0
13983,rss-alert,rssFeedTrigger,slack,1.0
13984,form-to-endpoint,webhook,httpRequest,1.0
13985,morning-metrics,scheduleTrigger,googleSheets,1.0
13986,email-archiver,emailReadImap,readWriteFile,1.0
13987,rss-alert,rssFeedTrigger,slack,1.0
13988,form-to-endpoint,webhook,httpRequest,1.0
13989,morning-metrics,scheduleTrigger,googleSheets,1.0
13990,email-archiver,emailReadImap,readWriteFile,1.0
13991,rss-alert,rssFeedTrigger,slack,1.0
13992,form-to-endpoint,webhook,httpRequest,1.0
13993,morning-metrics,scheduleTrigger,googleSheets,1.0
13994,email-archiver,emailReadImap,readWriteFile,1.0
13995,rss-alert,rssFeedTrigger,slack,1.0
13996,form-to-endpoint,webhook,slack,0.5
13997,morning-metrics,scheduleTrigger,slack,0.5
13998,email-archiver,emailReadImap,readWriteFile,1.0
13999,rss-alert,rssFeedTrigger,httpRequest,0.5
14000,form-to-endpoint,webhook,httpRequest,1.0
14001,morning-metrics,scheduleTrigger,googleSheets,1.0
14002,email-archiver,emailReadImap,readWriteFile,1.0
14003,rss-alert,rssFeedTrigger,slack,1.0
14004,form-to-endpoint,webhook,httpRequest,1.0
14005,morning-metrics,scheduleTrigger,googleSheets,1.0
14006,email-archiver,emailReadImap,readWriteFile,1.0
14007,rss-alert,scheduleTrigger,slack,0.5
14008,form-to-endpoint,webhook,httpRequest,1.0
14009,morning-metrics,scheduleTrigger,googleSheets,1.0
14010,email-archiver,emailReadImap,readWriteFile,1.0
14011,rss-alert,rssFeedTrigger,slack,1.0
14012,form-to-endpoint,webhook,httpRequest,1.0
14013,morning-metrics,scheduleTrigger,googleSheets,1.0
14014,email-archiver,emailReadImap,slack,0.5
14015,rss-alert,rssFeedTrigger,slack,1.0
14016,form-to-endpoint,webhook,httpRequest,1.0
14017,morning-metrics,scheduleTrigger,googleSheets,1.0
14018,email-archiver,emailReadImap,readWriteFile,1.0
14019,rss-alert,rssFeedTrigger,slack,1.0
14020,form-to-endpoint,webhook,httpRequest,1.0
14021,morning-metrics,scheduleTrigger,googleSheets,1.0
14022,email-archiver,emailReadImap,readWriteFile,1.0
14023,rss-alert,rssFeedTrigger,readWriteFile,0.5
14024,form-to-endpoint,webhook,httpRequest,1.0
14025,morning-metrics,scheduleTrigger,googleSheets,1.0
14026,email-archiver,emailReadImap,readWriteFile,1.0
14027,rss-alert,rssFeedTrigger,slack,1.0
14028,form-to-endpoint,webhook,httpRequest,1.0
14029,morning-metrics,scheduleTrigger,googleSheets,1.0
14030,email-archiver,emailReadImap,readWriteFile,1.0
14031,rss-alert,rssFeedTrigger,slack,1.0
14032,form-to-endpoint,webhook,httpRequest,1.0
14033,morning-metrics,emailReadImap,googleSheets,0.5
14034,email-archiver,emailReadImap,readWriteFile,1.0
14035,rss-alert,rssFeedTrigger,slack,1.0
14036,form-to-endpoint,webhook,httpRequest,1.0
14037,morning-metrics,scheduleTrigger,googleSheets,1.0
14038,email-archiver,emailReadImap,readWriteFile,1.0
14039,rss-alert,webhook,slack,0.5
14040,form-to-endpoint,webhook,httpRequest,1.0
14041,morning-metrics,scheduleTrigger,googleSheets,1.0
14042,email-archiver,emailReadImap,readWriteFile,1.0
14043,rss-alert,rssFeedTrigger,slack,1.0
14044,form-to-endpoint,webhook,httpRequest,1.0
14045,morning-metrics,scheduleTrigger,googleSheets,1.0
14046,email-archiver,emailReadImap,readWriteFile,1.0
14047,rss-alert,rssFeedTrigger,slack,1.0
14048,form-to-endpoint,webhook,slack,0.5
14049,morning-metrics,scheduleTrigger,googleSheets,1.0
14050,email-archiver,emailReadImap,readWriteFile,1.0
14051,rss-alert,rssFeedTrigger,httpRequest,0.5
14052,form-to-endpoint,webhook,readWriteFile,0.5
14053,morning-metrics,scheduleTrigger,googleSheets,1.0
14054,email-archiver,emailReadImap,readWriteFile,1.0
14055,rss-alert,rssFeedTrigger,slack,1.0
14056,form-to-endpoint,webhook,httpRequest,1.0
14057,morning-metrics,scheduleTrigger,googleSheets,1.0
14058,email-archiver,emailReadImap,readWriteFile,1.0
14059,rss-alert,rssFeedTrigger,httpRequest,0.5
14060,form-to-endpoint,webhook,httpRequest,1.0
14061,morning-metrics,rssFeedTrigger,googleSheets,0.5
14062,email-archiver,emailReadImap,readWriteFile,1.0
14063,rss-alert,rssFeedTrigger,slack,1.0
14064,form-to-endpoint,webhook,httpRequest,1.0
14065,morning-metrics,scheduleTrigger,googleSheets,1.0
14066,email-archiver,emailReadImap,readWriteFile,1.0
14067,rss-alert,rssFeedTrigger,slack,1.0
14068,form-to-endpoint,webhook,httpRequest,1.0
14069,morning-metrics,scheduleTrigger,googleSheets,1.0
14070,email-archiver,emailReadImap,httpRequest,0.5
14071,rss-alert,rssFeedTrigger,slack,1.0
14072,form-to-endpoint,webhook,httpRequest,1.0
14073,morning-metrics,scheduleTrigger,googleSheets,1.0
14074,email-archiver,emailReadImap,googleSheets,0.5
14075,rss-alert,rssFeedTrigger,slack,1.0
14076,form-to-endpoint,webhook,readWriteFile,0.5
14077,morning-metrics,scheduleTrigger,googleSheets,1.0
14078,email-archiver,emailReadImap,readWriteFile,1.0
14079,rss-alert,rssFeedTrigger,readWriteFile,0.5
14080,form-to-endpoint,webhook,httpRequest,1.0
14081,morning-metrics,scheduleTrigger,googleSheets,1.0
14082,email-archiver,emailReadImap,readWriteFile,1.0
14083,rss-alert,rssFeedTrigger,readWriteFile,0.5
14084,form-to-endpoint,webhook,httpRequest,1.0
14085,morning-metrics,scheduleTrigger,googleSheets,1.0
14086,email-archiver,emailReadImap,readWriteFile,1.0
14087,rss-alert,rssFeedTrigger,slack,1.0
14088,form-to-endpoint,webhook,httpRequest,1.0
14089,morning-metrics,scheduleTrigger,googleSheets,1.0
14090,email-archiver,emailReadImap,readWriteFile,1.0
14091,rss-alert,rssFeedTrigger,httpRequest,0.5
14092,form-to-endpoint,webhook,httpRequest,1.0
14093,morning-metrics,scheduleTrigger,googleSheets,1.0
14094,email-archiver,emailReadImap,readWriteFile,1.0
14095,rss-alert,rssFeedTrigger,slack,1.0
14096,form-to-endpoint,webhook,httpRequest,1.0
14097,morning-metrics,scheduleTrigger,googleSheets,1.0
14098,email-archiver,emailReadImap,readWriteFile,1.0
14099,rss-alert,rssFeedTrigger,slack,1.0
14100,form-to-endpoint,webhook,httpRequest,1.0
14101,morning-metrics,scheduleTrigger,googleSheets,1.0
14102,email-archiver,emailReadImap,readWriteFile,1.0
14103,rss-alert,rssFeedTrigger,slack,1.0
14104,form-to-endpoint,webhook,httpRequest,1.0
14105,morning-metrics,scheduleTrigger,googleSheets,1.0
14106,email-archiver,emailReadImap,readWriteFile,1.0
14107,rss-alert,rssFeedTrigger,slack,1.0
14108,form-to-endpoint,webhook,httpRequest,1.0
14109,morning-metrics,scheduleTrigger,googleSheets,1.0
14110,email-archiver,emailReadImap,readWriteFile,1.0
14111,rss-alert,rssFeedTrigger,slack,1.0
14112,form-to-endpoint,webhook,httpRequest,1.0
14113,morning-metrics,scheduleTrigger,googleSheets,1.0
14114,email-archiver,emailReadImap,readWriteFile,1.0
14115,rss-alert,rssFeedTrigger,slack,1.0
14116,form-to-endpoint,webhook,httpRequest,1.0
14117,morning-metrics,scheduleTrigger,httpRequest,0.5
14118,email-archiver,emailReadImap,readWriteFile,1.0
14119,rss-alert,rssFeedTrigger,slack,1.0
14120,form-to-endpoint,webhook,httpRequest,1.0
14121,morning-metrics,webhook,googleSheets,0.5
14122,email-archiver,emailReadImap,readWriteFile,1.0
14123,rss-alert,rssFeedTrigger,httpRequest,0.5
14124,form-to-endpoint,webhook,httpRequest,1.0
14125,morning-metrics,scheduleTrigger,googleSheets,1.0
14126,email-archiver,emailReadImap,readWriteFile,1.0
14127,rss-alert,webhook,slack,0.5
14128,form-to-endpoint,scheduleTrigger,httpRequest,0.5
14129,morning-metrics,scheduleTrigger,googleSheets,1.0
14130,email-archiver,emailReadImap,readWriteFile,1.0
14131,rss-alert,rssFeedTrigger,slack,1.0
14132,form-to-endpoint,webhook,httpRequest,1.0
14133,morning-metrics,rssFeedTrigger,googleSheets,0.5
14134,email-archiver,emailReadImap,googleSheets,0.5
14135,rss-alert,rssFeedTrigger,slack,1.0
14136,form-to-endpoint,webhook,httpRequest,1.0
14137,morning-metrics,scheduleTrigger,googleSheets,1.0
14138,email-archiver,emailReadImap,readWriteFile,1.0
14139,rss-alert,rssFeedTrigger,slack,1.0
14140,form-to-endpoint,webhook,httpRequest,1.0
14141,morning-metrics,scheduleTrigger,googleSheets,1.0
14142,email-archiver,emailReadImap,readWriteFile,1.0
14143,rss-alert,rssFeedTrigger,slack,1.0
14144,form-to-endpoint,webhook,readWriteFile,0.5
14145,morning-metrics,scheduleTrigger,googleSheets,1.0
14146,email-archiver,emailReadImap,readWriteFile,1.0
14147,rss-alert,rssFeedTrigger,slack,1.0
14148,form-to-endpoint,webhook,httpRequest,1.0
14149,morning-metrics,scheduleTrigger,googleSheets,1.0
14150,email-archiver,emailReadImap,readWriteFile,1.0
14151,rss-alert,rssFeedTrigger,slack,1.0
14152,form-to-endpoint,webhook,httpRequest,1.0
14153,morning-metrics,scheduleTrigger,googleSheets,1.0
14154,email-archiver,emailReadImap,readWriteFile,1.0
14155,rss-alert,emailReadImap,slack,0.5
14156,form-to-endpoint,webhook,httpRequest,1.0
14157,morning-metrics,scheduleTrigger,googleSheets,1.0
14158,email-archiver,webhook,readWriteFile,0.5
14159,rss-alert,emailReadImap,slack,0.5
14160,form-to-endpoint,webhook,httpRequest,1.0
14161,morning-metrics,scheduleTrigger,googleSheets,1.0
14162,email-archiver,emailReadImap,readWriteFile,1.0
14163,rss-alert,rssFeedTrigger,slack,1.0
14164,form-to-endpoint,webhook,httpRequest,1.0
14165,morning-metrics,scheduleTrigger,googleSheets,1.0
14166,email-archiver,emailReadImap,readWriteFile,1.0
14167,rss-alert,rssFeedTrigger,readWriteFile,0.5
14168,form-to-endpoint,webhook,httpRequest,1.0
14169,morning-metrics,scheduleTrigger,googleSheets,1.0
14170,email-archiver,emailReadImap,httpRequest,0.5
14171,rss-alert,rssFeedTrigger,slack,1.0
14172,form-to-endpoint,webhook,httpRequest,1.0
14173,morning-metrics,scheduleTrigger,googleSheets,1.0
14174,email-archiver,emailReadImap,readWriteFile,1.0
14175,rss-alert,rssFeedTrigger,slack,1.0
14176,form-to-endpoint,webhook,httpRequest,1.0
14177,morning-metrics,scheduleTrigger,httpRequest,0.5
14178,email-archiver,emailReadImap,readWriteFile,1.0
14179,rss-alert,rssFeedTrigger,slack,1.0
14180,form-to-endpoint,webhook,httpRequest,1.0
14181,morning-metrics,scheduleTrigger,googleSheets,1.0
14182,email-archiver,emailReadImap,readWriteFile,1.0
14183,rss-alert,rssFeedTrigger,slack,1.0
14184,form-to-endpoint,webhook,googleSheets,0.5
14185,morning-metrics,scheduleTrigger,googleSheets,1.0
14186,email-archiver,emailReadImap,readWriteFile,1.0
14187,rss-alert,rssFeedTrigger,slack,1.0
14188,form-to-endpoint,webhook,httpRequest,1.0
14189,morning-metrics,scheduleTrigger,googleSheets,1.0
14190,email-archiver,emailReadImap,readWriteFile,1.0
14191,rss-alert,rssFeedTrigger,slack,1.0
14192,form-to-endpoint,webhook,httpRequest,1.0
14193,morning-metrics,scheduleTrigger,googleSheets,1.0
14194,email-archiver,emailReadImap,readWriteFile,1.0
14195,rss-alert,rssFeedTrigger,slack,1.0
14196,form-to-endpoint,webhook,httpRequest,1.0
14197,morning-metrics,scheduleTrigger,googleSheets,1.0
14198,email-archiver,emailReadImap,readWriteFile,1.0
14199,rss-alert,rssFeedTrigger,slack,1.0
14200,form-to-endpoint,webhook,httpRequest,1.0
14201,morning-metrics,scheduleTrigger,googleSheets,1.0
14202,email-archiver,emailReadImap,readWriteFile,1.0
14203,rss-alert,rssFeedTrigger,slack,1.0
14204,form-to-endpoint,webhook,httpRequest,1.0
14205,morning-metrics,rssFeedTrigger,googleSheets,0.5
14206,email-archiver,emailReadImap,readWriteFile,1.0
14207,rss-alert,rssFeedTrigger,slack,1.0
14208,form-to-endpoint,webhook,httpRequest,1.0
14209,morning-metrics,scheduleTrigger,googleSheets,1.0
14210,email-archiver,emailReadImap,readWriteFile,1.0
14211,rss-alert,rssFeedTrigger,slack,1.0
14212,form-to-endpoint,webhook,httpRequest,1.0
14213,morning-metrics,scheduleTrigger,googleSheets,1.0
14214,email-archiver,emailReadImap,readWriteFile,1.0
14215,rss-alert,rssFeedTrigger,slack,1.0
14216,form-to-endpoint,rssFeedTrigger,httpRequest,0.5
14217,morning-metrics,scheduleTrigger,googleSheets,1.0
14218,email-archiver,emailReadImap,readWriteFile,1.0
14219,rss-alert,rssFeedTrigger,slack,1.0
14220,form-to-endpoint,webhook,httpRequest,1.0
14221,morning-metrics,webhook,googleSheets,0.5
14222,email-archiver,emailReadImap,readWriteFile,1.0
14223,rss-alert,rssFeedTrigger,slack,1.0
14224,form-to-endpoint,webhook,httpRequest,1.0
14225,morning-metrics,scheduleTrigger,googleSheets,1.0
14226,email-archiver,emailReadImap,readWriteFile,1.0
14227,rss-alert,rssFeedTrigger,readWriteFile,0.5
14228,form-to-endpoint,webhook,httpRequest,1.0
14229,morning-metrics,scheduleTrigger,googleSheets,1.0
14230,email-archiver,emailReadImap,readWriteFile,1.0
14231,rss-alert,rssFeedTrigger,slack,1.0
14232,form-to-endpoint,webhook,readWriteFile,0.5
14233,morning-metrics,scheduleTrigger,googleSheets,1.0
14234,email-archiver,emailReadImap,readWriteFile,1.0
14235,rss-alert,rssFeedTrigger,slack,1.0
14236,form-to-endpoint,webhook,httpRequest,1.0
14237,morning-metrics,scheduleTrigger,googleSheets,1.0
14238,email-archiver,emailReadImap,readWriteFile,1.0
14239,rss-alert,rssFeedTrigger,slack,1.0
14240,form-to-endpoint,webhook,httpRequest,1.0
14241,morning-metrics,scheduleTrigger,googleSheets,1.0
14242,email-archiver,emailReadImap,readWriteFile,1.0
14243,rss-alert,emailReadImap,slack,0.5
14244,form-to-endpoint,webhook,httpRequest,1.0
14245,morning-metrics,scheduleTrigger,googleSheets,1.0
14246,email-archiver,emailReadImap,readWriteFile,1.0
14247,rss-alert,rssFeedTrigger,slack,1.0
14248,form-to-endpoint,webhook,readWriteFile,0.5
14249,morning-metrics,scheduleTrigger,googleSheets,1.0
14250,email-archiver,emailReadImap,readWriteFile,1.0
14251,rss-alert,rssFeedTrigger,slack,1.0
14252,form-to-endpoint,webhook,httpRequest,1.0
14253,morning-metrics,scheduleTrigger,httpRequest,0.5
14254,email-archiver,scheduleTrigger,readWriteFile,0.5
14255,rss-alert,rssFeedTrigger,slack,1.0
14256,form-to-endpoint,rssFeedTrigger,httpRequest,0.5
14257,morning-metrics,scheduleTrigger,googleSheets,1.0
14258,email-archiver,emailReadImap,readWriteFile,1.0
14259,rss-alert,rssFeedTrigger,slack,1.0
14260,form-to-endpoint,webhook,slack,0.5
14261,morning-metrics,scheduleTrigger,googleSheets,1.0
14262,email-archiver,emailReadImap,readWriteFile,1.0
14263,rss-alert,rssFeedTrigger,slack,1.0
14264,form-to-endpoint,webhook,httpRequest,1.0
14265,morning-metrics,scheduleTrigger,googleSheets,1.0
14266,email-archiver,emailReadImap,readWriteFile,1.0
14267,rss-alert,rssFeedTrigger,slack,1.0
14268,form-to-endpoint,webhook,httpRequest,1.0
14269,morning-metrics,scheduleTrigger,googleSheets,1.0
14270,email-archiver,emailReadImap,readWriteFile,1.0
14271,rss-alert,rssFeedTrigger,slack,1.0
14272,form-to-endpoint,webhook,httpRequest,1.0
14273,morning-metrics,scheduleTrigger,googleSheets,1.0
14274,email-archiver,emailReadImap,readWriteFile,1.0
14275,rss-alert,rssFeedTrigger,slack,1.0
14276,form-to-endpoint,emailReadImap,httpRequest,0.5
14277,morning-metrics,scheduleTrigger,googleSheets,1.0
14278,email-archiver,emailReadImap,readWriteFile,1.0
14279,rss-alert,rssFeedTrigger,slack,1.0
14280,form-to-endpoint,scheduleTrigger,httpRequest,0.5
14281,morning-metrics,scheduleTrigger,googleSheets,1.0
14282,email-archiver,emailReadImap,readWriteFile,1.0
14283,rss-alert,rssFeedTrigger,slack,1.0
14284,form-to-endpoint,webhook,httpRequest,1.0
14285,morning-metrics,scheduleTrigger,googleSheets,1.0
14286,email-archiver,emailReadImap,readWriteFile,1.0
14287,rss-alert,rssFeedTrigger,slack,1.0
14288,form-to-endpoint,webhook,httpRequest,1.0
14289,morning-metrics,scheduleTrigger,googleSheets,1.0
14290,email-archiver,emailReadImap,readWriteFile,1.0
14291,rss-alert,rssFeedTrigger,slack,1.0
14292,form-to-endpoint,webhook,slack,0.5
14293,morning-metrics,scheduleTrigger,googleSheets,1.0
14294,email-archiver,scheduleTrigger,slack,0.0
14295,rss-alert,rssFeedTrigger,slack,1.0
14296,form-to-endpoint,webhook,httpRequest,1.0
14297,morning-metrics,scheduleTrigger,googleSheets,1.0
14298,email-archiver,emailReadImap,readWriteFile,1.0
14299,rss-alert,rssFeedTrigger,slack,1.0
14300,form-to-endpoint,webhook,httpRequest,1.0
14301,morning-metrics,scheduleTrigger,slack,0.5
14302,email-archiver,emailReadImap,slack,0.5
14303,rss-alert,rssFeedTrigger,slack,1.0
14304,form-to-endpoint,webhook,httpRequest,1.0
14305,morning-metrics,scheduleTrigger,googleSheets,1.0
14306,email-archiver,emailReadImap,readWriteFile,1.0
14307,rss-alert,rssFeedTrigger,slack,1.0
14308,form-to-endpoint,webhook,httpRequest,1.0
14309,morning-metrics,scheduleTrigger,googleSheets,1.0
14310,email-archiver,emailReadImap,readWriteFile,1.0
14311,rss-alert,rssFeedTrigger,readWriteFile,0.5
14312,form-to-endpoint,webhook,httpRequest,1.0
14313,morning-metrics,scheduleTrigger,googleSheets,1.0
14314,email-archiver,emailReadImap,readWriteFile,1.0
14315,rss-alert,rssFeedTrigger,slack,1.0
14316,form-to-endpoint,webhook,httpRequest,1.0
14317,morning-metrics,scheduleTrigger,httpRequest,0.5
14318,email-archiver,emailReadImap,readWriteFile,1.0
14319,rss-alert,rssFeedTrigger,slack,1.0
14320,form-to-endpoint,emailReadImap,httpRequest,0.5
14321,morning-metrics,scheduleTrigger,googleSheets,1.0
14322,email-archiver,emailReadImap,readWriteFile,1.0
14323,rss-alert,rssFeedTrigger,slack,1.0
14324,form-to-endpoint,webhook,googleSheets,0.5
14325,morning-metrics,scheduleTrigger,googleSheets,1.0
14326,email-archiver,emailReadImap,readWriteFile,1.0
14327,rss-alert,scheduleTrigger,slack,0.5
14328,form-to-endpoint,webhook,httpRequest,1.0
14329,morning-metrics,scheduleTrigger,googleSheets,1.0
14330,email-archiver,emailReadImap,readWriteFile,1.0
14331,rss-alert,rssFeedTrigger,slack,1.0
14332,form-to-endpoint,webhook,httpRequest,1.0
14333,morning-metrics,scheduleTrigger,googleSheets,1.0
14334,email-archiver,emailReadImap,readWriteFile,1.0
14335,rss-alert,rssFeedTrigger,slack,1.0
14336,form-to-endpoint,webhook,httpRequest,1.0
14337,morning-metrics,scheduleTrigger,googleSheets,1.0
14338,email-archiver,emailReadImap,readWriteFile,1.0
14339,rss-alert,rssFeedTrigger,slack,1.0
14340,form-to-endpoint,webhook,httpRequest,1.0
14341,morning-metrics,scheduleTrigger,googleSheets,1.0
14342,email-archiver,emailReadImap,readWriteFile,1.0
14343,rss-alert,rssFeedTrigger,slack,1.0
14344,form-to-endpoint,webhook,readWriteFile,0.5
14345,morning-metrics,scheduleTrigger,googleSheets,1.0
14346,email-archiver,emailReadImap,readWriteFile,1.0
14347,rss-alert,rssFeedTrigger,slack,1.0
14348,form-to-endpoint,webhook,httpRequest,1.0
14349,morning-metrics,scheduleTrigger,googleSheets,1.0
14350,email-archiver,emailReadImap,readWriteFile,1.0
14351,rss-alert,rssFeedTrigger,slack,1.0
14352,form-to-endpoint,webhook,httpRequest,1.0
14353,morning-metrics,scheduleTrigger,googleSheets,1.0
14354,email-archiver,emailReadImap,readWriteFile,1.0
14355,rss-alert,rssFeedTrigger,slack,1.0
14356,form-to-endpoint,webhook,httpRequest,1.0
14357,morning-metrics,scheduleTrigger,googleSheets,1.0
14358,email-archiver,emailReadImap,googleSheets,0.5
14359,rss-alert,rssFeedTrigger,slack,1.0
14360,form-to-endpoint,webhook,httpRequest,1.0
14361,morning-metrics,scheduleTrigger,googleSheets,1.0
14362,email-archiver,emailReadImap,readWriteFile,1.0
14363,rss-alert,rssFeedTrigger,slack,1.0
14364,form-to-endpoint,webhook,httpRequest,1.0
14365,morning-metrics,scheduleTrigger,googleSheets,1.0
14366,email-archiver,emailReadImap,readWriteFile,1.0
14367,rss-alert,rssFeedTrigger,slack,1.0
14368,form-to-endpoint,webhook,httpRequest,1.0
14369,morning-metrics,scheduleTrigger,googleSheets,1.0
14370,email-archiver,emailReadImap,readWriteFile,1.0
14371,rss-alert,rssFeedTrigger,slack,1.0
14372,form-to-endpoint,webhook,httpRequest,1.0
14373,morning-metrics,scheduleTrigger,googleSheets,1.0
14374,email-archiver,scheduleTrigger,readWriteFile,0.5
14375,rss-alert,rssFeedTrigger,slack,1.0
14376,form-to-endpoint,webhook,httpRequest,1.0
14377,morning-metrics,scheduleTrigger,googleSheets,1.0
14378,email-archiver,emailReadImap,readWriteFile,1.0
14379,rss-alert,rssFeedTrigger,slack,1.0
14380,form-to-endpoint,webhook,httpRequest,1.0
14381,morning-metrics,scheduleTrigger,googleSheets,1.0
14382,email-archiver,emailReadImap,readWriteFile,1.0
14383,rss-alert,rssFeedTrigger,slack,1.0
14384,form-to-endpoint,webhook,httpRequest,1.0
14385,morning-metrics,scheduleTrigger,googleSheets,1.0
14386,email-archiver,emailReadImap,readWriteFile,1.0
14387,rss-alert,rssFeedTrigger,slack,1.0
14388,form-to-endpoint,webhook,httpRequest,1.0
14389,morning-metrics,rssFeedTrigger,googleSheets,0.5
14390,email-archiver,emailReadImap,readWriteFile,1.0
14391,rss-alert,rssFeedTrigger,slack,1.0
14392,form-to-endpoint,webhook,httpRequest,1.0
14393,morning-metrics,scheduleTrigger,googleSheets,1.0
14394,email-archiver,emailReadImap,readWriteFile,1.0
14395,rss-alert,rssFeedTrigger,slack,1.0
14396,form-to-endpoint,webhook,httpRequest,1.0
14397,morning-metrics,scheduleTrigger,googleSheets,1.0
14398,email-archiver,rssFeedTrigger,readWriteFile,0.5
14399,rss-alert,rssFeedTrigger,slack,1.0
14400,form-to-endpoint,webhook,httpRequest,1.0
14401,morning-metrics,scheduleTrigger,googleSheets,1.0
14402,email-archiver,emailReadImap,readWriteFile,1.0
14403,rss-alert,rssFeedTrigger,slack,1.0
14404,form-to-endpoint,emailReadImap,httpRequest,0.5
14405,morning-metrics,scheduleTrigger,googleSheets,1.0
14406,email-archiver,emailReadImap,readWriteFile,1.0
14407,rss-alert,rssFeedTrigger,slack,1.0
14408,form-to-endpoint,webhook,httpRequest,1.0
14409,morning-metrics,scheduleTrigger,googleSheets,1.0
14410,email-archiver,emailReadImap,readWriteFile,1.0
14411,rss-alert,rssFeedTrigger,slack,1.0
14412,form-to-endpoint,webhook,httpRequest,1.0
14413,morning-metrics,scheduleTrigger,googleSheets,1.0
14414,email-archiver,emailReadImap,readWriteFile,1.0
14415,rss-alert,webhook,slack,0.5
14416,form-to-endpoint,webhook,readWriteFile,0.5
14417,morning-metrics,scheduleTrigger,googleSheets,1.0
14418,email-archiver,emailReadImap,readWriteFile,1.0
14419,rss-alert,rssFeedTrigger,slack,1.0
14420,form-to-endpoint,webhook,httpRequest,1.0
14421,morning-metrics,scheduleTrigger,googleSheets,1.0
14422,email-archiver,emailReadImap,readWriteFile,1.0
14423,rss-alert,rssFeedTrigger,slack,1.0
14424,form-to-endpoint,webhook,httpRequest,1.0
14425,morning-metrics,scheduleTrigger,googleSheets,1.0
14426,email-archiver,emailReadImap,readWriteFile,1.0
14427,rss-alert,rssFeedTrigger,slack,1.0
14428,form-to-endpoint,webhook,httpRequest,1.0
14429,morning-metrics,scheduleTrigger,googleSheets,1.0
14430,email-archiver,emailReadImap,readWriteFile,1.0
14431,rss-alert,webhook,slack,0.5
14432,form-to-endpoint,webhook,httpRequest,1.0
14433,morning-metrics,scheduleTrigger,googleSheets,1.0
14434,email-archiver,emailReadImap,readWriteFile,1.0
14435,rss-alert,rssFeedTrigger,slack,1.0
14436,form-to-endpoint,emailReadImap,httpRequest,0.5
14437,morning-metrics,scheduleTrigger,googleSheets,1.0
14438,email-archiver,emailReadImap,readWriteFile,1.0
14439,rss-alert,rssFeedTrigger,slack,1.0
14440,form-to-endpoint,webhook,httpRequest,1.0
14441,morning-metrics,scheduleTrigger,googleSheets,1.0
14442,email-archiver,emailReadImap,readWriteFile,1.0
14443,rss-alert,emailReadImap,slack,0.5
14444,form-to-endpoint,webhook,httpRequest,1.0
14445,morning-metrics,scheduleTrigger,googleSheets,1.0
14446,email-archiver,emailReadImap,readWriteFile,1.0
14447,rss-alert,rssFeedTrigger,slack,1.0
14448,form-to-endpoint,webhook,httpRequest,1.0
14449,morning-metrics,scheduleTrigger,googleSheets,1.0
14450,email-archiver,emailReadImap,readWriteFile,1.0
14451,rss-alert,rssFeedTrigger,slack,1.0
14452,form-to-endpoint,webhook,httpRequest,1.0
14453,morning-metrics,scheduleTrigger,googleSheets,1.0
14454,email-archiver,emailReadImap,readWriteFile,1.0
14455,rss-alert,rssFeedTrigger,slack,1.0
14456,form-to-endpoint,webhook,httpRequest,1.0
14457,morning-metrics,emailReadImap,googleSheets,0.5
14458,email-archiver,emailReadImap,readWriteFile,1.0
14459,rss-alert,rssFeedTrigger,slack,1.0
14460,form-to-endpoint,webhook,httpRequest,1.0
14461,morning-metrics,scheduleTrigger,googleSheets,1.0
14462,email-archiver,emailReadImap,readWriteFile,1.0
14463,rss-alert,rssFeedTrigger,slack,1.0
14464,form-to-endpoint,webhook,httpRequest,1.0
14465,morning-metrics,scheduleTrigger,googleSheets,1.0
14466,email-archiver,emailReadImap,readWriteFile,1.0
14467,rss-alert,rssFeedTrigger,slack,1.0
14468,form-to-endpoint,webhook,httpRequest,1.0
14469,morning-metrics,scheduleTrigger,googleSheets,1.0
14470,email-archiver,emailReadImap,readWriteFile,1.0
14471,rss-alert,rssFeedTrigger,slack,1.0
14472,form-to-endpoint,webhook,httpRequest,1.0
14473,morning-metrics,scheduleTrigger,googleSheets,1.0
14474,email-archiver,emailReadImap,readWriteFile,1.0
14475,rss-alert,rssFeedTrigger,slack,1.0
14476,form-to-endpoint,webhook,httpRequest,1.0
14477,morning-metrics,scheduleTrigger,slack,0.5
14478,email-archiver,emailReadImap,readWriteFile,1.0
14479,rss-alert,rssFeedTrigger,slack,1.0
14480,form-to-endpoint,webhook,httpRequest,1.0
14481,morning-metrics,scheduleTrigger,httpRequest,0.5
14482,email-archiver,emailReadImap,readWriteFile,1.0
14483,rss-alert,rssFeedTrigger,slack,1.0
14484,form-to-endpoint,scheduleTrigger,httpRequest,0.5
14485,morning-metrics,scheduleTrigger,googleSheets,1.0
14486,email-archiver,emailReadImap,readWriteFile,1.0
14487,rss-alert,rssFeedTrigger,slack,1.0
14488,form-to-endpoint,webhook,httpRequest,1.0
14489,morning-metrics,scheduleTrigger,googleSheets,1.0
14490,email-archiver,emailReadImap,readWriteFile,1.0
14491,rss-alert,rssFeedTrigger,slack,1.0
14492,form-to-endpoint,webhook,httpRequest,1.0
14493,morning-metrics,scheduleTrigger,googleSheets,1.0
14494,email-archiver,emailReadImap,readWriteFile,1.0
14495,rss-alert,rssFeedTrigger,slack,1.0
14496,form-to-endpoint,webhook,httpRequest,1.0
14497,morning-metrics,scheduleTrigger,googleSheets,1.0
14498,email-archiver,emailReadImap,readWriteFile,1.0
14499,rss-alert,rssFeedTrigger,slack,1.0
14500,form-to-endpoint,webhook,httpRequest,1.0
14501,morning-metrics,scheduleTrigger,googleSheets,1.0
14502,email-archiver,emailReadImap,readWriteFile,1.0
14503,rss-alert,rssFeedTrigger,slack,1.0
14504,form-to-endpoint,emailReadImap,httpRequest,0.5
14505,morning-metrics,scheduleTrigger,googleSheets,1.0
14506,email-archiver,emailReadImap,readWriteFile,1.0
14507,rss-alert,emailReadImap,slack,0.5
14508,form-to-endpoint,emailReadImap,httpRequest,0.5
14509,morning-metrics,scheduleTrigger,googleSheets,1.0
14510,email-archiver,webhook,readWriteFile,0.5
14511,rss-alert,rssFeedTrigger,slack,1.0
14512,form-to-endpoint,webhook,httpRequest,1.0
14513,morning-metrics,scheduleTrigger,googleSheets,1.0
14514,email-archiver,emailReadImap,readWriteFile,1.0
14515,rss-alert,rssFeedTrigger,slack,1.0
14516,form-to-endpoint,webhook,httpRequest,1.0
14517,morning-metrics,scheduleTrigger,googleSheets,1.0
14518,email-archiver,emailReadImap,readWriteFile,1.0
14519,rss-alert,rssFeedTrigger,slack,1.0
14520,form-to-endpoint,webhook,httpRequest,1.0
14521,morning-metrics,scheduleTrigger,googleSheets,1.0
14522,email-archiver,emailReadImap,readWriteFile,1.0
14523,rss-alert,rssFeedTrigger,slack,1.0
14524,form-to-endpoint,webhook,httpRequest,1.0
14525,morning-metrics,scheduleTrigger,googleSheets,1.0
14526,email-archiver,emailReadImap,readWriteFile,1.0
14527,rss-alert,rssFeedTrigger,slack,1.0
14528,form-to-endpoint,webhook,httpRequest,1.0
14529,morning-metrics,scheduleTrigger,googleSheets,1.0
14530,email-archiver,emailReadImap,readWriteFile,1.0
14531,rss-alert,rssFeedTrigger,slack,1.0
14532,form-to-endpoint,webhook,httpRequest,1.0
14533,morning-metrics,scheduleTrigger,googleSheets,1.0
14534,email-archiver,emailReadImap,readWriteFile,1.0
14535,rss-alert,rssFeedTrigger,slack,1.0
14536,form-to-endpoint,webhook,httpRequest,1.0
14537,morning-metrics,scheduleTrigger,googleSheets,1.0
14538,email-archiver,emailReadImap,readWriteFile,1.0
14539,rss-alert,rssFeedTrigger,slack,1.0
14540,form-to-endpoint,webhook,httpRequest,1.0
14541,morning-metrics,scheduleTrigger,googleSheets,1.0
14542,email-archiver,emailReadImap,readWriteFile,1.0
14543,rss-alert,rssFeedTrigger,slack,1.0
14544,form-to-endpoint,webhook,httpRequest,1.0
14545,morning-metrics,scheduleTrigger,googleSheets,1.0
14546,email-archiver,emailReadImap,readWriteFile,1.0
14547,rss-alert,rssFeedTrigger,slack,1.0
14548,form-to-endpoint,webhook,httpRequest,1.0
14549,morning-metrics,scheduleTrigger,googleSheets,1.0
14550,email-archiver,emailReadImap,readWriteFile,1.0
14551,rss-alert,rssFeedTrigger,slack,1.0
14552,form-to-endpoint,webhook,httpRequest,1.0
14553,morning-metrics,scheduleTrigger,googleSheets,1.0
14554,email-archiver,rssFeedTrigger,readWriteFile,0.5
14555,rss-alert,rssFeedTrigger,slack,1.0
14556,form-to-endpoint,rssFeedTrigger,httpRequest,0.5
14557,morning-metrics,scheduleTrigger,googleSheets,1.0
14558,email-archiver,emailReadImap,readWriteFile,1.0
14559,rss-alert,rssFeedTrigger,readWriteFile,0.5
14560,form-to-endpoint,webhook,httpRequest,1.0
14561,morning-metrics,rssFeedTrigger,googleSheets,0.5
14562,email-archiver,emailReadImap,readWriteFile,1.0
14563,rss-alert,rssFeedTrigger,readWriteFile,0.5
14564,form-to-endpoint,webhook,googleSheets,0.5
14565,morning-metrics,scheduleTrigger,googleSheets,1.0
14566,email-archiver,emailReadImap,readWriteFile,1.0
14567,rss-alert,rssFeedTrigger,slack,1.0
14568,form-to-endpoint,webhook,httpRequest,1.0
14569,morning-metrics,scheduleTrigger,googleSheets,1.0
14570,email-archiver,emailReadImap,readWriteFile,1.0
14571,rss-alert,rssFeedTrigger,slack,1.0
14572,form-to-endpoint,webhook,httpRequest,1.0
14573,morning-metrics,scheduleTrigger,googleSheets,1.0
14574,email-archiver,emailReadImap,readWriteFile,1.0
14575,rss-alert,rssFeedTrigger,slack,1.0
14576,form-to-endpoint,webhook,httpRequest,1.0
14577,morning-metrics,scheduleTrigger,googleSheets,1.0
14578,email-archiver,emailReadImap,readWriteFile,1.0
14579,rss-alert,rssFeedTrigger,slack,1.0
14580,form-to-endpoint,webhook,httpRequest,1.0
14581,morning-metrics,scheduleTrigger,googleSheets,1.0
14582,email-archiver,emailReadImap,readWriteFile,1.0
14583,rss-alert,rssFeedTrigger,slack,1.0
14584,form-to-endpoint,rssFeedTrigger,httpRequest,0.5
14585,morning-metrics,scheduleTrigger,googleSheets,1.0
14586,email-archiver,emailReadImap,readWriteFile,1.0
14587,rss-alert,rssFeedTrigger,slack,1.0
14588,form-to-endpoint,webhook,httpRequest,1.0
14589,morning-metrics,scheduleTrigger,googleSheets,1.0
14590,email-archiver,emailReadImap,readWriteFile,1.0
14591,rss-alert,rssFeedTrigger,slack,1.0
14592,form-to-endpoint,webhook,httpRequest,1.0
14593,morning-metrics,rssFeedTrigger,googleSheets,0.5
14594,email-archiver,emailReadImap,readWriteFile,1.0
14595,rss-alert,rssFeedTrigger,readWriteFile,0.5
14596,form-to-endpoint,webhook,httpRequest,1.0
14597,morning-metrics,scheduleTrigger,googleSheets,1.0
14598,email-archiver,emailReadImap,readWriteFile,1.0
14599,rss-alert,rssFeedTrigger,slack,1.0
14600,form-to-endpoint,rssFeedTrigger,httpRequest,0.5
14601,morning-metrics,scheduleTrigger,googleSheets,1.0
14602,email-archiver,emailReadImap,readWriteFile,1.0
14603,rss-alert,rssFeedTrigger,slack,1.0
14604,form-to-endpoint,webhook,httpRequest,1.0
14605,morning-metrics,scheduleTrigger,googleSheets,1.0
14606,email-archiver,emailReadImap,readWriteFile,1.0
14607,rss-alert,rssFeedTrigger,slack,1.0
14608,form-to-endpoint,webhook,slack,0.5
14609,morning-metrics,scheduleTrigger,slack,0.5
14610,email-archiver,rssFeedTrigger,readWriteFile,0.5
14611,rss-alert,rssFeedTrigger,slack,1.0
14612,form-to-endpoint,emailReadImap,httpRequest,0.5
14613,morning-metrics,scheduleTrigger,googleSheets,1.0
14614,email-archiver,emailReadImap,readWriteFile,1.0
14615,rss-alert,rssFeedTrigger,slack,1.0
14616,form-to-endpoint,webhook,httpRequest,1.0
14617,morning-metrics,scheduleTrigger,googleSheets,1.0
14618,email-archiver,emailReadImap,readWriteFile,1.0
14619,rss-alert,rssFeedTrigger,slack,1.0
14620,form-to-endpoint,webhook,httpRequest,1.0
14621,morning-metrics,scheduleTrigger,googleSheets,1.0
14622,email-archiver,emailReadImap,readWriteFile,1.0
14623,rss-alert,rssFeedTrigger,slack,1.0
14624,form-to-endpoint,webhook,httpRequest,1.0
14625,morning-metrics,scheduleTrigger,googleSheets,1.0
14626,email-archiver,emailReadImap,googleSheets,0.5
14627,rss-alert,rssFeedTrigger,slack,1.0
14628,form-to-endpoint,scheduleTrigger,slack,0.0
14629,morning-metrics,scheduleTrigger,googleSheets,1.0
14630,email-archiver,emailReadImap,readWriteFile,1.0
14631,rss-alert,rssFeedTrigger,slack,1.0
14632,form-to-endpoint,webhook,httpRequest,1.0
14633,morning-metrics,scheduleTrigger,googleSheets,1.0
14634,email-archiver,emailReadImap,readWriteFile,1.0
14635,rss-alert,rssFeedTrigger,slack,1.0
14636,form-to-endpoint,webhook,httpRequest,1.0
14637,morning-metrics,scheduleTrigger,googleSheets,1.0
14638,email-archiver,emailReadImap,readWriteFile,1.0
14639,rss-alert,rssFeedTrigger,slack,1.0
14640,form-to-endpoint,webhook,httpRequest,1.0
14641,morning-metrics,scheduleTrigger,googleSheets,1.0
14642,email-archiver,emailReadImap,readWriteFile,1.0
14643,rss-alert,rssFeedTrigger,slack,1.0
14644,form-to-endpoint,webhook,httpRequest,1.0
14645,morning-metrics,scheduleTrigger,googleSheets,1.0
14646,email-archiver,emailReadImap,readWriteFile,1.0
14647,rss-alert,rssFeedTrigger,slack,1.0
14648,form-to-endpoint,webhook,httpRequest,1.0
14649,morning-metrics,scheduleTrigger,googleSheets,1.0
14650,email-archiver,emailReadImap,readWriteFile,1.0
14651,rss-alert,rssFeedTrigger,slack,1.0
14652,form-to-endpoint,webhook,httpRequest,1.0
14653,morning-metrics,scheduleTrigger,googleSheets,1.0
14654,email-archiver,emailReadImap,readWriteFile,1.0
14655,rss-alert,rssFeedTrigger,slack,1.0
14656,form-to-endpoint,webhook,httpRequest,1.0
14657,morning-metrics,scheduleTrigger,googleSheets,1.0
14658,email-archiver,emailReadImap,readWriteFile,1.0
14659,rss-alert,rssFeedTrigger,slack,1.0
14660,form-to-endpoint,webhook,httpRequest,1.0
14661,morning-metrics,scheduleTrigger,googleSheets,1.0
14662,email-archiver,emailReadImap,readWriteFile,1.0
14663,rss-alert,rssFeedTrigger,slack,1.0
14664,form-to-endpoint,webhook,googleSheets,0.5
14665,morning-metrics,scheduleTrigger,googleSheets,1.0
14666,email-archiver,webhook,readWriteFile,0.5
14667,rss-alert,rssFeedTrigger,slack,1.0
14668,form-to-endpoint,webhook,httpRequest,1.0
14669,morning-metrics,scheduleTrigger,readWriteFile,0.5
14670,email-archiver,emailReadImap,readWriteFile,1.0
14671,rss-alert,rssFeedTrigger,slack,1.0
14672,form-to-endpoint,emailReadImap,httpRequest,0.5
14673,morning-metrics,scheduleTrigger,googleSheets,1.0
14674,email-archiver,emailReadImap,readWriteFile,1.0
14675,rss-alert,rssFeedTrigger,slack,1.0
14676,form-to-endpoint,webhook,httpRequest,1.0
14677,morning-metrics,scheduleTrigger,googleSheets,1.0
14678,email-archiver,emailReadImap,readWriteFile,1.0
14679,rss-alert,rssFeedTrigger,slack,1.0
14680,form-to-endpoint,webhook,httpRequest,1.0
14681,morning-metrics,scheduleTrigger,slack,0.5
14682,email-archiver,emailReadImap,readWriteFile,1.0
14683,rss-alert,rssFeedTrigger,slack,1.0
14684,form-to-endpoint,scheduleTrigger,httpRequest,0.5
14685,morning-metrics,scheduleTrigger,googleSheets,1.0
14686,email-archiver,emailReadImap,readWriteFile,1.0
14687,rss-alert,rssFeedTrigger,slack,1.0
14688,form-to-endpoint,webhook,httpRequest,1.0
14689,morning-metrics,scheduleTrigger,googleSheets,1.0
14690,email-archiver,emailReadImap,readWriteFile,1.0
14691,rss-alert,rssFeedTrigger,slack,1.0
14692,form-to-endpoint,webhook,readWriteFile,0.5
14693,morning-metrics,scheduleTrigger,googleSheets,1.0
14694,email-archiver,webhook,slack,0.0
14695,rss-alert,rssFeedTrigger,httpRequest,0.5
14696,form-to-endpoint,webhook,httpRequest,1.0
14697,morning-metrics,scheduleTrigger,googleSheets,1.0
14698,email-archiver,emailReadImap,readWriteFile,1.0
14699,rss-alert,rssFeedTrigger,slack,1.0
14700,form-to-endpoint,webhook,httpRequest,1.0
14701,morning-metrics,scheduleTrigger,httpRequest,0.5
14702,email-archiver,emailReadImap,readWriteFile,1.0
14703,rss-alert,rssFeedTrigger,slack,1.0
14704,form-to-endpoint,webhook,httpRequest,1.0
14705,morning-metrics,scheduleTrigger,googleSheets,1.0
14706,email-archiver,emailReadImap,readWriteFile,1.0
14707,rss-alert,rssFeedTrigger,slack,1.0
14708,form-to-endpoint,webhook,httpRequest,1.0
14709,morning-metrics,scheduleTrigger,googleSheets,1.0
14710,email-archiver,emailReadImap,readWriteFile,1.0
14711,rss-alert,rssFeedTrigger,slack,1.0
14712,form-to-endpoint,webhook,httpRequest,1.0
14713,morning-metrics,scheduleTrigger,readWriteFile,0.5
14714,email-archiver,emailReadImap,readWriteFile,1.0
14715,rss-alert,rssFeedTrigger,slack,1.0
14716,form-to-endpoint,webhook,httpRequest,1.0
14717,morning-metrics,scheduleTrigger,googleSheets,1.0
14718,email-archiver,emailReadImap,httpRequest,0.5
14719,rss-alert,rssFeedTrigger,slack,1.0
14720,form-to-endpoint,webhook,httpRequest,1.0
14721,morning-metrics,scheduleTrigger,httpRequest,0.5
14722,email-archiver,emailReadImap,readWriteFile,1.0
14723,rss-alert,rssFeedTrigger,slack,1.0
14724,form-to-endpoint,webhook,slack,0.5
14725,morning-metrics,scheduleTrigger,googleSheets,1.0
14726,email-archiver,emailReadImap,readWriteFile,1.0
14727,rss-alert,rssFeedTrigger,slack,1.0
14728,form-to-endpoint,webhook,httpRequest,1.0
14729,morning-metrics,scheduleTrigger,googleSheets,1.0
14730,email-archiver,emailReadImap,readWriteFile,1.0
14731,rss-alert,rssFeedTrigger,slack,1.0
14732,form-to-endpoint,webhook,httpRequest,1.0
14733,morning-metrics,scheduleTrigger,googleSheets,1.0
14734,email-archiver,emailReadImap,readWriteFile,1.0
14735,rss-alert,rssFeedTrigger,slack,1.0
14736,form-to-endpoint,webhook,httpRequest,1.0
14737,morning-metrics,scheduleTrigger,googleSheets,1.0
14738,email-archiver,emailReadImap,readWriteFile,1.0
14739,rss-alert,webhook,slack,0.5
14740,form-to-endpoint,webhook,httpRequest,1.0
14741,morning-metrics,scheduleTrigger,googleSheets,1.0
14742,email-archiver,emailReadImap,readWriteFile,1.0
14743,rss-alert,rssFeedTrigger,slack,1.0
14744,form-to-endpoint,webhook,httpRequest,1.0
14745,morning-metrics,scheduleTrigger,googleSheets,1.0
14746,email-archiver,emailReadImap,readWriteFile,1.0
14747,rss-alert,rssFeedTrigger,slack,1.0
14748,form-to-endpoint,webhook,httpRequest,1.0
14749,morning-metrics,scheduleTrigger,googleSheets,1.0
14750,email-archiver,emailReadImap,readWriteFile,1.0
14751,rss-alert,rssFeedTrigger,slack,1.0
14752,form-to-endpoint,webhook,httpRequest,1.0
14753,morning-metrics,scheduleTrigger,googleSheets,1.0
14754,email-archiver,emailReadImap,readWriteFile,1.0
14755,rss-alert,rssFeedTrigger,slack,1.0
14756,form-to-endpoint,webhook,httpRequest,1.0
14757,morning-metrics,scheduleTrigger,googleSheets,1.0
14758,email-archiver,emailReadImap,readWriteFile,1.0
14759,rss-alert,rssFeedTrigger,slack,1.0
14760,form-to-endpoint,webhook,httpRequest,1.0
14761,morning-metrics,scheduleTrigger,googleSheets,1.0
14762,email-archiver,emailReadImap,readWriteFile,1.0
14763,rss-alert,rssFeedTrigger,slack,1.0
14764,form-to-endpoint,webhook,httpRequest,1.0
14765,morning-metrics,scheduleTrigger,googleSheets,1.0
14766,email-archiver,rssFeedTrigger,readWriteFile,0.5
14767,rss-alert,rssFeedTrigger,slack,1.0
14768,form-to-endpoint,webhook,httpRequest,1.0
14769,morning-metrics,scheduleTrigger,slack,0.5
14770,email-archiver,rssFeedTrigger,readWriteFile,0.5
14771,rss-alert,rssFeedTrigger,slack,1.0
14772,form-to-endpoint,webhook,httpRequest,1.0
14773,morning-metrics,scheduleTrigger,googleSheets,1.0
14774,email-archiver,emailReadImap,readWriteFile,1.0
14775,rss-alert,rssFeedTrigger,slack,1.0
14776,form-to-endpoint,webhook,httpRequest,1.0
14777,morning-metrics,scheduleTrigger,googleSheets,1.0
14778,email-archiver,emailReadImap,readWriteFile,1.0
14779,rss-alert,emailReadImap,slack,0.5
14780,form-to-endpoint,webhook,googleSheets,0.5
14781,morning-metrics,scheduleTrigger,googleSheets,1.0
14782,email-archiver,emailReadImap,readWriteFile,1.0
14783,rss-alert,rssFeedTrigger,slack,1.0
14784,form-to-endpoint,webhook,slack,0.5
14785,morning-metrics,scheduleTrigger,googleSheets,1.0
14786,email-archiver,emailReadImap,readWriteFile,1.0
14787,rss-alert,rssFeedTrigger,slack,1.0
14788,form-to-endpoint,rssFeedTrigger,httpRequest,0.5
14789,morning-metrics,scheduleTrigger,googleSheets,1.0
14790,email-archiver,emailReadImap,readWriteFile,1.0
14791,rss-alert,rssFeedTrigger,slack,1.0
14792,form-to-endpoint,webhook,httpRequest,1.0
14793,morning-metrics,scheduleTrigger,googleSheets,1.0
14794,email-archiver,emailReadImap,readWriteFile,1.0
14795,rss-alert,scheduleTrigger,slack,0.5
14796,form-to-endpoint,webhook,httpRequest,1.0
14797,morning-metrics,scheduleTrigger,googleSheets,1.0
14798,email-archiver,emailReadImap,readWriteFile,1.0
14799,rss-alert,rssFeedTrigger,slack,1.0
14800,form-to-endpoint,webhook,httpRequest,1.0
14801,morning-metrics,scheduleTrigger,googleSheets,1.0
14802,email-archiver,emailReadImap,readWriteFile,1.0
14803,rss-alert,rssFeedTrigger,slack,1.0
14804,form-to-endpoint,webhook,httpRequest,1.0
14805,morning-metrics,scheduleTrigger,googleSheets,1.0
14806,email-archiver,emailReadImap,readWriteFile,1.0
14807,rss-alert,rssFeedTrigger,slack,1.0
14808,form-to-endpoint,webhook,httpRequest,1.0
14809,morning-metrics,scheduleTrigger,googleSheets,1.0
14810,email-archiver,emailReadImap,httpRequest,0.5
14811,rss-alert,rssFeedTrigger,slack,1.0
14812,form-to-endpoint,webhook,httpRequest,1.0
14813,morning-metrics,scheduleTrigger,googleSheets,1.0
14814,email-archiver,emailReadImap,readWriteFile,1.0
14815,rss-alert,rssFeedTrigger,slack,1.0
14816,form-to-endpoint,webhook,httpRequest,1.0
14817,morning-metrics,scheduleTrigger,readWriteFile,0.5
14818,email-archiver,emailReadImap,readWriteFile,1.0
14819,rss-alert,rssFeedTrigger,slack,1.0
14820,form-to-endpoint,webhook,httpRequest,1.0
14821,morning-metrics,scheduleTrigger,googleSheets,1.0
14822,email-archiver,emailReadImap,readWriteFile,1.0
14823,rss-alert,rssFeedTrigger,slack,1.0
14824,form-to-endpoint,webhook,httpRequest,1.0
14825,morning-metrics,scheduleTrigger,googleSheets,1.0
14826,email-archiver,emailReadImap,readWriteFile,1.0
14827,rss-alert,rssFeedTrigger,slack,1.0
14828,form-to-endpoint,webhook,httpRequest,1.0
14829,morning-metrics,scheduleTrigger,googleSheets,1.0
14830,email-archiver,emailReadImap,readWriteFile,1.0
14831,rss-alert,rssFeedTrigger,slack,1.0
14832,form-to-endpoint,webhook,httpRequest,1.0
14833,morning-metrics,webhook,googleSheets,0.5
14834,email-archiver,emailReadImap,readWriteFile,1.0
14835,rss-alert,rssFeedTrigger,slack,1.0
14836,form-to-endpoint,webhook,googleSheets,0.5
14837,morning-metrics,scheduleTrigger,googleSheets,1.0
14838,email-archiver,emailReadImap,readWriteFile,1.0
14839,rss-alert,rssFeedTrigger,slack,1.0
14840,form-to-endpoint,webhook,httpRequest,1.0
14841,morning-metrics,scheduleTrigger,googleSheets,1.0
14842,email-archiver,emailReadImap,readWriteFile,1.0
14843,rss-alert,rssFeedTrigger,slack,1.0
14844,form-to-endpoint,webhook,httpRequest,1.0
14845,morning-metrics,scheduleTrigger,googleSheets,1.0
14846,email-archiver,emailReadImap,readWriteFile,1.0
14847,rss-alert,rssFeedTrigger,slack,1.0
14848,form-to-endpoint,webhook,httpRequest,1.0
14849,morning-metrics,scheduleTrigger,googleSheets,1.0
14850,email-archiver,rssFeedTrigger,readWriteFile,0.5
14851,rss-alert,rssFeedTrigger,slack,1.0
14852,form-to-endpoint,webhook,httpRequest,1.0
14853,morning-metrics,scheduleTrigger,googleSheets,1.0
14854,email-archiver,emailReadImap,readWriteFile,1.0
14855,rss-alert,rssFeedTrigger,slack,1.0
14856,form-to-endpoint,webhook,httpRequest,1.0
14857,morning-metrics,scheduleTrigger,googleSheets,1.0
14858,email-archiver,emailReadImap,readWriteFile,1.0
14859,rss-alert,rssFeedTrigger,slack,1.0
14860,form-to-endpoint,webhook,httpRequest,1.0
14861,morning-metrics,scheduleTrigger,googleSheets,1.0
14862,email-archiver,emailReadImap,readWriteFile,1.0
14863,rss-alert,rssFeedTrigger,slack,1.0
14864,form-to-endpoint,webhook,httpRequest,1.0
14865,morning-metrics,scheduleTrigger,googleSheets,1.0
14866,email-archiver,emailReadImap,readWriteFile,1.0
14867,rss-alert,rssFeedTrigger,slack,1.0
14868,form-to-endpoint,webhook,httpRequest,1.0
14869,morning-metrics,scheduleTrigger,googleSheets,1.0
14870,email-archiver,webhook,readWriteFile,0.5
14871,rss-alert,rssFeedTrigger,slack,1.0
14872,form-to-endpoint,webhook,httpRequest,1.0
14873,morning-metrics,scheduleTrigger,googleSheets,1.0
14874,email-archiver,emailReadImap,readWriteFile,1.0
14875,rss-alert,rssFeedTrigger,slack,1.0
14876,form-to-endpoint,webhook,googleSheets,0.5
14877,morning-metrics,scheduleTrigger,googleSheets,1.0
14878,email-archiver,emailReadImap,readWriteFile,1.0
14879,rss-alert,rssFeedTrigger,slack,1.0
14880,form-to-endpoint,webhook,httpRequest,1.0
14881,morning-metrics,scheduleTrigger,googleSheets,1.0
14882,email-archiver,emailReadImap,readWriteFile,1.0
14883,rss-alert,rssFeedTrigger,slack,1.0
14884,form-to-endpoint,webhook,httpRequest,1.0
14885,morning-metrics,scheduleTrigger,googleSheets,1.0
14886,email-archiver,emailReadImap,readWriteFile,1.0
14887,rss-alert,rssFeedTrigger,slack,1.0
14888,form-to-endpoint,webhook,httpRequest,1.0
14889,morning-metrics,scheduleTrigger,googleSheets,1.0
14890,email-archiver,emailReadImap,readWriteFile,1.0
14891,rss-alert,rssFeedTrigger,slack,1.0
14892,form-to-endpoint,webhook,httpRequest,1.0
14893,morning-metrics,scheduleTrigger,googleSheets,1.0
14894,email-archiver,emailReadImap,readWriteFile,1.0
14895,rss-alert,rssFeedTrigger,slack,1.0
14896,form-to-endpoint,webhook,httpRequest,1.0
14897,morning-metrics,scheduleTrigger,googleSheets,1.0
14898,email-archiver,emailReadImap,readWriteFile,1.0
14899,rss-alert,rssFeedTrigger,slack,1.0
14900,form-to-endpoint,webhook,httpRequest,1.0
14901,morning-metrics,webhook,googleSheets,0.5
14902,email-archiver,emailReadImap,readWriteFile,1.0
14903,rss-alert,rssFeedTrigger,slack,1.0
14904,form-to-endpoint,webhook,slack,0.5
14905,morning-metrics,scheduleTrigger,googleSheets,1.0
14906,email-archiver,emailReadImap,readWriteFile,1.0
14907,rss-alert,rssFeedTrigger,slack,1.0
14908,form-to-endpoint,webhook,googleSheets,0.5
14909,morning-metrics,scheduleTrigger,googleSheets,1.0
14910,email-archiver,emailReadImap,readWriteFile,1.0
14911,rss-alert,rssFeedTrigger,slack,1.0
14912,form-to-endpoint,webhook,httpRequest,1.0
14913,morning-metrics,scheduleTrigger,googleSheets,1.0
14914,email-archiver,emailReadImap,readWriteFile,1.0
14915,rss-alert,rssFeedTrigger,slack,1.0
14916,form-to-endpoint,webhook,httpRequest,1.0
14917,morning-metrics,scheduleTrigger,googleSheets,1.0
14918,email-archiver,emailReadImap,readWriteFile,1.0
14919,rss-alert,rssFeedTrigger,slack,1.0
14920,form-to-endpoint,webhook,httpRequest,1.0
14921,morning-metrics,scheduleTrigger,googleSheets,1.0
14922,email-archiver,emailReadImap,readWriteFile,1.0
14923,rss-alert,rssFeedTrigger,httpRequest,0.5
14924,form-to-endpoint,webhook,httpRequest,1.0
14925,morning-metrics,scheduleTrigger,googleSheets,1.0
14926,email-archiver,emailReadImap,readWriteFile,1.0
14927,rss-alert,rssFeedTrigger,slack,1.0
14928,form-to-endpoint,webhook,httpRequest,1.0
14929,morning-metrics,scheduleTrigger,googleSheets,1.0
14930,email-archiver,emailReadImap,readWriteFile,1.0
14931,rss-alert,rssFeedTrigger,slack,1.0
14932,form-to-endpoint,webhook,readWriteFile,0.5
14933,morning-metrics,scheduleTrigger,googleSheets,1.0
14934,email-archiver,emailReadImap,readWriteFile,1.0
14935,rss-alert,rssFeedTrigger,slack,1.0
14936,form-to-endpoint,webhook,httpRequest,1.0
14937,morning-metrics,emailReadImap,googleSheets,0.5
14938,email-archiver,emailReadImap,readWriteFile,1.0
14939,rss-alert,rssFeedTrigger,slack,1.0
14940,form-to-endpoint,webhook,httpRequest,1.0
14941,morning-metrics,scheduleTrigger,googleSheets,1.0
14942,email-archiver,emailReadImap,readWriteFile,1.0
14943,rss-alert,rssFeedTrigger,slack,1.0
14944,form-to-endpoint,webhook,httpRequest,1.0
14945,morning-metrics,scheduleTrigger,googleSheets,1.0
14946,email-archiver,emailReadImap,readWriteFile,1.0
14947,rss-alert,rssFeedTrigger,slack,1.0
14948,form-to-endpoint,webhook,httpRequest,1.0
14949,morning-metrics,scheduleTrigger,googleSheets,1.0
14950,email-archiver,emailReadImap,readWriteFile,1.0
14951,rss-alert,rssFeedTrigger,slack,1.0
14952,form-to-endpoint,rssFeedTrigger,httpRequest,0.5
14953,morning-metrics,scheduleTrigger,googleSheets,1.0
14954,email-archiver,emailReadImap,readWriteFile,1.0
14955,rss-alert,rssFeedTrigger,slack,1.0
14956,form-to-endpoint,webhook,httpRequest,1.0
14957,morning-metrics,scheduleTrigger,readWriteFile,0.5
14958,email-archiver,emailReadImap,readWriteFile,1.0
14959,rss-alert,webhook,slack,0.5
14960,form-to-endpoint,webhook,httpRequest,1.0
14961,morning-metrics,scheduleTrigger,googleSheets,1.0
14962,email-archiver,emailReadImap,readWriteFile,1.0
14963,rss-alert,rssFeedTrigger,googleSheets,0.5
14964,form-to-endpoint,webhook,httpRequest,1.0
14965,morning-metrics,scheduleTrigger,googleSheets,1.0
14966,email-archiver,emailReadImap,readWriteFile,1.0
14967,rss-alert,rssFeedTrigger,slack,1.0
14968,form-to-endpoint,webhook,httpRequest,1.0
14969,morning-metrics,scheduleTrigger,httpRequest,0.5
14970,email-archiver,scheduleTrigger,slack,0.0
14971,rss-alert,rssFeedTrigger,slack,1.0
14972,form-to-endpoint,webhook,httpRequest,1.0
14973,morning-metrics,scheduleTrigger,googleSheets,1.0
14974,email-archiver,emailReadImap,readWriteFile,1.0
14975,rss-alert,rssFeedTrigger,slack,1.0
14976,form-to-endpoint,webhook,httpRequest,1.0
14977,morning-metrics,scheduleTrigger,readWriteFile,0.5
14978,email-archiver,emailReadImap,readWriteFile,1.0
14979,rss-alert,rssFeedTrigger,slack,1.0
14980,form-to-endpoint,webhook,httpRequest,1.0
14981,morning-metrics,scheduleTrigger,googleSheets,1.0
14982,email-archiver,emailReadImap,readWriteFile,1.0
14983,rss-alert,rssFeedTrigger,slack,1.0
14984,form-to-endpoint,webhook,httpRequest,1.0
14985,morning-metrics,emailReadImap,googleSheets,0.5
14986,email-archiver,emailReadImap,readWriteFile,1.0
14987,rss-alert,rssFeedTrigger,slack,1.0
14988,form-to-endpoint,webhook,httpRequest,1.0
14989,morning-metrics,scheduleTrigger,googleSheets,1.0
14990,email-archiver,emailReadImap,readWriteFile,1.0
14991,rss-alert,rssFeedTrigger,slack,1.0
14992,form-to-endpoint,webhook,slack,0.5
14993,morning-metrics,scheduleTrigger,googleSheets,1.0
14994,email-archiver,emailReadImap,readWriteFile,1.0
14995,rss-alert,rssFeedTrigger,slack,1.0
14996,form-to-endpoint,webhook,httpRequest,1.0
14997,morning-metrics,scheduleTrigger,googleSheets,1.0
14998,email-archiver,emailReadImap,readWriteFile,1.0
14999,rss-alert,rssFeedTrigger,slack,1.0
15000,form-to-endpoint,webhook,httpRequest,1.0
15001,morning-metrics,scheduleTrigger,googleSheets,1.0
15002,email-archiver,emailReadImap,readWriteFile,1.0
15003,rss-alert,rssFeedTrigger,slack,1.0
15004,form-to-endpoint,webhook,httpRequest,1.0
15005,morning-metrics,scheduleTrigger,googleSheets,1.0
15006,email-archiver,emailReadImap,readWriteFile,1.0
15007,rss-alert,rssFeedTrigger,slack,1.0
15008,form-to-endpoint,webhook,googleSheets,0.5
15009,morning-metrics,scheduleTrigger,googleSheets,1.0
15010,email-archiver,emailReadImap,readWriteFile,1.0
15011,rss-alert,rssFeedTrigger,readWriteFile,0.5
15012,form-to-endpoint,webhook,httpRequest,1.0
15013,morning-metrics,scheduleTrigger,googleSheets,1.0
15014,email-archiver,emailReadImap,readWriteFile,1.0
15015,rss-alert,rssFeedTrigger,readWriteFile,0.5
15016,form-to-endpoint,rssFeedTrigger,httpRequest,0.5
15017,morning-metrics,scheduleTrigger,googleSheets,1.0
15018,email-archiver,emailReadImap,readWriteFile,1.0
15019,rss-alert,rssFeedTrigger,slack,1.0
15020,form-to-endpoint,webhook,httpRequest,1.0
15021,morning-metrics,scheduleTrigger,googleSheets,1.0
15022,email-archiver,emailReadImap,readWriteFile,1.0
15023,rss-alert,rssFeedTrigger,slack,1.0
15024,form-to-endpoint,webhook,httpRequest,1.0
15025,morning-metrics,scheduleTrigger,googleSheets,1.0
15026,email-archiver,rssFeedTrigger,readWriteFile,0.5
15027,rss-alert,rssFeedTrigger,slack,1.0
15028,form-to-endpoint,webhook,readWriteFile,0.5
15029,morning-metrics,scheduleTrigger,googleSheets,1.0
15030,email-archiver,emailReadImap,readWriteFile,1.0
15031,rss-alert,rssFeedTrigger,slack,1.0
15032,form-to-endpoint,webhook,readWriteFile,0.5
15033,morning-metrics,scheduleTrigger,googleSheets,1.0
15034,email-archiver,emailReadImap,readWriteFile,1.0
15035,rss-alert,rssFeedTrigger,slack,1.0
15036,form-to-endpoint,webhook,httpRequest,1.0
15037,morning-metrics,scheduleTrigger,googleSheets,1.0
15038,email-archiver,emailReadImap,readWriteFile,1.0
15039,rss-alert,rssFeedTrigger,slack,1.0
15040,form-to-endpoint,webhook,httpRequest,1.0
15041,morning-metrics,scheduleTrigger,googleSheets,1.0
15042,email-archiver,emailReadImap,readWriteFile,1.0
15043,rss-alert,rssFeedTrigger,slack,1.0
15044,form-to-endpoint,webhook,httpRequest,1.0
15045,morning-metrics,scheduleTrigger,googleSheets,1.0
15046,email-archiver,emailReadImap,googleSheets,0.5
15047,rss-alert,rssFeedTrigger,slack,1.0
15048,form-to-endpoint,webhook,httpRequest,1.0
15049,morning-metrics,scheduleTrigger,googleSheets,1.0
15050,email-archiver,emailReadImap,readWriteFile,1.0
15051,rss-alert,rssFeedTrigger,slack,1.0
15052,form-to-endpoint,webhook,httpRequest,1.0
15053,morning-metrics,emailReadImap,googleSheets,0.5
15054,email-archiver,emailReadImap,readWriteFile,1.0
15055,rss-alert,rssFeedTrigger,slack,1.0
15056,form-to-endpoint,webhook,httpRequest,1.0
15057,morning-metrics,scheduleTrigger,googleSheets,1.0
15058,email-archiver,emailReadImap,readWriteFile,1.0
15059,rss-alert,rssFeedTrigger,slack,1.0
15060,form-to-endpoint,webhook,httpRequest,1.0
15061,morning-metrics,scheduleTrigger,googleSheets,1.0
15062,email-archiver,emailReadImap,readWriteFile,1.0
15063,rss-alert,rssFeedTrigger,slack,1.0
15064,form-to-endpoint,rssFeedTrigger,httpRequest,0.5
15065,morning-metrics,scheduleTrigger,googleSheets,1.0
15066,email-archiver,emailReadImap,readWriteFile,1.0
15067,rss-alert,rssFeedTrigger,slack,1.0
15068,form-to-endpoint,webhook,httpRequest,1.0
15069,morning-metrics,scheduleTrigger,googleSheets,1.0
15070,email-archiver,emailReadImap,readWriteFile,1.0
15071,rss-alert,rssFeedTrigger,slack,1.0
15072,form-to-endpoint,webhook,httpRequest,1.0
15073,morning-metrics,scheduleTrigger,googleSheets,1.0
15074,email-archiver,emailReadImap,readWriteFile,1.0
15075,rss-alert,rssFeedTrigger,googleSheets,0.5
15076,form-to-endpoint,webhook,httpRequest,1.0
15077,morning-metrics,scheduleTrigger,googleSheets,1.0
15078,email-archiver,rssFeedTrigger,readWriteFile,0.5
15079,rss-alert,webhook,slack,0.5
15080,form-to-endpoint,webhook,httpRequest,1.0
15081,morning-metrics,scheduleTrigger,googleSheets,1.0
15082,email-archiver,emailReadImap,httpRequest,0.5
15083,rss-alert,rssFeedTrigger,slack,1.0
15084,form-to-endpoint,webhook,httpRequest,1.0
15085,morning-metrics,scheduleTrigger,googleSheets,1.0
15086,email-archiver,emailReadImap,readWriteFile,1.0
15087,rss-alert,rssFeedTrigger,httpRequest,0.5
15088,form-to-endpoint,webhook,httpRequest,1.0
15089,morning-metrics,scheduleTrigger,googleSheets,1.0
15090,email-archiver,emailReadImap,readWriteFile,1.0
15091,rss-alert,rssFeedTrigger,slack,1.0
15092,form-to-endpoint,webhook,httpRequest,1.0
15093,morning-metrics,scheduleTrigger,httpRequest,0.5
15094,email-archiver,emailReadImap,readWriteFile,1.0
15095,rss-alert,rssFeedTrigger,slack,1.0
15096,form-to-endpoint,webhook,httpRequest,1.0
15097,morning-metrics,scheduleTrigger,googleSheets,1.0
15098,email-archiver,emailReadImap,readWriteFile,1.0
15099,rss-alert,rssFeedTrigger,slack,1.0
15100,form-to-endpoint,webhook,httpRequest,1.0
15101,morning-metrics,rssFeedTrigger,googleSheets,0.5
15102,email-archiver,emailReadImap,readWriteFile,1.0
15103,rss-alert,rssFeedTrigger,slack,1.0
15104,form-to-endpoint,webhook,httpRequest,1.0
15105,morning-metrics,scheduleTrigger,googleSheets,1.0
15106,email-archiver,emailReadImap,readWriteFile,1.0
15107,rss-alert,rssFeedTrigger,slack,1.0
15108,form-to-endpoint,webhook,httpRequest,1.0
15109,morning-metrics,scheduleTrigger,googleSheets,1.0
15110,email-archiver,emailReadImap,readWriteFile,1.0
15111,rss-alert,rssFeedTrigger,slack,1.0
15112,form-to-endpoint,webhook,httpRequest,1.0
15113,morning-metrics,scheduleTrigger,googleSheets,1.0
15114,email-archiver,emailReadImap,readWriteFile,1.0
15115,rss-alert,rssFeedTrigger,slack,1.0
15116,form-to-endpoint,webhook,httpRequest,1.0
15117,morning-metrics,scheduleTrigger,googleSheets,1.0
15118,email-archiver,emailReadImap,googleSheets,0.5
15119,rss-alert,rssFeedTrigger,slack,1.0
15120,form-to-endpoint,webhook,httpRequest,1.0
15121,morning-metrics,scheduleTrigger,googleSheets,1.0
15122,email-archiver,emailReadImap,readWriteFile,1.0
15123,rss-alert,rssFeedTrigger,slack,1.0
15124,form-to-endpoint,webhook,httpRequest,1.0
15125,morning-metrics,scheduleTrigger,googleSheets,1.0
15126,email-archiver,emailReadImap,readWriteFile,1.0
15127,rss-alert,rssFeedTrigger,slack,1.0
15128,form-to-endpoint,webhook,httpRequest,1.0
15129,morning-metrics,scheduleTrigger,googleSheets,1.0
15130,email-archiver,emailReadImap,readWriteFile,1.0
15131,rss-alert,rssFeedTrigger,slack,1.0
15132,form-to-endpoint,webhook,httpRequest,1.0
15133,morning-metrics,scheduleTrigger,googleSheets,1.0
15134,email-archiver,emailReadImap,readWriteFile,1.0
15135,rss-alert,rssFeedTrigger,googleSheets,0.5
15136,form-to-endpoint,webhook,httpRequest,1.0
15137,morning-metrics,scheduleTrigger,googleSheets,1.0
15138,email-archiver,emailReadImap,readWriteFile,1.0
15139,rss-alert,rssFeedTrigger,slack,1.0
15140,form-to-endpoint,webhook,httpRequest,1.0
15141,morning-metrics,scheduleTrigger,googleSheets,1.0
15142,email-archiver,emailReadImap,readWriteFile,1.0
15143,rss-alert,rssFeedTrigger,slack,1.0
15144,form-to-endpoint,webhook,httpRequest,1.0
15145,morning-metrics,scheduleTrigger,googleSheets,1.0
15146,email-archiver,emailReadImap,readWriteFile,1.0
15147,rss-alert,rssFeedTrigger,slack,1.0
15148,form-to-endpoint,rssFeedTrigger,slack,0.0
15149,morning-metrics,scheduleTrigger,googleSheets,1.0
15150,email-archiver,emailReadImap,readWriteFile,1.0
15151,rss-alert,rssFeedTrigger,slack,1.0
15152,form-to-endpoint,webhook,httpRequest,1.0
15153,morning-metrics,rssFeedTrigger,googleSheets,0.5
15154,email-archiver,emailReadImap,readWriteFile,1.0
15155,rss-alert,rssFeedTrigger,slack,1.0
15156,form-to-endpoint,webhook,httpRequest,1.0
15157,morning-metrics,scheduleTrigger,googleSheets,1.0
15158,email-archiver,emailReadImap,readWriteFile,1.0
15159,rss-alert,rssFeedTrigger,slack,1.0
15160,form-to-endpoint,webhook,slack,0.5
15161,morning-metrics,scheduleTrigger,googleSheets,1.0
15162,email-archiver,emailReadImap,readWriteFile,1.0
15163,rss-alert,rssFeedTrigger,slack,1.0
15164,form-to-endpoint,webhook,httpRequest,1.0
15165,morning-metrics,scheduleTrigger,httpRequest,0.5
15166,email-archiver,emailReadImap,readWriteFile,1.0
15167,rss-alert,rssFeedTrigger,httpRequest,0.5
15168,form-to-endpoint,webhook,httpRequest,1.0
15169,morning-metrics,scheduleTrigger,googleSheets,1.0
15170,email-archiver,emailReadImap,readWriteFile,1.0
15171,rss-alert,rssFeedTrigger,slack,1.0
15172,form-to-endpoint,webhook,googleSheets,0.5
15173,morning-metrics,scheduleTrigger,googleSheets,1.0
15174,email-archiver,emailReadImap,readWriteFile,1.0
15175,rss-alert,webhook,slack,0.5
15176,form-to-endpoint,webhook,httpRequest,1.0
15177,morning-metrics,scheduleTrigger,googleSheets,1.0
15178,email-archiver,emailReadImap,readWriteFile,1.0
15179,rss-alert,rssFeedTrigger,slack,1.0
15180,form-to-endpoint,webhook,httpRequest,1.0
15181,morning-metrics,scheduleTrigger,googleSheets,1.0
15182,email-archiver,emailReadImap,readWriteFile,1.0
15183,rss-alert,webhook,slack,0.5
15184,form-to-endpoint,webhook,httpRequest,1.0
15185,morning-metrics,scheduleTrigger,googleSheets,1.0
15186,email-archiver,emailReadImap,readWriteFile,1.0
15187,rss-alert,rssFeedTrigger,slack,1.0
15188,form-to-endpoint,webhook,httpRequest,1.0
15189,morning-metrics,scheduleTrigger,googleSheets,1.0
15190,email-archiver,emailReadImap,googleSheets,0.5
15191,rss-alert,rssFeedTrigger,slack,1.0
15192,form-to-endpoint,webhook,httpRequest,1.0
15193,morning-metrics,scheduleTrigger,googleSheets,1.0
15194,email-archiver,emailReadImap,slack,0.5
15195,rss-alert,rssFeedTrigger,slack,1.0
15196,form-to-endpoint,webhook,httpRequest,1.0
15197,morning-metrics,scheduleTrigger,googleSheets,1.0
15198,email-archiver,emailReadImap,readWriteFile,1.0
15199,rss-alert,webhook,slack,0.5
15200,form-to-endpoint,webhook,httpRequest,1.0
15201,morning-metrics,scheduleTrigger,googleSheets,1.0
15202,email-archiver,emailReadImap,slack,0.5
15203,rss-alert,rssFeedTrigger,slack,1.0
15204,form-to-endpoint,webhook,httpRequest,1.0
15205,morning-metrics,scheduleTrigger,googleSheets,1.0
15206,email-archiver,emailReadImap,readWriteFile,1.0
15207,rss-alert,rssFeedTrigger,slack,1.0
15208,form-to-endpoint,webhook,httpRequest,1.0
15209,morning-metrics,scheduleTrigger,googleSheets,1.0
15210,email-archiver,webhook,readWriteFile,0.5
15211,rss-alert,rssFeedTrigger,slack,1.0
15212,form-to-endpoint,webhook,httpRequest,1.0
15213,morning-metrics,scheduleTrigger,googleSheets,1.0
15214,email-archiver,emailReadImap,readWriteFile,1.0
15215,rss-alert,rssFeedTrigger,readWriteFile,0.5
15216,form-to-endpoint,webhook,httpRequest,1.0
15217,morning-metrics,scheduleTrigger,readWriteFile,0.5
15218,email-archiver,emailReadImap,readWriteFile,1.0
15219,rss-alert,rssFeedTrigger,slack,1.0
15220,form-to-endpoint,webhook,httpRequest,1.0
15221,morning-metrics,scheduleTrigger,googleSheets,1.0
15222,email-archiver,emailReadImap,readWriteFile,1.0
15223,rss-alert,rssFeedTrigger,slack,1.0
15224,form-to-endpoint,webhook,httpRequest,1.0
15225,morning-metrics,scheduleTrigger,googleSheets,1.0
15226,email-archiver,emailReadImap,readWriteFile,1.0
15227,rss-alert,rssFeedTrigger,slack,1.0
15228,form-to-endpoint,webhook,httpRequest,1.0
15229,morning-metrics,scheduleTrigger,googleSheets,1.0
15230,email-archiver,emailReadImap,readWriteFile,1.0
15231,rss-alert,rssFeedTrigger,slack,1.0
15232,form-to-endpoint,rssFeedTrigger,httpRequest,0.5
15233,morning-metrics,scheduleTrigger,googleSheets,1.0
15234,email-archiver,emailReadImap,readWriteFile,1.0
15235,rss-alert,rssFeedTrigger,slack,1.0
15236,form-to-endpoint,rssFeedTrigger,httpRequest,0.5
15237,morning-metrics,scheduleTrigger,googleSheets,1.0
15238,email-archiver,webhook,readWriteFile,0.5
15239,rss-alert,rssFeedTrigger,slack,1.0
15240,form-to-endpoint,scheduleTrigger,httpRequest,0.5
15241,morning-metrics,scheduleTrigger,googleSheets,1.0
15242,email-archiver,emailReadImap,readWriteFile,1.0
15243,rss-alert,rssFeedTrigger,slack,1.0
15244,form-to-endpoint,webhook,httpRequest,1.0
15245,morning-metrics,scheduleTrigger,googleSheets,1.0
15246,email-archiver,emailReadImap,slack,0.5
15247,rss-alert,rssFeedTrigger,httpRequest,0.5
15248,form-to-endpoint,webhook,httpRequest,1.0
15249,morning-metrics,scheduleTrigger,googleSheets,1.0
15250,email-archiver,emailReadImap,readWriteFile,1.0
15251,rss-alert,rssFeedTrigger,slack,1.0
15252,form-to-endpoint,webhook,httpRequest,1.0
15253,morning-metrics,scheduleTrigger,googleSheets,1.0
15254,email-archiver,emailReadImap,readWriteFile,1.0
15255,rss-alert,rssFeedTrigger,slack,1.0
15256,form-to-endpoint,webhook,googleSheets,0.5
15257,morning-metrics,scheduleTrigger,googleSheets,1.0
15258,email-archiver,emailReadImap,readWriteFile,1.0
15259,rss-alert,rssFeedTrigger,slack,1.0
15260,form-to-endpoint,webhook,httpRequest,1.0
15261,morning-metrics,scheduleTrigger,googleSheets,1.0
15262,email-archiver,emailReadImap,readWriteFile,1.0
15263,rss-alert,webhook,slack,0.5
15264,form-to-endpoint,webhook,httpRequest,1.0
15265,morning-metrics,scheduleTrigger,googleSheets,1.0
15266,email-archiver,emailReadImap,readWriteFile,1.0
15267,rss-alert,rssFeedTrigger,slack,1.0
15268,form-to-endpoint,webhook,httpRequest,1.0
15269,morning-metrics,scheduleTrigger,googleSheets,1.0
15270,email-archiver,emailReadImap,readWriteFile,1.0
15271,rss-alert,scheduleTrigger,googleSheets,0.0
15272,form-to-endpoint,webhook,httpRequest,1.0
15273,morning-metrics,scheduleTrigger,googleSheets,1.0
15274,email-archiver,emailReadImap,readWriteFile,1.0
15275,rss-alert,rssFeedTrigger,slack,1.0
15276,form-to-endpoint,webhook,httpRequest,1.0
15277,morning-metrics,scheduleTrigger,googleSheets,1.0
15278,email-archiver,emailReadImap,readWriteFile,1.0
15279,rss-alert,rssFeedTrigger,slack,1.0
15280,form-to-endpoint,webhook,httpRequest,1.0
15281,morning-metrics,scheduleTrigger,googleSheets,1.0
15282,email-archiver,emailReadImap,readWriteFile,1.0
15283,rss-alert,rssFeedTrigger,slack,1.0
15284,form-to-endpoint,webhook,httpRequest,1.0
15285,morning-metrics,scheduleTrigger,googleSheets,1.0
15286,email-archiver,emailReadImap,googleSheets,0.5
15287,rss-alert,rssFeedTrigger,slack,1.0
15288,form-to-endpoint,emailReadImap,httpRequest,0.5
15289,morning-metrics,scheduleTrigger,googleSheets,1.0
15290,email-archiver,emailReadImap,googleSheets,0.5
15291,rss-alert,scheduleTrigger,slack,0.5
15292,form-to-endpoint,webhook,httpRequest,1.0
15293,morning-metrics,scheduleTrigger,googleSheets,1.0
15294,email-archiver,emailReadImap,readWriteFile,1.0
15295,rss-alert,rssFeedTrigger,slack,1.0
15296,form-to-endpoint,webhook,httpRequest,1.0
15297,morning-metrics,scheduleTrigger,googleSheets,1.0
15298,email-archiver,emailReadImap,readWriteFile,1.0
15299,rss-alert,rssFeedTrigger,slack,1.0
15300,form-to-endpoint,webhook,httpRequest,1.0
15301,morning-metrics,scheduleTrigger,googleSheets,1.0
15302,email-archiver,emailReadImap,httpRequest,0.5
15303,rss-alert,rssFeedTrigger,slack,1.0
15304,form-to-endpoint,webhook,httpRequest,1.0
15305,morning-metrics,scheduleTrigger,googleSheets,1.0
15306,email-archiver,emailReadImap,readWriteFile,1.0
15307,rss-alert,rssFeedTrigger,slack,1.0
15308,form-to-endpoint,webhook,httpRequest,1.0
15309,morning-metrics,scheduleTrigger,googleSheets,1.0
15310,email-archiver,emailReadImap,readWriteFile,1.0
15311,rss-alert,rssFeedTrigger,slack,1.0
15312,form-to-endpoint,webhook,httpRequest,1.0
15313,morning-metrics,scheduleTrigger,googleSheets,1.0
15314,email-archiver,rssFeedTrigger,readWriteFile,0.5
15315,rss-alert,rssFeedTrigger,slack,1.0
15316,form-to-endpoint,webhook,httpRequest,1.0
15317,morning-metrics,scheduleTrigger,googleSheets,1.0
15318,email-archiver,emailReadImap,readWriteFile,1.0
15319,rss-alert,rssFeedTrigger,readWriteFile,0.5
15320,form-to-endpoint,webhook,httpRequest,1.0
15321,morning-metrics,scheduleTrigger,googleSheets,1.0
15322,email-archiver,emailReadImap,readWriteFile,1.0
15323,rss-alert,emailReadImap,slack,0.5
15324,form-to-endpoint,webhook,httpRequest,1.0
15325,morning-metrics,scheduleTrigger,googleSheets,1.0
15326,email-archiver,emailReadImap,readWriteFile,1.0
15327,rss-alert,rssFeedTrigger,slack,1.0
15328,form-to-endpoint,webhook,httpRequest,1.0
15329,morning-metrics,scheduleTrigger,googleSheets,1.0
15330,email-archiver,emailReadImap,readWriteFile,1.0
15331,rss-alert,emailReadImap,slack,0.5
15332,form-to-endpoint,webhook,httpRequest,1.0
15333,morning-metrics,scheduleTrigger,googleSheets,1.0
15334,email-archiver,emailReadImap,readWriteFile,1.0
15335,rss-alert,rssFeedTrigger,googleSheets,0.5
15336,form-to-endpoint,webhook,httpRequest,1.0
15337,morning-metrics,scheduleTrigger,googleSheets,1.0
15338,email-archiver,rssFeedTrigger,readWriteFile,0.5
15339,rss-alert,rssFeedTrigger,slack,1.0
15340,form-to-endpoint,webhook,httpRequest,1.0
15341,morning-metrics,scheduleTrigger,googleSheets,1.0
15342,email-archiver,emailReadImap,readWriteFile,1.0
15343,rss-alert,rssFeedTrigger,slack,1.0
15344,form-to-endpoint,webhook,httpRequest,1.0
15345,morning-metrics,scheduleTrigger,readWriteFile,0.5
15346,email-archiver,emailReadImap,readWriteFile,1.0
15347,rss-alert,rssFeedTrigger,slack,1.0
15348,form-to-endpoint,webhook,httpRequest,1.0
15349,morning-metrics,scheduleTrigger,googleSheets,1.0
15350,email-archiver,emailReadImap,httpRequest,0.5
15351,rss-alert,rssFeedTrigger,slack,1.0
15352,form-to-endpoint,webhook,httpRequest,1.0
15353,morning-metrics,scheduleTrigger,googleSheets,1.0
15354,email-archiver,emailReadImap,readWriteFile,1.0
15355,rss-alert,rssFeedTrigger,slack,1.0
15356,form-to-endpoint,webhook,httpRequest,1.0
15357,morning-metrics,scheduleTrigger,googleSheets,1.0
15358,email-archiver,emailReadImap,readWriteFile,1.0
15359,rss-alert,rssFeedTrigger,slack,1.0
15360,form-to-endpoint,webhook,httpRequest,1.0
15361,morning-metrics,scheduleTrigger,googleSheets,1.0
15362,email-archiver,emailReadImap,readWriteFile,1.0
15363,rss-alert,rssFeedTrigger,slack,1.0
15364,form-to-endpoint,webhook,httpRequest,1.0
15365,morning-metrics,scheduleTrigger,googleSheets,1.0
15366,email-archiver,emailReadImap,readWriteFile,1.0
15367,rss-alert,rssFeedTrigger,slack,1.0
15368,form-to-endpoint,webhook,httpRequest,1.0
15369,morning-metrics,emailReadImap,googleSheets,0.5
15370,email-archiver,emailReadImap,readWriteFile,1.0
15371,rss-alert,rssFeedTrigger,readWriteFile,0.5
15372,form-to-endpoint,webhook,httpRequest,1.0
15373,morning-metrics,scheduleTrigger,googleSheets,1.0
15374,email-archiver,scheduleTrigger,readWriteFile,0.5
15375,rss-alert,rssFeedTrigger,slack,1.0
15376,form-to-endpoint,webhook,httpRequest,1.0
15377,morning-metrics,scheduleTrigger,httpRequest,0.5
15378,email-archiver,emailReadImap,readWriteFile,1.0
15379,rss-alert,rssFeedTrigger,slack,1.0
15380,form-to-endpoint,webhook,httpRequest,1.0
15381,morning-metrics,scheduleTrigger,googleSheets,1.0
15382,email-archiver,emailReadImap,readWriteFile,1.0
15383,rss-alert,rssFeedTrigger,slack,1.0
15384,form-to-endpoint,webhook,httpRequest,1.0
15385,morning-metrics,scheduleTrigger,googleSheets,1.0
15386,email-archiver,emailReadImap,readWriteFile,1.0
15387,rss-alert,rssFeedTrigger,slack,1.0
15388,form-to-endpoint,webhook,httpRequest,1.0
15389,morning-metrics,scheduleTrigger,googleSheets,1.0
15390,email-archiver,emailReadImap,readWriteFile,1.0
15391,rss-alert,emailReadImap,slack,0.5
15392,form-to-endpoint,webhook,httpRequest,1.0
15393,morning-metrics,scheduleTrigger,googleSheets,1.0
15394,email-archiver,emailReadImap,readWriteFile,1.0
15395,rss-alert,rssFeedTrigger,slack,1.0
15396,form-to-endpoint,webhook,httpRequest,1.0
15397,morning-metrics,scheduleTrigger,googleSheets,1.0
15398,email-archiver,emailReadImap,httpRequest,0.5
15399,rss-alert,rssFeedTrigger,slack,1.0
15400,form-to-endpoint,webhook,httpRequest,1.0
15401,morning-metrics,scheduleTrigger,googleSheets,1.0
15402,email-archiver,emailReadImap,readWriteFile,1.0
15403,rss-alert,rssFeedTrigger,slack,1.0
15404,form-to-endpoint,webhook,httpRequest,1.0
15405,morning-metrics,scheduleTrigger,googleSheets,1.0
15406,email-archiver,emailReadImap,readWriteFile,1.0
15407,rss-alert,rssFeedTrigger,slack,1.0
15408,form-to-endpoint,webhook,httpRequest,1.0
15409,morning-metrics,scheduleTrigger,googleSheets,1.0
15410,email-archiver,emailReadImap,readWriteFile,1.0
15411,rss-alert,rssFeedTrigger,slack,1.0
15412,form-to-endpoint,scheduleTrigger,httpRequest,0.5
15413,morning-metrics,scheduleTrigger,googleSheets,1.0
15414,email-archiver,emailReadImap,readWriteFile,1.0
15415,rss-alert,rssFeedTrigger,slack,1.0
15416,form-to-endpoint,webhook,httpRequest,1.0
15417,morning-metrics,scheduleTrigger,googleSheets,1.0
15418,email-archiver,emailReadImap,readWriteFile,1.0
15419,rss-alert,rssFeedTrigger,slack,1.0
15420,form-to-endpoint,webhook,httpRequest,1.0
15421,morning-metrics,scheduleTrigger,googleSheets,1.0
15422,email-archiver,emailReadImap,httpRequest,0.5
15423,rss-alert,webhook,slack,0.5
15424,form-to-endpoint,webhook,googleSheets,0.5
15425,morning-metrics,scheduleTrigger,googleSheets,1.0
15426,email-archiver,emailReadImap,readWriteFile,1.0
15427,rss-alert,rssFeedTrigger,slack,1.0
15428,form-to-endpoint,webhook,httpRequest,1.0
15429,morning-metrics,scheduleTrigger,googleSheets,1.0
15430,email-archiver,emailReadImap,readWriteFile,1.0
15431,rss-alert,rssFeedTrigger,slack,1.0
15432,form-to-endpoint,webhook,httpRequest,1.0
15433,morning-metrics,scheduleTrigger,googleSheets,1.0
15434,email-archiver,emailReadImap,readWriteFile,1.0
15435,rss-alert,rssFeedTrigger,slack,1.0
15436,form-to-endpoint,webhook,httpRequest,1.0
15437,morning-metrics,scheduleTrigger,googleSheets,1.0
15438,email-archiver,emailReadImap,readWriteFile,1.0
15439,rss-alert,rssFeedTrigger,slack,1.0
15440,form-to-endpoint,webhook,httpRequest,1.0
15441,morning-metrics,scheduleTrigger,googleSheets,1.0
15442,email-archiver,emailReadImap,readWriteFile,1.0
15443,rss-alert,rssFeedTrigger,slack,1.0
15444,form-to-endpoint,webhook,httpRequest,1.0
15445,morning-metrics,scheduleTrigger,googleSheets,1.0
15446,email-archiver,emailReadImap,readWriteFile,1.0
15447,rss-alert,rssFeedTrigger,slack,1.0
15448,form-to-endpoint,webhook,httpRequest,1.0
15449,morning-metrics,scheduleTrigger,googleSheets,1.0
15450,email-archiver,rssFeedTrigger,readWriteFile,0.5
15451,rss-alert,rssFeedTrigger,googleSheets,0.5
15452,form-to-endpoint,webhook,httpRequest,1.0
15453,morning-metrics,scheduleTrigger,googleSheets,1.0
15454,email-archiver,emailReadImap,readWriteFile,1.0
15455,rss-alert,rssFeedTrigger,readWriteFile,0.5
15456,form-to-endpoint,webhook,httpRequest,1.0
15457,morning-metrics,scheduleTrigger,googleSheets,1.0
15458,email-archiver,emailReadImap,readWriteFile,1.0
15459,rss-alert,rssFeedTrigger,slack,1.0
15460,form-to-endpoint,webhook,httpRequest,1.0
15461,morning-metrics,scheduleTrigger,googleSheets,1.0
15462,email-archiver,emailReadImap,readWriteFile,1.0
15463,rss-alert,scheduleTrigger,slack,0.5
15464,form-to-endpoint,webhook,httpRequest,1.0
15465,morning-metrics,scheduleTrigger,googleSheets,1.0
15466,email-archiver,emailReadImap,readWriteFile,1.0
15467,rss-alert,rssFeedTrigger,slack,1.0
15468,form-to-endpoint,webhook,httpRequest,1.0
15469,morning-metrics,scheduleTrigger,googleSheets,1.0
15470,email-archiver,emailReadImap,readWriteFile,1.0
15471,rss-alert,rssFeedTrigger,slack,1.0
15472,form-to-endpoint,webhook,httpRequest,1.0
15473,morning-metrics,scheduleTrigger,googleSheets,1.0
15474,email-archiver,emailReadImap,readWriteFile,1.0
15475,rss-alert,rssFeedTrigger,slack,1.0
15476,form-to-endpoint,webhook,httpRequest,1.0
15477,morning-metrics,scheduleTrigger,googleSheets,1.0
15478,email-archiver,emailReadImap,readWriteFile,1.0
15479,rss-alert,rssFeedTrigger,slack,1.0
15480,form-to-endpoint,webhook,httpRequest,1.0
15481,morning-metrics,scheduleTrigger,googleSheets,1.0
15482,email-archiver,emailReadImap,readWriteFile,1.0
15483,rss-alert,rssFeedTrigger,slack,1.0
15484,form-to-endpoint,webhook,httpRequest,1.0
15485,morning-metrics,scheduleTrigger,googleSheets,1.0
15486,email-archiver,webhook,readWriteFile,0.5
15487,rss-alert,rssFeedTrigger,slack,1.0
15488,form-to-endpoint,webhook,httpRequest,1.0
15489,morning-metrics,scheduleTrigger,googleSheets,1.0
15490,email-archiver,emailReadImap,readWriteFile,1.0
15491,rss-alert,rssFeedTrigger,slack,1.0
15492,form-to-endpoint,webhook,httpRequest,1.0
15493,morning-metrics,scheduleTrigger,googleSheets,1.0
15494,email-archiver,emailReadImap,readWriteFile,1.0
15495,rss-alert,rssFeedTrigger,slack,1.0
15496,form-to-endpoint,webhook,httpRequest,1.0
15497,morning-metrics,scheduleTrigger,googleSheets,1.0
15498,email-archiver,emailReadImap,readWriteFile,1.0
15499,rss-alert,emailReadImap,slack,0.5
15500,form-to-endpoint,webhook,httpRequest,1.0
15501,morning-metrics,scheduleTrigger,googleSheets,1.0
15502,email-archiver,emailReadImap,readWriteFile,1.0
15503,rss-alert,rssFeedTrigger,httpRequest,0.5
15504,form-to-endpoint,rssFeedTrigger,httpRequest,0.5
15505,morning-metrics,scheduleTrigger,googleSheets,1.0
15506,email-archiver,emailReadImap,readWriteFile,1.0
15507,rss-alert,rssFeedTrigger,slack,1.0
15508,form-to-endpoint,webhook,httpRequest,1.0
15509,morning-metrics,rssFeedTrigger,googleSheets,0.5
15510,email-archiver,emailReadImap,readWriteFile,1.0
15511,rss-alert,rssFeedTrigger,slack,1.0
15512,form-to-endpoint,webhook,httpRequest,1.0
15513,morning-metrics,scheduleTrigger,googleSheets,1.0
15514,email-archiver,emailReadImap,readWriteFile,1.0
15515,rss-alert,rssFeedTrigger,slack,1.0
15516,form-to-endpoint,webhook,httpRequest,1.0
15517,morning-metrics,scheduleTrigger,googleSheets,1.0
15518,email-archiver,emailReadImap,readWriteFile,1.0
15519,rss-alert,rssFeedTrigger,slack,1.0
15520,form-to-endpoint,webhook,httpRequest,1.0
15521,morning-metrics,scheduleTrigger,googleSheets,1.0
15522,email-archiver,emailReadImap,readWriteFile,1.0
15523,rss-alert,rssFeedTrigger,slack,1.0
15524,form-to-endpoint,webhook,httpRequest,1.0
15525,morning-metrics,scheduleTrigger,httpRequest,0.5
15526,email-archiver,emailReadImap,readWriteFile,1.0
15527,rss-alert,rssFeedTrigger,slack,1.0
15528,form-to-endpoint,webhook,httpRequest,1.0
15529,morning-metrics,scheduleTrigger,googleSheets,1.0
15530,email-archiver,emailReadImap,readWriteFile,1.0
15531,rss-alert,rssFeedTrigger,slack,1.0
15532,form-to-endpoint,webhook,httpRequest,1.0
15533,morning-metrics,scheduleTrigger,googleSheets,1.0
15534,email-archiver,emailReadImap,readWriteFile,1.0
15535,rss-alert,rssFeedTrigger,slack,1.0
15536,form-to-endpoint,webhook,httpRequest,1.0
15537,morning-metrics,scheduleTrigger,googleSheets,1.0
15538,email-archiver,emailReadImap,readWriteFile,1.0
15539,rss-alert,rssFeedTrigger,httpRequest,0.5
15540,form-to-endpoint,webhook,httpRequest,1.0
15541,morning-metrics,scheduleTrigger,slack,0.5
15542,email-archiver,emailReadImap,readWriteFile,1.0
15543,rss-alert,rssFeedTrigger,slack,1.0
15544,form-to-endpoint,webhook,httpRequest,1.0
15545,morning-metrics,scheduleTrigger,googleSheets,1.0
15546,email-archiver,emailReadImap,slack,0.5
15547,rss-alert,rssFeedTrigger,slack,1.0
15548,form-to-endpoint,webhook,httpRequest,1.0
15549,morning-metrics,scheduleTrigger,googleSheets,1.0
15550,email-archiver,emailReadImap,readWriteFile,1.0
15551,rss-alert,rssFeedTrigger,slack,1.0
15552,form-to-endpoint,webhook,httpRequest,1.0
15553,morning-metrics,scheduleTrigger,googleSheets,1.0
15554,email-archiver,emailReadImap,readWriteFile,1.0
15555,rss-alert,rssFeedTrigger,slack,1.0
15556,form-to-endpoint,webhook,httpRequest,1.0
15557,morning-metrics,scheduleTrigger,googleSheets,1.0
15558,email-archiver,scheduleTrigger,readWriteFile,0.5
15559,rss-alert,rssFeedTrigger,slack,1.0
15560,form-to-endpoint,webhook,httpRequest,1.0
15561,morning-metrics,scheduleTrigger,googleSheets,1.0
15562,email-archiver,emailReadImap,readWriteFile,1.0
15563,rss-alert,rssFeedTrigger,slack,1.0
15564,form-to-endpoint,webhook,httpRequest,1.0
15565,morning-metrics,scheduleTrigger,googleSheets,1.0
15566,email-archiver,emailReadImap,readWriteFile,1.0
15567,rss-alert,rssFeedTrigger,slack,1.0
15568,form-to-endpoint,webhook,httpRequest,1.0
15569,morning-metrics,scheduleTrigger,googleSheets,1.0
15570,email-archiver,emailReadImap,slack,0.5
15571,rss-alert,rssFeedTrigger,httpRequest,0.5
15572,form-to-endpoint,webhook,httpRequest,1.0
15573,morning-metrics,webhook,googleSheets,0.5
15574,email-archiver,emailReadImap,readWriteFile,1.0
15575,rss-alert,rssFeedTrigger,slack,1.0
15576,form-to-endpoint,webhook,httpRequest,1.0
15577,morning-metrics,emailReadImap,googleSheets,0.5
15578,email-archiver,emailReadImap,readWriteFile,1.0
15579,rss-alert,scheduleTrigger,slack,0.5
15580,form-to-endpoint,webhook,httpRequest,1.0
15581,morning-metrics,scheduleTrigger,googleSheets,1.0
15582,email-archiver,emailReadImap,readWriteFile,1.0
15583,rss-alert,rssFeedTrigger,slack,1.0
15584,form-to-endpoint,webhook,httpRequest,1.0
15585,morning-metrics,scheduleTrigger,googleSheets,1.0
15586,email-archiver,emailReadImap,httpRequest,0.5
15587,rss-alert,rssFeedTrigger,slack,1.0
15588,form-to-endpoint,webhook,httpRequest,1.0
15589,morning-metrics,scheduleTrigger,googleSheets,1.0
15590,email-archiver,emailReadImap,readWriteFile,1.0
15591,rss-alert,rssFeedTrigger,slack,1.0
15592,form-to-endpoint,emailReadImap,httpRequest,0.5
15593,morning-metrics,scheduleTrigger,googleSheets,1.0
15594,email-archiver,emailReadImap,slack,0.5
15595,rss-alert,rssFeedTrigger,slack,1.0
15596,form-to-endpoint,webhook,httpRequest,1.0
15597,morning-metrics,scheduleTrigger,googleSheets,1.0
15598,email-archiver,emailReadImap,readWriteFile,1.0
15599,rss-alert,rssFeedTrigger,slack,1.0
15600,form-to-endpoint,webhook,httpRequest,1.0
15601,morning-metrics,scheduleTrigger,googleSheets,1.0
15602,email-archiver,emailReadImap,readWriteFile,1.0
15603,rss-alert,rssFeedTrigger,slack,1.0
15604,form-to-endpoint,webhook,httpRequest,1.0
15605,morning-metrics,scheduleTrigger,googleSheets,1.0
15606,email-archiver,emailReadImap,readWriteFile,1.0
15607,rss-alert,rssFeedTrigger,slack,1.0
15608,form-to-endpoint,webhook,httpRequest,1.0
15609,morning-metrics,scheduleTrigger,googleSheets,1.0
15610,email-archiver,emailReadImap,readWriteFile,1.0
15611,rss-alert,rssFeedTrigger,slack,1.0
15612,form-to-endpoint,webhook,httpRequest,1.0
15613,morning-metrics,scheduleTrigger,googleSheets,1.0
15614,email-archiver,emailReadImap,readWriteFile,1.0
15615,rss-alert,rssFeedTrigger,slack,1.0
15616,form-to-endpoint,webhook,httpRequest,1.0
15617,morning-metrics,scheduleTrigger,googleSheets,1.0
15618,email-archiver,emailReadImap,readWriteFile,1.0
15619,rss-alert,rssFeedTrigger,slack,1.0
15620,form-to-endpoint,webhook,httpRequest,1.0
15621,morning-metrics,scheduleTrigger,googleSheets,1.0
15622,email-archiver,emailReadImap,readWriteFile,1.0
15623,rss-alert,rssFeedTrigger,readWriteFile,0.5
15624,form-to-endpoint,webhook,httpRequest,1.0
15625,morning-metrics,scheduleTrigger,readWriteFile,0.5
15626,email-archiver,emailReadImap,httpRequest,0.5
15627,rss-alert,emailReadImap,slack,0.5
15628,form-to-endpoint,webhook,httpRequest,1.0
15629,morning-metrics,scheduleTrigger,googleSheets,1.0
15630,email-archiver,emailReadImap,readWriteFile,1.0
15631,rss-alert,scheduleTrigger,googleSheets,0.0
15632,form-to-endpoint,webhook,httpRequest,1.0
15633,morning-metrics,emailReadImap,googleSheets,0.5
15634,email-archiver,emailReadImap,readWriteFile,1.0
15635,rss-alert,rssFeedTrigger,slack,1.0
15636,form-to-endpoint,webhook,httpRequest,1.0
15637,morning-metrics,scheduleTrigger,googleSheets,1.0
15638,email-archiver,emailReadImap,readWriteFile,1.0
15639,rss-alert,rssFeedTrigger,slack,1.0
15640,form-to-endpoint,webhook,httpRequest,1.0
15641,morning-metrics,scheduleTrigger,googleSheets,1.0
15642,email-archiver,scheduleTrigger,readWriteFile,0.5
15643,rss-alert,rssFeedTrigger,slack,1.0
15644,form-to-endpoint,webhook,httpRequest,1.0
15645,morning-metrics,scheduleTrigger,googleSheets,1.0
15646,email-archiver,emailReadImap,readWriteFile,1.0
15647,rss-alert,rssFeedTrigger,slack,1.0
15648,form-to-endpoint,webhook,httpRequest,1.0
15649,morning-metrics,scheduleTrigger,googleSheets,1.0
15650,email-archiver,emailReadImap,googleSheets,0.5
15651,rss-alert,rssFeedTrigger,slack,1.0
15652,form-to-endpoint,webhook,httpRequest,1.0
15653,morning-metrics,scheduleTrigger,googleSheets,1.0
15654,email-archiver,emailReadImap,readWriteFile,1.0
15655,rss-alert,rssFeedTrigger,slack,1.0
15656,form-to-endpoint,webhook,httpRequest,1.0
15657,morning-metrics,scheduleTrigger,googleSheets,1.0
15658,email-archiver,emailReadImap,readWriteFile,1.0
15659,rss-alert,rssFeedTrigger,slack,1.0
15660,form-to-endpoint,webhook,httpRequest,1.0
15661,morning-metrics,scheduleTrigger,googleSheets,1.0
15662,email-archiver,emailReadImap,readWriteFile,1.0
15663,rss-alert,rssFeedTrigger,slack,1.0
15664,form-to-endpoint,webhook,httpRequest,1.0
15665,morning-metrics,scheduleTrigger,googleSheets,1.0
15666,email-archiver,emailReadImap,readWriteFile,1.0
15667,rss-alert,rssFeedTrigger,slack,1.0
15668,form-to-endpoint,webhook,httpRequest,1.0
15669,morning-metrics,scheduleTrigger,readWriteFile,0.5
15670,email-archiver,emailReadImap,readWriteFile,1.0
15671,rss-alert,rssFeedTrigger,slack,1.0
15672,form-to-endpoint,emailReadImap,httpRequest,0.5
15673,morning-metrics,scheduleTrigger,readWriteFile,0.5
15674,email-archiver,emailReadImap,readWriteFile,1.0
15675,rss-alert,rssFeedTrigger,slack,1.0
15676,form-to-endpoint,webhook,httpRequest,1.0
15677,morning-metrics,scheduleTrigger,googleSheets,1.0
15678,email-archiver,emailReadImap,readWriteFile,1.0
15679,rss-alert,rssFeedTrigger,slack,1.0
15680,form-to-endpoint,webhook,httpRequest,1.0
15681,morning-metrics,scheduleTrigger,googleSheets,1.0
15682,email-archiver,emailReadImap,readWriteFile,1.0
15683,rss-alert,rssFeedTrigger,slack,1.0
15684,form-to-endpoint,webhook,httpRequest,1.0
15685,morning-metrics,scheduleTrigger,googleSheets,1.0
15686,email-archiver,emailReadImap,readWriteFile,1.0
15687,rss-alert,rssFeedTrigger,slack,1.0
15688,form-to-endpoint,emailReadImap,httpRequest,0.5
15689,morning-metrics,scheduleTrigger,googleSheets,1.0
15690,email-archiver,emailReadImap,readWriteFile,1.0
15691,rss-alert,rssFeedTrigger,slack,1.0
15692,form-to-endpoint,webhook,httpRequest,1.0
15693,morning-metrics,scheduleTrigger,googleSheets,1.0
15694,email-archiver,emailReadImap,readWriteFile,1.0
15695,rss-alert,rssFeedTrigger,slack,1.0
15696,form-to-endpoint,webhook,httpRequest,1.0
15697,morning-metrics,scheduleTrigger,googleSheets,1.0
15698,email-archiver,emailReadImap,readWriteFile,1.0
15699,rss-alert,rssFeedTrigger,slack,1.0
15700,form-to-endpoint,scheduleTrigger,httpRequest,0.5
15701,morning-metrics,scheduleTrigger,googleSheets,1.0
15702,email-archiver,emailReadImap,readWriteFile,1.0
15703,rss-alert,scheduleTrigger,slack,0.5
15704,form-to-endpoint,webhook,httpRequest,1.0
15705,morning-metrics,scheduleTrigger,googleSheets,1.0
15706,email-archiver,emailReadImap,readWriteFile,1.0
15707,rss-alert,rssFeedTrigger,slack,1.0
15708,form-to-endpoint,webhook,httpRequest,1.0
15709,morning-metrics,scheduleTrigger,googleSheets,1.0
15710,email-archiver,emailReadImap,readWriteFile,1.0
15711,rss-alert,rssFeedTrigger,slack,1.0
15712,form-to-endpoint,webhook,httpRequest,1.0
15713,morning-metrics,scheduleTrigger,googleSheets,1.0
15714,email-archiver,emailReadImap,readWriteFile,1.0
15715,rss-alert,rssFeedTrigger,slack,1.0
15716,form-to-endpoint,webhook,readWriteFile,0.5
15717,morning-metrics,scheduleTrigger,googleSheets,1.0
15718,email-archiver,emailReadImap,readWriteFile,1.0
15719,rss-alert,rssFeedTrigger,slack,1.0
15720,form-to-endpoint,webhook,httpRequest,1.0
15721,morning-metrics,scheduleTrigger,googleSheets,1.0
15722,email-archiver,rssFeedTrigger,slack,0.0
15723,rss-alert,rssFeedTrigger,httpRequest,0.5
15724,form-to-endpoint,webhook,httpRequest,1.0
15725,morning-metrics,scheduleTrigger,googleSheets,1.0
15726,email-archiver,emailReadImap,readWriteFile,1.0
15727,rss-alert,rssFeedTrigger,slack,1.0
15728,form-to-endpoint,webhook,httpRequest,1.0
15729,morning-metrics,scheduleTrigger,googleSheets,1.0
15730,email-archiver,emailReadImap,readWriteFile,1.0
15731,rss-alert,emailReadImap,slack,0.5
15732,form-to-endpoint,webhook,slack,0.5
15733,morning-metrics,scheduleTrigger,googleSheets,1.0
15734,email-archiver,emailReadImap,readWriteFile,1.0
15735,rss-alert,rssFeedTrigger,slack,1.0
15736,form-to-endpoint,webhook,httpRequest,1.0
15737,morning-metrics,scheduleTrigger,googleSheets,1.0
15738,email-archiver,emailReadImap,readWriteFile,1.0
15739,rss-alert,rssFeedTrigger,slack,1.0
15740,form-to-endpoint,webhook,httpRequest,1.0
15741,morning-metrics,scheduleTrigger,googleSheets,1.0
15742,email-archiver,emailReadImap,readWriteFile,1.0
15743,rss-alert,rssFeedTrigger,slack,1.0
15744,form-to-endpoint,webhook,httpRequest,1.0
15745,morning-metrics,scheduleTrigger,googleSheets,1.0
15746,email-archiver,emailReadImap,readWriteFile,1.0
15747,rss-alert,rssFeedTrigger,slack,1.0
15748,form-to-endpoint,webhook,httpRequest,1.0
15749,morning-metrics,scheduleTrigger,slack,0.5
15750,email-archiver,emailReadImap,readWriteFile,1.0
15751,rss-alert,rssFeedTrigger,slack,1.0
15752,form-to-endpoint,webhook,httpRequest,1.0
15753,morning-metrics,scheduleTrigger,googleSheets,1.0
15754,email-archiver,emailReadImap,readWriteFile,1.0
15755,rss-alert,rssFeedTrigger,slack,1.0
15756,form-to-endpoint,webhook,httpRequest,1.0
15757,morning-metrics,scheduleTrigger,googleSheets,1.0
15758,email-archiver,emailReadImap,readWriteFile,1.0
15759,rss-alert,rssFeedTrigger,slack,1.0
15760,form-to-endpoint,webhook,httpRequest,1.0
15761,morning-metrics,scheduleTrigger,googleSheets,1.0
15762,email-archiver,scheduleTrigger,readWriteFile,0.5
15763,rss-alert,emailReadImap,slack,0.5
15764,form-to-endpoint,webhook,httpRequest,1.0
15765,morning-metrics,scheduleTrigger,googleSheets,1.0
15766,email-archiver,emailReadImap,readWriteFile,1.0
15767,rss-alert,rssFeedTrigger,slack,1.0
15768,form-to-endpoint,webhook,httpRequest,1.0
15769,morning-metrics,scheduleTrigger,googleSheets,1.0
15770,email-archiver,emailReadImap,readWriteFile,1.0
15771,rss-alert,rssFeedTrigger,slack,1.0
15772,form-to-endpoint,scheduleTrigger,httpRequest,0.5
15773,morning-metrics,scheduleTrigger,googleSheets,1.0
15774,email-archiver,emailReadImap,readWriteFile,1.0
15775,rss-alert,rssFeedTrigger,slack,1.0
15776,form-to-endpoint,webhook,httpRequest,1.0
15777,morning-metrics,scheduleTrigger,googleSheets,1.0
15778,email-archiver,emailReadImap,readWriteFile,1.0
15779,rss-alert,rssFeedTrigger,slack,1.0
15780,form-to-endpoint,webhook,httpRequest,1.0
15781,morning-metrics,scheduleTrigger,googleSheets,1.0
15782,email-archiver,emailReadImap,readWriteFile,1.0
15783,rss-alert,rssFeedTrigger,slack,1.0
15784,form-to-endpoint,webhook,httpRequest,1.0
15785,morning-metrics,scheduleTrigger,googleSheets,1.0
15786,email-archiver,emailReadImap,readWriteFile,1.0
15787,rss-alert,rssFeedTrigger,slack,1.0
15788,form-to-endpoint,webhook,httpRequest,1.0
15789,morning-metrics,scheduleTrigger,googleSheets,1.0
15790,email-archiver,emailReadImap,readWriteFile,1.0
15791,rss-alert,rssFeedTrigger,slack,1.0
15792,form-to-endpoint,webhook,httpRequest,1.0
15793,morning-metrics,scheduleTrigger,googleSheets,1.0
15794,email-archiver,emailReadImap,readWriteFile,1.0
15795,rss-alert,rssFeedTrigger,slack,1.0
15796,form-to-endpoint,webhook,httpRequest,1.0
15797,morning-metrics,scheduleTrigger,googleSheets,1.0
15798,email-archiver,emailReadImap,readWriteFile,1.0
15799,rss-alert,rssFeedTrigger,slack,1.0
15800,form-to-endpoint,scheduleTrigger,httpRequest,0.5
15801,morning-metrics,scheduleTrigger,readWriteFile,0.5
15802,email-archiver,emailReadImap,readWriteFile,1.0
15803,rss-alert,rssFeedTrigger,slack,1.0
15804,form-to-endpoint,webhook,httpRequest,1.0
15805,morning-metrics,scheduleTrigger,googleSheets,1.0
15806,email-archiver,emailReadImap,readWriteFile,1.0
15807,rss-alert,rssFeedTrigger,slack,1.0
15808,form-to-endpoint,webhook,httpRequest,1.0
15809,morning-metrics,rssFeedTrigger,googleSheets,0.5
15810,email-archiver,emailReadImap,googleSheets,0.5
15811,rss-alert,rssFeedTrigger,slack,1.0
15812,form-to-endpoint,webhook,httpRequest,1.0
15813,morning-metrics,webhook,googleSheets,0.5
15814,email-archiver,emailReadImap,readWriteFile,1.0
15815,rss-alert,rssFeedTrigger,slack,1.0
15816,form-to-endpoint,webhook,httpRequest,1.0
15817,morning-metrics,scheduleTrigger,googleSheets,1.0
15818,email-archiver,emailReadImap,readWriteFile,1.0
15819,rss-alert,webhook,slack,0.5
15820,form-to-endpoint,webhook,httpRequest,1.0
15821,morning-metrics,scheduleTrigger,googleSheets,1.0
15822,email-archiver,emailReadImap,readWriteFile,1.0
15823,rss-alert,rssFeedTrigger,googleSheets,0.5
15824,form-to-endpoint,webhook,httpRequest,1.0
15825,morning-metrics,scheduleTrigger,googleSheets,1.0
15826,email-archiver,emailReadImap,readWriteFile,1.0
15827,rss-alert,rssFeedTrigger,slack,1.0
15828,form-to-endpoint,webhook,httpRequest,1.0
15829,morning-metrics,scheduleTrigger,googleSheets,1.0
15830,email-archiver,emailReadImap,readWriteFile,1.0
15831,rss-alert,rssFeedTrigger,slack,1.0
15832,form-to-endpoint,webhook,httpRequest,1.0
15833,morning-metrics,scheduleTrigger,googleSheets,1.0
15834,email-archiver,emailReadImap,readWriteFile,1.0
15835,rss-alert,rssFeedTrigger,slack,1.0
15836,form-to-endpoint,webhook,httpRequest,1.0
15837,morning-metrics,scheduleTrigger,googleSheets,1.0
15838,email-archiver,emailReadImap,readWriteFile,1.0
15839,rss-alert,rssFeedTrigger,readWriteFile,0.5
15840,form-to-endpoint,webhook,httpRequest,1.0
15841,morning-metrics,scheduleTrigger,googleSheets,1.0
15842,email-archiver,emailReadImap,readWriteFile,1.0
15843,rss-alert,rssFeedTrigger,slack,1.0
15844,form-to-endpoint,webhook,httpRequest,1.0
15845,morning-metrics,scheduleTrigger,googleSheets,1.0
15846,email-archiver,emailReadImap,readWriteFile,1.0
15847,rss-alert,rssFeedTrigger,slack,1.0
15848,form-to-endpoint,webhook,httpRequest,1.0
15849,morning-metrics,scheduleTrigger,googleSheets,1.0
15850,email-archiver,emailReadImap,readWriteFile,1.0
15851,rss-alert,rssFeedTrigger,slack,1.0
15852,form-to-endpoint,webhook,readWriteFile,0.5
15853,morning-metrics,scheduleTrigger,googleSheets,1.0
15854,email-archiver,emailReadImap,readWriteFile,1.0
15855,rss-alert,emailReadImap,slack,0.5
15856,form-to-endpoint,webhook,httpRequest,1.0
15857,morning-metrics,scheduleTrigger,googleSheets,1.0
15858,email-archiver,emailReadImap,readWriteFile,1.0
15859,rss-alert,rssFeedTrigger,slack,1.0
15860,form-to-endpoint,webhook,httpRequest,1.0
15861,morning-metrics,scheduleTrigger,googleSheets,1.0
15862,email-archiver,emailReadImap,readWriteFile,1.0
15863,rss-alert,rssFeedTrigger,slack,1.0
15864,form-to-endpoint,rssFeedTrigger,httpRequest,0.5
15865,morning-metrics,scheduleTrigger,googleSheets,1.0
15866,email-archiver,emailReadImap,readWriteFile,1.0
15867,rss-alert,rssFeedTrigger,slack,1.0
15868,form-to-endpoint,webhook,httpRequest,1.0
15869,morning-metrics,scheduleTrigger,googleSheets,1.0
15870,email-archiver,emailReadImap,readWriteFile,1.0
15871,rss-alert,rssFeedTrigger,slack,1.0
15872,form-to-endpoint,scheduleTrigger,httpRequest,0.5
15873,morning-metrics,scheduleTrigger,slack,0.5
15874,email-archiver,emailReadImap,readWriteFile,1.0
15875,rss-alert,rssFeedTrigger,httpRequest,0.5
15876,form-to-endpoint,webhook,httpRequest,1.0
15877,morning-metrics,scheduleTrigger,googleSheets,1.0
15878,email-archiver,emailReadImap,readWriteFile,1.0
15879,rss-alert,rssFeedTrigger,slack,1.0
15880,form-to-endpoint,webhook,httpRequest,1.0
15881,morning-metrics,scheduleTrigger,googleSheets,1.0
15882,email-archiver,emailReadImap,readWriteFile,1.0
15883,rss-alert,rssFeedTrigger,slack,1.0
15884,form-to-endpoint,webhook,httpRequest,1.0
15885,morning-metrics,scheduleTrigger,googleSheets,1.0
15886,email-archiver,emailReadImap,readWriteFile,1.0
15887,rss-alert,emailReadImap,slack,0.5
15888,form-to-endpoint,webhook,httpRequest,1.0
15889,morning-metrics,emailReadImap,googleSheets,0.5
15890,email-archiver,emailReadImap,readWriteFile,1.0
15891,rss-alert,rssFeedTrigger,slack,1.0
15892,form-to-endpoint,webhook,httpRequest,1.0
15893,morning-metrics,scheduleTrigger,googleSheets,1.0
15894,email-archiver,emailReadImap,readWriteFile,1.0
15895,rss-alert,rssFeedTrigger,googleSheets,0.5
15896,form-to-endpoint,rssFeedTrigger,httpRequest,0.5
15897,morning-metrics,scheduleTrigger,googleSheets,1.0
15898,email-archiver,emailReadImap,readWriteFile,1.0
15899,rss-alert,rssFeedTrigger,slack,1.0
15900,form-to-endpoint,webhook,httpRequest,1.0
15901,morning-metrics,scheduleTrigger,googleSheets,1.0
15902,email-archiver,webhook,readWriteFile,0.5
15903,rss-alert,rssFeedTrigger,slack,1.0
15904,form-to-endpoint,webhook,httpRequest,1.0
15905,morning-metrics,scheduleTrigger,googleSheets,1.0
15906,email-archiver,emailReadImap,httpRequest,0.5
15907,rss-alert,rssFeedTrigger,googleSheets,0.5
15908,form-to-endpoint,webhook,httpRequest,1.0
15909,morning-metrics,scheduleTrigger,googleSheets,1.0
15910,email-archiver,emailReadImap,readWriteFile,1.0
15911,rss-alert,rssFeedTrigger,slack,1.0
15912,form-to-endpoint,webhook,httpRequest,1.0
15913,morning-metrics,scheduleTrigger,googleSheets,1.0
15914,email-archiver,emailReadImap,readWriteFile,1.0
15915,rss-alert,rssFeedTrigger,slack,1.0
15916,form-to-endpoint,webhook,httpRequest,1.0
15917,morning-metrics,scheduleTrigger,slack,0.5
15918,email-archiver,emailReadImap,readWriteFile,1.0
15919,rss-alert,rssFeedTrigger,slack,1.0
15920,form-to-endpoint,webhook,httpRequest,1.0
15921,morning-metrics,scheduleTrigger,googleSheets,1.0
15922,email-archiver,emailReadImap,readWriteFile,1.0
15923,rss-alert,rssFeedTrigger,slack,1.0
15924,form-to-endpoint,webhook,httpRequest,1.0
15925,morning-metrics,scheduleTrigger,googleSheets,1.0
15926,email-archiver,emailReadImap,readWriteFile,1.0
15927,rss-alert,rssFeedTrigger,slack,1.0
15928,form-to-endpoint,webhook,httpRequest,1.0
15929,morning-metrics,scheduleTrigger,googleSheets,1.0
15930,email-archiver,emailReadImap,readWriteFile,1.0
15931,rss-alert,rssFeedTrigger,slack,1.0
15932,form-to-endpoint,webhook,httpRequest,1.0
15933,morning-metrics,scheduleTrigger,googleSheets,1.0
15934,email-archiver,webhook,readWriteFile,0.5
15935,rss-alert,rssFeedTrigger,slack,1.0
15936,form-to-endpoint,emailReadImap,readWriteFile,0.0
15937,morning-metrics,scheduleTrigger,googleSheets,1.0
15938,email-archiver,emailReadImap,readWriteFile,1.0
15939,rss-alert,rssFeedTrigger,slack,1.0
15940,form-to-endpoint,webhook,httpRequest,1.0
15941,morning-metrics,scheduleTrigger,googleSheets,1.0
15942,email-archiver,scheduleTrigger,readWriteFile,0.5
15943,rss-alert,rssFeedTrigger,googleSheets,0.5
15944,form-to-endpoint,webhook,httpRequest,1.0
15945,morning-metrics,scheduleTrigger,readWriteFile,0.5
15946,email-archiver,emailReadImap,readWriteFile,1.0
15947,rss-alert,rssFeedTrigger,slack,1.0
15948,form-to-endpoint,webhook,httpRequest,1.0
15949,morning-metrics,scheduleTrigger,googleSheets,1.0
15950,email-archiver,emailReadImap,readWriteFile,1.0
15951,rss-alert,rssFeedTrigger,slack,1.0
15952,form-to-endpoint,webhook,httpRequest,1.0
15953,morning-metrics,scheduleTrigger,googleSheets,1.0
15954,email-archiver,emailReadImap,readWriteFile,1.0
15955,rss-alert,rssFeedTrigger,slack,1.0
15956,form-to-endpoint,webhook,httpRequest,1.0
15957,morning-metrics,scheduleTrigger,googleSheets,1.0
15958,email-archiver,emailReadImap,readWriteFile,1.0
15959,rss-alert,rssFeedTrigger,slack,1.0
15960,form-to-endpoint,emailReadImap,httpRequest,0.5
15961,morning-metrics,scheduleTrigger,googleSheets,1.0
15962,email-archiver,emailReadImap,slack,0.5
15963,rss-alert,rssFeedTrigger,slack,1.0
15964,form-to-endpoint,webhook,httpRequest,1.0
15965,morning-metrics,scheduleTrigger,googleSheets,1.0
15966,email-archiver,emailReadImap,readWriteFile,1.0
15967,rss-alert,rssFeedTrigger,slack,1.0
15968,form-to-endpoint,webhook,googleSheets,0.5
15969,morning-metrics,scheduleTrigger,googleSheets,1.0
15970,email-archiver,emailReadImap,readWriteFile,1.0
15971,rss-alert,rssFeedTrigger,slack,1.0
15972,form-to-endpoint,emailReadImap,httpRequest,0.5
15973,morning-metrics,scheduleTrigger,googleSheets,1.0
15974,email-archiver,emailReadImap,httpRequest,0.5
15975,rss-alert,rssFeedTrigger,slack,1.0
15976,form-to-endpoint,webhook,httpRequest,1.0
15977,morning-metrics,emailReadImap,googleSheets,0.5
15978,email-archiver,emailReadImap,readWriteFile,1.0
15979,rss-alert,rssFeedTrigger,slack,1.0
15980,form-to-endpoint,webhook,httpRequest,1.0
15981,morning-metrics,scheduleTrigger,googleSheets,1.0
15982,email-archiver,emailReadImap,readWriteFile,1.0
15983,rss-alert,rssFeedTrigger,slack,1.0
15984,form-to-endpoint,webhook,httpRequest,1.0
15985,morning-metrics,emailReadImap,googleSheets,0.5
15986,email-archiver,emailReadImap,readWriteFile,1.0
15987,rss-alert,emailReadImap,slack,0.5
15988,form-to-endpoint,webhook,httpRequest,1.0
15989,morning-metrics,scheduleTrigger,googleSheets,1.0
15990,email-archiver,emailReadImap,readWriteFile,1.0
15991,rss-alert,rssFeedTrigger,slack,1.0
15992,form-to-endpoint,webhook,httpRequest,1.0
15993,morning-metrics,scheduleTrigger,googleSheets,1.0
15994,email-archiver,webhook,readWriteFile,0.5
15995,rss-alert,webhook,slack,0.5
15996,form-to-endpoint,webhook,httpRequest,1.0
15997,morning-metrics,scheduleTrigger,googleSheets,1.0
15998,email-archiver,emailReadImap,readWriteFile,1.0
15999,rss-alert,rssFeedTrigger,slack,1.0
16000,form-to-endpoint,webhook,httpRequest,1.0
16001,morning-metrics,scheduleTrigger,googleSheets,1.0
16002,email-archiver,emailReadImap,readWriteFile,1.0
16003,rss-alert,rssFeedTrigger,slack,1.0
16004,form-to-endpoint,webhook,googleSheets,0.5
16005,morning-metrics,scheduleTrigger,googleSheets,1.0
16006,email-archiver,emailReadImap,readWriteFile,1.0
16007,rss-alert,rssFeedTrigger,slack,1.0
16008,form-to-endpoint,webhook,readWriteFile,0.5
16009,morning-metrics,webhook,httpRequest,0.0
16010,email-archiver,emailReadImap,httpRequest,0.5
16011,rss-alert,rssFeedTrigger,slack,1.0
16012,form-to-endpoint,webhook,httpRequest,1.0
16013,morning-metrics,scheduleTrigger,googleSheets,1.0
16014,email-archiver,emailReadImap,readWriteFile,1.0
16015,rss-alert,rssFeedTrigger,slack,1.0
16016,form-to-endpoint,webhook,httpRequest,1.0
16017,morning-metrics,scheduleTrigger,googleSheets,1.0
16018,email-archiver,emailReadImap,readWriteFile,1.0
16019,rss-alert,rssFeedTrigger,slack,1.0
16020,form-to-endpoint,webhook,slack,0.5
16021,morning-metrics,scheduleTrigger,googleSheets,1.0
16022,email-archiver,emailReadImap,readWriteFile,1.0
16023,rss-alert,rssFeedTrigger,slack,1.0
16024,form-to-endpoint,webhook,httpRequest,1.0
16025,morning-metrics,webhook,googleSheets,0.5
16026,email-archiver,webhook,readWriteFile,0.5
16027,rss-alert,rssFeedTrigger,slack,1.0
16028,form-to-endpoint,webhook,readWriteFile,0.5
16029,morning-metrics,scheduleTrigger,googleSheets,1.0
16030,email-archiver,emailReadImap,readWriteFile,1.0
16031,rss-alert,rssFeedTrigger,slack,1.0
16032,form-to-endpoint,webhook,httpRequest,1.0
16033,morning-metrics,scheduleTrigger,googleSheets,1.0
16034,email-archiver,emailReadImap,readWriteFile,1.0
16035,rss-alert,rssFeedTrigger,slack,1.0
16036,form-to-endpoint,webhook,httpRequest,1.0
16037,morning-metrics,scheduleTrigger,googleSheets,1.0
16038,email-archiver,emailReadImap,readWriteFile,1.0
16039,rss-alert,emailReadImap,slack,0.5
16040,form-to-endpoint,webhook,httpRequest,1.0
16041,morning-metrics,scheduleTrigger,readWriteFile,0.5
16042,email-archiver,emailReadImap,readWriteFile,1.0
16043,rss-alert,rssFeedTrigger,slack,1.0
16044,form-to-endpoint,webhook,httpRequest,1.0
16045,morning-metrics,scheduleTrigger,googleSheets,1.0
16046,email-archiver,emailReadImap,readWriteFile,1.0
16047,rss-alert,rssFeedTrigger,slack,1.0
16048,form-to-endpoint,scheduleTrigger,httpRequest,0.5
16049,morning-metrics,scheduleTrigger,googleSheets,1.0
16050,email-archiver,emailReadImap,readWriteFile,1.0
16051,rss-alert,rssFeedTrigger,slack,1.0
16052,form-to-endpoint,webhook,httpRequest,1.0
16053,morning-metrics,scheduleTrigger,googleSheets,1.0
16054,email-archiver,emailReadImap,readWriteFile,1.0
16055,rss-alert,rssFeedTrigger,slack,1.0
16056,form-to-endpoint,webhook,httpRequest,1.0
16057,morning-metrics,scheduleTrigger,googleSheets,1.0
16058,email-archiver,emailReadImap,httpRequest,0.5
16059,rss-alert,rssFeedTrigger,slack,1.0
16060,form-to-endpoint,webhook,httpRequest,1.0
16061,morning-metrics,scheduleTrigger,googleSheets,1.0
16062,email-archiver,emailReadImap,readWriteFile,1.0
16063,rss-alert,rssFeedTrigger,slack,1.0
16064,form-to-endpoint,webhook,httpRequest,1.0
16065,morning-metrics,scheduleTrigger,googleSheets,1.0
16066,email-archiver,emailReadImap,httpRequest,0.5
16067,rss-alert,rssFeedTrigger,slack,1.0
16068,form-to-endpoint,webhook,httpRequest,1.0
16069,morning-metrics,scheduleTrigger,googleSheets,1.0
16070,email-archiver,emailReadImap,readWriteFile,1.0
16071,rss-alert,rssFeedTrigger,slack,1.0
16072,form-to-endpoint,webhook,httpRequest,1.0
16073,morning-metrics,scheduleTrigger,googleSheets,1.0
16074,email-archiver,emailReadImap,readWriteFile,1.0
16075,rss-alert,rssFeedTrigger,slack,1.0
16076,form-to-endpoint,webhook,httpRequest,1.0
16077,morning-metrics,scheduleTrigger,googleSheets,1.0
16078,email-archiver,emailReadImap,readWriteFile,1.0
16079,rss-alert,rssFeedTrigger,slack,1.0
16080,form-to-endpoint,webhook,httpRequest,1.0
16081,morning-metrics,scheduleTrigger,googleSheets,1.0
16082,email-archiver,emailReadImap,readWriteFile,1.0
16083,rss-alert,rssFeedTrigger,slack,1.0
16084,form-to-endpoint,webhook,httpRequest,1.0
16085,morning-metrics,rssFeedTrigger,googleSheets,0.5
16086,email-archiver,emailReadImap,googleSheets,0.5
16087,rss-alert,rssFeedTrigger,slack,1.0
16088,form-to-endpoint,webhook,httpRequest,1.0
16089,morning-metrics,rssFeedTrigger,googleSheets,0.5
16090,email-archiver,emailReadImap,readWriteFile,1.0
16091,rss-alert,rssFeedTrigger,slack,1.0
16092,form-to-endpoint,webhook,httpRequest,1.0
16093,morning-metrics,scheduleTrigger,googleSheets,1.0
16094,email-archiver,emailReadImap,readWriteFile,1.0
16095,rss-alert,rssFeedTrigger,httpRequest,0.5
16096,form-to-endpoint,webhook,httpRequest,1.0
16097,morning-metrics,scheduleTrigger,googleSheets,1.0
16098,email-archiver,emailReadImap,readWriteFile,1.0
16099,rss-alert,rssFeedTrigger,slack,1.0
16100,form-to-endpoint,webhook,googleSheets,0.5
16101,morning-metrics,scheduleTrigger,googleSheets,1.0
16102,email-archiver,emailReadImap,readWriteFile,1.0
16103,rss-alert,rssFeedTrigger,slack,1.0
16104,form-to-endpoint,webhook,httpRequest,1.0
16105,morning-metrics,scheduleTrigger,googleSheets,1.0
16106,email-archiver,emailReadImap,readWriteFile,1.0
16107,rss-alert,rssFeedTrigger,readWriteFile,0.5
16108,form-to-endpoint,scheduleTrigger,httpRequest,0.5
16109,morning-metrics,scheduleTrigger,googleSheets,1.0
16110,email-archiver,emailReadImap,readWriteFile,1.0
16111,rss-alert,rssFeedTrigger,slack,1.0
16112,form-to-endpoint,webhook,httpRequest,1.0
16113,morning-metrics,scheduleTrigger,googleSheets,1.0
16114,email-archiver,emailReadImap,readWriteFile,1.0
16115,rss-alert,rssFeedTrigger,slack,1.0
16116,form-to-endpoint,webhook,httpRequest,1.0
16117,morning-metrics,scheduleTrigger,googleSheets,1.0
16118,email-archiver,emailReadImap,readWriteFile,1.0
16119,rss-alert,rssFeedTrigger,readWriteFile,0.5
16120,form-to-endpoint,webhook,readWriteFile,0.5
16121,morning-metrics,scheduleTrigger,googleSheets,1.0
16122,email-archiver,emailReadImap,readWriteFile,1.0
16123,rss-alert,rssFeedTrigger,slack,1.0
16124,form-to-endpoint,webhook,httpRequest,1.0
16125,morning-metrics,scheduleTrigger,googleSheets,1.0
16126,email-archiver,emailReadImap,readWriteFile,1.0
16127,rss-alert,rssFeedTrigger,slack,1.0
16128,form-to-endpoint,webhook,httpRequest,1.0
16129,morning-metrics,rssFeedTrigger,googleSheets,0.5
16130,email-archiver,emailReadImap,slack,0.5
16131,rss-alert,rssFeedTrigger,readWriteFile,0.5
16132,form-to-endpoint,webhook,httpRequest,1.0
16133,morning-metrics,scheduleTrigger,googleSheets,1.0
16134,email-archiver,emailReadImap,readWriteFile,1.0
16135,rss-alert,rssFeedTrigger,slack,1.0
16136,form-to-endpoint,webhook,httpRequest,1.0
16137,morning-metrics,scheduleTrigger,googleSheets,1.0
16138,email-archiver,emailReadImap,readWriteFile,1.0
16139,rss-alert,rssFeedTrigger,slack,1.0
16140,form-to-endpoint,webhook,httpRequest,1.0
16141,morning-metrics,scheduleTrigger,googleSheets,1.0
16142,email-archiver,emailReadImap,readWriteFile,1.0
16143,rss-alert,rssFeedTrigger,slack,1.0
16144,form-to-endpoint,webhook,httpRequest,1.0
16145,morning-metrics,scheduleTrigger,googleSheets,1.0
16146,email-archiver,emailReadImap,readWriteFile,1.0
16147,rss-alert,rssFeedTrigger,slack,1.0
16148,form-to-endpoint,webhook,httpRequest,1.0
16149,morning-metrics,scheduleTrigger,googleSheets,1.0
16150,email-archiver,emailReadImap,httpRequest,0.5
16151,rss-alert,rssFeedTrigger,googleSheets,0.5
16152,form-to-endpoint,webhook,httpRequest,1.0
16153,morning-metrics,scheduleTrigger,googleSheets,1.0
16154,email-archiver,emailReadImap,httpRequest,0.5
16155,rss-alert,rssFeedTrigger,slack,1.0
16156,form-to-endpoint,webhook,readWriteFile,0.5
16157,morning-metrics,scheduleTrigger,googleSheets,1.0
16158,email-archiver,emailReadImap,readWriteFile,1.0
16159,rss-alert,rssFeedTrigger,slack,1.0
16160,form-to-endpoint,webhook,httpRequest,1.0
16161,morning-metrics,scheduleTrigger,googleSheets,1.0
16162,email-archiver,emailReadImap,readWriteFile,1.0
16163,rss-alert,rssFeedTrigger,slack,1.0
16164,form-to-endpoint,webhook,httpRequest,1.0
16165,morning-metrics,scheduleTrigger,googleSheets,1.0
16166,email-archiver,emailReadImap,readWriteFile,1.0
16167,rss-alert,rssFeedTrigger,slack,1.0
16168,form-to-endpoint,webhook,httpRequest,1.0
16169,morning-metrics,scheduleTrigger,googleSheets,1.0
16170,email-archiver,emailReadImap,readWriteFile,1.0
16171,rss-alert,rssFeedTrigger,slack,1.0
16172,form-to-endpoint,webhook,httpRequest,1.0
16173,morning-metrics,scheduleTrigger,googleSheets,1.0
16174,email-archiver,emailReadImap,readWriteFile,1.0
16175,rss-alert,rssFeedTrigger,slack,1.0
16176,form-to-endpoint,webhook,httpRequest,1.0
16177,morning-metrics,scheduleTrigger,googleSheets,1.0
16178,email-archiver,rssFeedTrigger,readWriteFile,0.5
16179,rss-alert,rssFeedTrigger,slack,1.0
16180,form-to-endpoint,webhook,httpRequest,1.0
16181,morning-metrics,scheduleTrigger,httpRequest,0.5
16182,email-archiver,emailReadImap,readWriteFile,1.0
16183,rss-alert,rssFeedTrigger,slack,1.0
16184,form-to-endpoint,webhook,httpRequest,1.0
16185,morning-metrics,scheduleTrigger,googleSheets,1.0
16186,email-archiver,emailReadImap,readWriteFile,1.0
16187,rss-alert,rssFeedTrigger,slack,1.0
16188,form-to-endpoint,webhook,httpRequest,1.0
16189,morning-metrics,scheduleTrigger,googleSheets,1.0
16190,email-archiver,emailReadImap,readWriteFile,1.0
16191,rss-alert,rssFeedTrigger,readWriteFile,0.5
16192,form-to-endpoint,webhook,googleSheets,0.5
16193,morning-metrics,scheduleTrigger,httpRequest,0.5
16194,email-archiver,rssFeedTrigger,readWriteFile,0.5
16195,rss-alert,rssFeedTrigger,slack,1.0
16196,form-to-endpoint,webhook,httpRequest,1.0
16197,morning-metrics,scheduleTrigger,googleSheets,1.0
16198,email-archiver,emailReadImap,readWriteFile,1.0
16199,rss-alert,rssFeedTrigger,slack,1.0
16200,form-to-endpoint,webhook,httpRequest,1.0
16201,morning-metrics,scheduleTrigger,googleSheets,1.0
16202,email-archiver,emailReadImap,readWriteFile,1.0
16203,rss-alert,rssFeedTrigger,slack,1.0
16204,form-to-endpoint,webhook,httpRequest,1.0
16205,morning-metrics,scheduleTrigger,googleSheets,1.0
16206,email-archiver,webhook,readWriteFile,0.5
16207,rss-alert,rssFeedTrigger,slack,1.0
16208,form-to-endpoint,webhook,httpRequest,1.0
16209,morning-metrics,scheduleTrigger,slack,0.5
16210,email-archiver,emailReadImap,readWriteFile,1.0
16211,rss-alert,rssFeedTrigger,slack,1.0
16212,form-to-endpoint,webhook,httpRequest,1.0
16213,morning-metrics,scheduleTrigger,googleSheets,1.0
16214,email-archiver,emailReadImap,readWriteFile,1.0
16215,rss-alert,rssFeedTrigger,googleSheets,0.5
16216,form-to-endpoint,webhook,httpRequest,1.0
16217,morning-metrics,scheduleTrigger,googleSheets,1.0
16218,email-archiver,emailReadImap,readWriteFile,1.0
16219,rss-alert,rssFeedTrigger,slack,1.0
16220,form-to-endpoint,webhook,httpRequest,1.0
16221,morning-metrics,scheduleTrigger,googleSheets,1.0
16222,email-archiver,emailReadImap,readWriteFile,1.0
16223,rss-alert,rssFeedTrigger,slack,1.0
16224,form-to-endpoint,webhook,httpRequest,1.0
16225,morning-metrics,scheduleTrigger,googleSheets,1.0
16226,email-archiver,emailReadImap,readWriteFile,1.0
16227,rss-alert,webhook,slack,0.5
16228,form-to-endpoint,webhook,httpRequest,1.0
16229,morning-metrics,scheduleTrigger,googleSheets,1.0
16230,email-archiver,emailReadImap,readWriteFile,1.0
16231,rss-alert,rssFeedTrigger,slack,1.0
16232,form-to-endpoint,webhook,httpRequest,1.0
16233,morning-metrics,scheduleTrigger,googleSheets,1.0
16234,email-archiver,emailReadImap,readWriteFile,1.0
16235,rss-alert,rssFeedTrigger,readWriteFile,0.5
16236,form-to-endpoint,webhook,httpRequest,1.0
16237,morning-metrics,scheduleTrigger,googleSheets,1.0
16238,email-archiver,emailReadImap,readWriteFile,1.0
16239,rss-alert,rssFeedTrigger,slack,1.0
16240,form-to-endpoint,webhook,httpRequest,1.0
16241,morning-metrics,scheduleTrigger,googleSheets,1.0
16242,email-archiver,emailReadImap,readWriteFile,1.0
16243,rss-alert,rssFeedTrigger,readWriteFile,0.5
16244,form-to-endpoint,webhook,httpRequest,1.0
16245,morning-metrics,scheduleTrigger,googleSheets,1.0
16246,email-archiver,webhook,readWriteFile,0.5
16247,rss-alert,rssFeedTrigger,slack,1.0
16248,form-to-endpoint,webhook,httpRequest,1.0
16249,morning-metrics,scheduleTrigger,googleSheets,1.0
16250,email-archiver,emailReadImap,readWriteFile,1.0
16251,rss-alert,rssFeedTrigger,slack,1.0
16252,form-to-endpoint,webhook,httpRequest,1.0
16253,morning-metrics,scheduleTrigger,googleSheets,1.0
16254,email-archiver,emailReadImap,readWriteFile,1.0
16255,rss-alert,rssFeedTrigger,slack,1.0
16256,form-to-endpoint,webhook,httpRequest,1.0
16257,morning-metrics,scheduleTrigger,googleSheets,1.0
16258,email-archiver,emailReadImap,readWriteFile,1.0
16259,rss-alert,rssFeedTrigger,slack,1.0
16260,form-to-endpoint,webhook,httpRequest,1.0
16261,morning-metrics,scheduleTrigger,googleSheets,1.0
16262,email-archiver,emailReadImap,readWriteFile,1.0
16263,rss-alert,rssFeedTrigger,slack,1.0
16264,form-to-endpoint,webhook,httpRequest,1.0
16265,morning-metrics,scheduleTrigger,googleSheets,1.0
16266,email-archiver,emailReadImap,readWriteFile,1.0
16267,rss-alert,rssFeedTrigger,slack,1.0
16268,form-to-endpoint,webhook,httpRequest,1.0
16269,morning-metrics,scheduleTrigger,httpRequest,0.5
16270,email-archiver,emailReadImap,readWriteFile,1.0
16271,rss-alert,rssFeedTrigger,slack,1.0
16272,form-to-endpoint,webhook,httpRequest,1.0
16273,morning-metrics,scheduleTrigger,googleSheets,1.0
16274,email-archiver,emailReadImap,readWriteFile,1.0
16275,rss-alert,webhook,slack,0.5
16276,form-to-endpoint,webhook,httpRequest,1.0
16277,morning-metrics,scheduleTrigger,googleSheets,1.0
16278,email-archiver,emailReadImap,readWriteFile,1.0
16279,rss-alert,webhook,slack,0.5
16280,form-to-endpoint,webhook,googleSheets,0.5
16281,morning-metrics,scheduleTrigger,googleSheets,1.0
16282,email-archiver,emailReadImap,readWriteFile,1.0
16283,rss-alert,rssFeedTrigger,slack,1.0
16284,form-to-endpoint,webhook,httpRequest,1.0
16285,morning-metrics,scheduleTrigger,googleSheets,1.0
16286,email-archiver,emailReadImap,googleSheets,0.5
16287,rss-alert,rssFeedTrigger,slack,1.0
16288,form-to-endpoint,webhook,httpRequest,1.0
16289,morning-metrics,scheduleTrigger,googleSheets,1.0
16290,email-archiver,emailReadImap,readWriteFile,1.0
16291,rss-alert,rssFeedTrigger,httpRequest,0.5
16292,form-to-endpoint,rssFeedTrigger,httpRequest,0.5
16293,morning-metrics,scheduleTrigger,googleSheets,1.0
16294,email-archiver,emailReadImap,readWriteFile,1.0
16295,rss-alert,rssFeedTrigger,slack,1.0
16296,form-to-endpoint,webhook,httpRequest,1.0
16297,morning-metrics,scheduleTrigger,googleSheets,1.0
16298,email-archiver,emailReadImap,readWriteFile,1.0
16299,rss-alert,rssFeedTrigger,slack,1.0
16300,form-to-endpoint,webhook,httpRequest,1.0
16301,morning-metrics,scheduleTrigger,googleSheets,1.0
16302,email-archiver,emailReadImap,readWriteFile,1.0
16303,rss-alert,rssFeedTrigger,slack,1.0
16304,form-to-endpoint,webhook,slack,0.5
16305,morning-metrics,scheduleTrigger,googleSheets,1.0
16306,email-archiver,emailReadImap,readWriteFile,1.0
16307,rss-alert,rssFeedTrigger,slack,1.0
16308,form-to-endpoint,webhook,httpRequest,1.0
16309,morning-metrics,emailReadImap,googleSheets,0.5
16310,email-archiver,emailReadImap,readWriteFile,1.0
16311,rss-alert,rssFeedTrigger,slack,1.0
16312,form-to-endpoint,webhook,httpRequest,1.0
16313,morning-metrics,scheduleTrigger,googleSheets,1.0
16314,email-archiver,emailReadImap,readWriteFile,1.0
16315,rss-alert,rssFeedTrigger,slack,1.0
16316,form-to-endpoint,webhook,httpRequest,1.0
16317,morning-metrics,scheduleTrigger,googleSheets,1.0
16318,email-archiver,emailReadImap,readWriteFile,1.0
16319,rss-alert,rssFeedTrigger,slack,1.0
16320,form-to-endpoint,webhook,httpRequest,1.0
16321,morning-metrics,scheduleTrigger,googleSheets,1.0
16322,email-archiver,emailReadImap,readWriteFile,1.0
16323,rss-alert,rssFeedTrigger,slack,1.0
16324,form-to-endpoint,webhook,httpRequest,1.0
16325,morning-metrics,scheduleTrigger,googleSheets,1.0
16326,email-archiver,emailReadImap,readWriteFile,1.0
16327,rss-alert,rssFeedTrigger,slack,1.0
16328,form-to-endpoint,webhook,httpRequest,1.0
16329,morning-metrics,scheduleTrigger,googleSheets,1.0
16330,email-archiver,emailReadImap,readWriteFile,1.0
16331,rss-alert,rssFeedTrigger,slack,1.0
16332,form-to-endpoint,webhook,httpRequest,1.0
16333,morning-metrics,scheduleTrigger,googleSheets,1.0
16334,email-archiver,emailReadImap,readWriteFile,1.0
16335,rss-alert,rssFeedTrigger,httpRequest,0.5
16336,form-to-endpoint,webhook,httpRequest,1.0
16337,morning-metrics,scheduleTrigger,googleSheets,1.0
16338,email-archiver,emailReadImap,readWriteFile,1.0
16339,rss-alert,rssFeedTrigger,slack,1.0
16340,form-to-endpoint,webhook,httpRequest,1.0
16341,morning-metrics,scheduleTrigger,googleSheets,1.0
16342,email-archiver,emailReadImap,readWriteFile,1.0
16343,rss-alert,rssFeedTrigger,slack,1.0
16344,form-to-endpoint,scheduleTrigger,readWriteFile,0.0
16345,morning-metrics,scheduleTrigger,googleSheets,1.0
16346,email-archiver,emailReadImap,readWriteFile,1.0
16347,rss-alert,rssFeedTrigger,slack,1.0
16348,form-to-endpoint,webhook,httpRequest,1.0
16349,morning-metrics,scheduleTrigger,googleSheets,1.0
16350,email-archiver,emailReadImap,readWriteFile,1.0
16351,rss-alert,rssFeedTrigger,slack,1.0
16352,form-to-endpoint,webhook,httpRequest,1.0
16353,morning-metrics,scheduleTrigger,googleSheets,1.0
16354,email-archiver,scheduleTrigger,readWriteFile,0.5
16355,rss-alert,rssFeedTrigger,slack,1.0
16356,form-to-endpoint,webhook,httpRequest,1.0
16357,morning-metrics,scheduleTrigger,googleSheets,1.0
16358,email-archiver,webhook,readWriteFile,0.5
16359,rss-alert,rssFeedTrigger,slack,1.0
16360,form-to-endpoint,webhook,httpRequest,1.0
16361,morning-metrics,scheduleTrigger,googleSheets,1.0
16362,email-archiver,emailReadImap,readWriteFile,1.0
16363,rss-alert,rssFeedTrigger,slack,1.0
16364,form-to-endpoint,webhook,httpRequest,1.0
16365,morning-metrics,scheduleTrigger,googleSheets,1.0
16366,email-archiver,emailReadImap,readWriteFile,1.0
16367,rss-alert,rssFeedTrigger,slack,1.0
16368,form-to-endpoint,webhook,httpRequest,1.0
16369,morning-metrics,scheduleTrigger,googleSheets,1.0
16370,email-archiver,emailReadImap,readWriteFile,1.0
16371,rss-alert,rssFeedTrigger,slack,1.0
16372,form-to-endpoint,webhook,httpRequest,1.0
16373,morning-metrics,scheduleTrigger,googleSheets,1.0
16374,email-archiver,emailReadImap,readWriteFile,1.0
16375,rss-alert,rssFeedTrigger,slack,1.0
16376,form-to-endpoint,webhook,httpRequest,1.0
16377,morning-metrics,scheduleTrigger,googleSheets,1.0
16378,email-archiver,emailReadImap,readWriteFile,1.0
16379,rss-alert,rssFeedTrigger,slack,1.0
16380,form-to-endpoint,webhook,httpRequest,1.0
16381,morning-metrics,scheduleTrigger,googleSheets,1.0
16382,email-archiver,emailReadImap,readWriteFile,1.0
16383,rss-alert,rssFeedTrigger,slack,1.0
16384,form-to-endpoint,webhook,httpRequest,1.0
16385,morning-metrics,scheduleTrigger,readWriteFile,0.5
16386,email-archiver,emailReadImap,readWriteFile,1.0
16387,rss-alert,rssFeedTrigger,slack,1.0
16388,form-to-endpoint,webhook,httpRequest,1.0
16389,morning-metrics,scheduleTrigger,googleSheets,1.0
16390,email-archiver,emailReadImap,readWriteFile,1.0
16391,rss-alert,rssFeedTrigger,slack,1.0
16392,form-to-endpoint,webhook,httpRequest,1.0
16393,morning-metrics,scheduleTrigger,readWriteFile,0.5
16394,email-archiver,emailReadImap,readWriteFile,1.0
16395,rss-alert,rssFeedTrigger,slack,1.0
16396,form-to-endpoint,webhook,httpRequest,1.0
16397,morning-metrics,scheduleTrigger,googleSheets,1.0
16398,email-archiver,emailReadImap,readWriteFile,1.0
16399,rss-alert,rssFeedTrigger,slack,1.0
16400,form-to-endpoint,webhook,httpRequest,1.0
16401,morning-metrics,scheduleTrigger,googleSheets,1.0
16402,email-archiver,emailReadImap,readWriteFile,1.0
16403,rss-alert,rssFeedTrigger,slack,1.0
16404,form-to-endpoint,webhook,httpRequest,1.0
16405,morning-metrics,scheduleTrigger,googleSheets,1.0
16406,email-archiver,emailReadImap,readWriteFile,1.0
16407,rss-alert,rssFeedTrigger,slack,1.0
16408,form-to-endpoint,webhook,googleSheets,0.5
16409,morning-metrics,scheduleTrigger,googleSheets,1.0
16410,email-archiver,emailReadImap,readWriteFile,1.0
16411,rss-alert,rssFeedTrigger,slack,1.0
16412,form-to-endpoint,webhook,httpRequest,1.0
16413,morning-metrics,scheduleTrigger,googleSheets,1.0
16414,email-archiver,emailReadImap,httpRequest,0.5
16415,rss-alert,emailReadImap,slack,0.5
16416,form-to-endpoint,webhook,httpRequest,1.0
16417,morning-metrics,scheduleTrigger,slack,0.5
16418,email-archiver,emailReadImap,readWriteFile,1.0
16419,rss-alert,rssFeedTrigger,slack,1.0
16420,form-to-endpoint,webhook,httpRequest,1.0
16421,morning-metrics,scheduleTrigger,googleSheets,1.0
16422,email-archiver,emailReadImap,readWriteFile,1.0
16423,rss-alert,rssFeedTrigger,slack,1.0
16424,form-to-endpoint,webhook,httpRequest,1.0
16425,morning-metrics,scheduleTrigger,googleSheets,1.0
16426,email-archiver,emailReadImap,readWriteFile,1.0
16427,rss-alert,rssFeedTrigger,slack,1.0
16428,form-to-endpoint,emailReadImap,httpRequest,0.5
16429,morning-metrics,scheduleTrigger,googleSheets,1.0
16430,email-archiver,emailReadImap,readWriteFile,1.0
16431,rss-alert,rssFeedTrigger,slack,1.0
16432,form-to-endpoint,webhook,httpRequest,1.0
16433,morning-metrics,scheduleTrigger,googleSheets,1.0
16434,email-archiver,emailReadImap,readWriteFile,1.0
16435,rss-alert,rssFeedTrigger,slack,1.0
16436,form-to-endpoint,webhook,httpRequest,1.0
16437,morning-metrics,scheduleTrigger,googleSheets,1.0
16438,email-archiver,emailReadImap,googleSheets,0.5
16439,rss-alert,rssFeedTrigger,slack,1.0
16440,form-to-endpoint,webhook,httpRequest,1.0
16441,morning-metrics,scheduleTrigger,readWriteFile,0.5
16442,email-archiver,emailReadImap,readWriteFile,1.0
16443,rss-alert,rssFeedTrigger,slack,1.0
16444,form-to-endpoint,webhook,httpRequest,1.0
16445,morning-metrics,scheduleTrigger,googleSheets,1.0
16446,email-archiver,emailReadImap,readWriteFile,1.0
16447,rss-alert,rssFeedTrigger,slack,1.0
16448,form-to-endpoint,webhook,httpRequest,1.0
16449,morning-metrics,scheduleTrigger,googleSheets,1.0
16450,email-archiver,emailReadImap,readWriteFile,1.0
16451,rss-alert,rssFeedTrigger,googleSheets,0.5
16452,form-to-endpoint,webhook,httpRequest,1.0
16453,morning-metrics,emailReadImap,googleSheets,0.5
16454,email-archiver,emailReadImap,readWriteFile,1.0
16455,rss-alert,rssFeedTrigger,slack,1.0
16456,form-to-endpoint,webhook,httpRequest,1.0
16457,morning-metrics,scheduleTrigger,googleSheets,1.0
16458,email-archiver,emailReadImap,readWriteFile,1.0
16459,rss-alert,rssFeedTrigger,slack,1.0
16460,form-to-endpoint,webhook,httpRequest,1.0
16461,morning-metrics,scheduleTrigger,googleSheets,1.0
16462,email-archiver,emailReadImap,readWriteFile,1.0
16463,rss-alert,rssFeedTrigger,slack,1.0
16464,form-to-endpoint,webhook,httpRequest,1.0
16465,morning-metrics,scheduleTrigger,googleSheets,1.0
16466,email-archiver,emailReadImap,readWriteFile,1.0
16467,rss-alert,rssFeedTrigger,slack,1.0
16468,form-to-endpoint,webhook,httpRequest,1.0
16469,morning-metrics,scheduleTrigger,googleSheets,1.0
16470,email-archiver,emailReadImap,readWriteFile,1.0
16471,rss-alert,emailReadImap,slack,0.5
16472,form-to-endpoint,webhook,httpRequest,1.0
16473,morning-metrics,scheduleTrigger,googleSheets,1.0
16474,email-archiver,emailReadImap,readWriteFile,1.0
16475,rss-alert,rssFeedTrigger,slack,1.0
16476,form-to-endpoint,webhook,httpRequest,1.0
16477,morning-metrics,scheduleTrigger,googleSheets,1.0
16478,email-archiver,emailReadImap,readWriteFile,1.0
16479,rss-alert,webhook,slack,0.5
16480,form-to-endpoint,scheduleTrigger,httpRequest,0.5
16481,morning-metrics,scheduleTrigger,googleSheets,1.0
16482,email-archiver,emailReadImap,readWriteFile,1.0
16483,rss-alert,rssFeedTrigger,slack,1.0
16484,form-to-endpoint,webhook,httpRequest,1.0
16485,morning-metrics,scheduleTrigger,slack,0.5
16486,email-archiver,emailReadImap,readWriteFile,1.0
16487,rss-alert,rssFeedTrigger,slack,1.0
16488,form-to-endpoint,webhook,httpRequest,1.0
16489,morning-metrics,scheduleTrigger,googleSheets,1.0
16490,email-archiver,emailReadImap,readWriteFile,1.0
16491,rss-alert,rssFeedTrigger,slack,1.0
16492,form-to-endpoint,webhook,httpRequest,1.0
16493,morning-metrics,scheduleTrigger,googleSheets,1.0
16494,email-archiver,emailReadImap,readWriteFile,1.0
16495,rss-alert,rssFeedTrigger,slack,1.0
16496,form-to-endpoint,webhook,httpRequest,1.0
16497,morning-metrics,scheduleTrigger,googleSheets,1.0
16498,email-archiver,emailReadImap,readWriteFile,1.0
16499,rss-alert,rssFeedTrigger,slack,1.0
16500,form-to-endpoint,webhook,httpRequest,1.0
16501,morning-metrics,scheduleTrigger,googleSheets,1.0
16502,email-archiver,emailReadImap,readWriteFile,1.0
16503,rss-alert,rssFeedTrigger,slack,1.0
16504,form-to-endpoint,webhook,slack,0.5
16505,morning-metrics,scheduleTrigger,googleSheets,1.0
16506,email-archiver,emailReadImap,googleSheets,0.5
16507,rss-alert,rssFeedTrigger,slack,1.0
16508,form-to-endpoint,webhook,httpRequest,1.0
16509,morning-metrics,scheduleTrigger,googleSheets,1.0
16510,email-archiver,emailReadImap,readWriteFile,1.0
16511,rss-alert,rssFeedTrigger,slack,1.0
16512,form-to-endpoint,webhook,httpRequest,1.0
16513,morning-metrics,scheduleTrigger,googleSheets,1.0
16514,email-archiver,emailReadImap,readWriteFile,1.0
16515,rss-alert,rssFeedTrigger,slack,1.0
16516,form-to-endpoint,webhook,httpRequest,1.0
16517,morning-metrics,scheduleTrigger,googleSheets,1.0
16518,email-archiver,emailReadImap,readWriteFile,1.0
16519,rss-alert,rssFeedTrigger,slack,1.0
16520,form-to-endpoint,webhook,httpRequest,1.0
16521,morning-metrics,scheduleTrigger,googleSheets,1.0
16522,email-archiver,emailReadImap,readWriteFile,1.0
16523,rss-alert,rssFeedTrigger,slack,1.0
16524,form-to-endpoint,webhook,httpRequest,1.0
16525,morning-metrics,emailReadImap,googleSheets,0.5
16526,email-archiver,emailReadImap,readWriteFile,1.0
16527,rss-alert,rssFeedTrigger,slack,1.0
16528,form-to-endpoint,webhook,httpRequest,1.0
16529,morning-metrics,scheduleTrigger,googleSheets,1.0
16530,email-archiver,emailReadImap,readWriteFile,1.0
16531,rss-alert,rssFeedTrigger,slack,1.0
16532,form-to-endpoint,webhook,httpRequest,1.0
16533,morning-metrics,scheduleTrigger,googleSheets,1.0
16534,email-archiver,emailReadImap,readWriteFile,1.0
16535,rss-alert,rssFeedTrigger,slack,1.0
16536,form-to-endpoint,webhook,httpRequest,1.0
16537,morning-metrics,emailReadImap,googleSheets,0.5
16538,email-archiver,emailReadImap,readWriteFile,1.0
16539,rss-alert,rssFeedTrigger,slack,1.0
16540,form-to-endpoint,webhook,httpRequest,1.0
16541,morning-metrics,scheduleTrigger,googleSheets,1.0
16542,email-archiver,emailReadImap,readWriteFile,1.0
16543,rss-alert,rssFeedTrigger,slack,1.0
16544,form-to-endpoint,webhook,httpRequest,1.0
16545,morning-metrics,scheduleTrigger,googleSheets,1.0
16546,email-archiver,emailReadImap,readWriteFile,1.0
16547,rss-alert,rssFeedTrigger,slack,1.0
16548,form-to-endpoint,webhook,httpRequest,1.0
16549,morning-metrics,scheduleTrigger,googleSheets,1.0
16550,email-archiver,emailReadImap,readWriteFile,1.0
16551,rss-alert,rssFeedTrigger,slack,1.0
16552,form-to-endpoint,webhook,httpRequest,1.0
16553,morning-metrics,scheduleTrigger,googleSheets,1.0
16554,email-archiver,emailReadImap,readWriteFile,1.0
16555,rss-alert,rssFeedTrigger,slack,1.0
16556,form-to-endpoint,webhook,httpRequest,1.0
16557,morning-metrics,scheduleTrigger,googleSheets,1.0
16558,email-archiver,scheduleTrigger,readWriteFile,0.5
16559,rss-alert,rssFeedTrigger,slack,1.0
16560,form-to-endpoint,webhook,httpRequest,1.0
16561,morning-metrics,scheduleTrigger,googleSheets,1.0
16562,email-archiver,emailReadImap,readWriteFile,1.0
16563,rss-alert,rssFeedTrigger,slack,1.0
16564,form-to-endpoint,webhook,readWriteFile,0.5
16565,morning-metrics,scheduleTrigger,googleSheets,1.0
16566,email-archiver,emailReadImap,readWriteFile,1.0
16567,rss-alert,rssFeedTrigger,slack,1.0
16568,form-to-endpoint,webhook,httpRequest,1.0
16569,morning-metrics,scheduleTrigger,googleSheets,1.0
16570,email-archiver,emailReadImap,readWriteFile,1.0
16571,rss-alert,rssFeedTrigger,slack,1.0
16572,form-to-endpoint,webhook,slack,0.5
16573,morning-metrics,scheduleTrigger,googleSheets,1.0
16574,email-archiver,emailReadImap,readWriteFile,1.0
16575,rss-alert,rssFeedTrigger,slack,1.0
16576,form-to-endpoint,emailReadImap,httpRequest,0.5
16577,morning-metrics,scheduleTrigger,readWriteFile,0.5
16578,email-archiver,emailReadImap,httpRequest,0.5
16579,rss-alert,webhook,slack,0.5
16580,form-to-endpoint,webhook,httpRequest,1.0
16581,morning-metrics,scheduleTrigger,googleSheets,1.0
16582,email-archiver,emailReadImap,readWriteFile,1.0
16583,rss-alert,rssFeedTrigger,slack,1.0
16584,form-to-endpoint,webhook,httpRequest,1.0
16585,morning-metrics,scheduleTrigger,googleSheets,1.0
16586,email-archiver,emailReadImap,readWriteFile,1.0
16587,rss-alert,rssFeedTrigger,slack,1.0
16588,form-to-endpoint,webhook,httpRequest,1.0
16589,morning-metrics,scheduleTrigger,googleSheets,1.0
16590,email-archiver,emailReadImap,googleSheets,0.5
16591,rss-alert,rssFeedTrigger,slack,1.0
16592,form-to-endpoint,webhook,httpRequest,1.0
16593,morning-metrics,scheduleTrigger,googleSheets,1.0
16594,email-archiver,emailReadImap,readWriteFile,1.0
16595,rss-alert,rssFeedTrigger,slack,1.0
16596,form-to-endpoint,webhook,httpRequest,1.0
16597,morning-metrics,scheduleTrigger,googleSheets,1.0
16598,email-archiver,emailReadImap,readWriteFile,1.0
16599,rss-alert,rssFeedTrigger,slack,1.0
16600,form-to-endpoint,webhook,httpRequest,1.0
16601,morning-metrics,scheduleTrigger,googleSheets,1.0
16602,email-archiver,emailReadImap,readWriteFile,1.0
16603,rss-alert,rssFeedTrigger,slack,1.0
16604,form-to-endpoint,webhook,httpRequest,1.0
16605,morning-metrics,scheduleTrigger,googleSheets,1.0
16606,email-archiver,emailReadImap,readWriteFile,1.0
16607,rss-alert,rssFeedTrigger,slack,1.0
16608,form-to-endpoint,webhook,httpRequest,1.0
16609,morning-metrics,scheduleTrigger,googleSheets,1.0
16610,email-archiver,webhook,readWriteFile,0.5
16611,rss-alert,rssFeedTrigger,slack,1.0
16612,form-to-endpoint,webhook,httpRequest,1.0
16613,morning-metrics,scheduleTrigger,googleSheets,1.0
16614,email-archiver,emailReadImap,readWriteFile,1.0
16615,rss-alert,rssFeedTrigger,slack,1.0
16616,form-to-endpoint,webhook,httpRequest,1.0
16617,morning-metrics,scheduleTrigger,googleSheets,1.0
16618,email-archiver,emailReadImap,readWriteFile,1.0
16619,rss-alert,rssFeedTrigger,slack,1.0
16620,form-to-endpoint,webhook,httpRequest,1.0
16621,morning-metrics,scheduleTrigger,googleSheets,1.0
16622,email-archiver,emailReadImap,readWriteFile,1.0
16623,rss-alert,webhook,slack,0.5
16624,form-to-endpoint,webhook,httpRequest,1.0
16625,morning-metrics,scheduleTrigger,googleSheets,1.0
16626,email-archiver,emailReadImap,readWriteFile,1.0
16627,rss-alert,rssFeedTrigger,slack,1.0
16628,form-to-endpoint,webhook,httpRequest,1.0
16629,morning-metrics,scheduleTrigger,googleSheets,1.0
16630,email-archiver,emailReadImap,readWriteFile,1.0
16631,rss-alert,rssFeedTrigger,slack,1.0
16632,form-to-endpoint,webhook,slack,0.5
16633,morning-metrics,scheduleTrigger,googleSheets,1.0
16634,email-archiver,emailReadImap,readWriteFile,1.0
16635,rss-alert,rssFeedTrigger,slack,1.0
16636,form-to-endpoint,webhook,httpRequest,1.0
16637,morning-metrics,scheduleTrigger,googleSheets,1.0
16638,email-archiver,emailReadImap,readWriteFile,1.0
16639,rss-alert,rssFeedTrigger,slack,1.0
16640,form-to-endpoint,webhook,httpRequest,1.0
16641,morning-metrics,scheduleTrigger,googleSheets,1.0
16642,email-archiver,webhook,readWriteFile,0.5
16643,rss-alert,rssFeedTrigger,slack,1.0
16644,form-to-endpoint,webhook,httpRequest,1.0
16645,morning-metrics,scheduleTrigger,googleSheets,1.0
16646,email-archiver,emailReadImap,readWriteFile,1.0
16647,rss-alert,rssFeedTrigger,slack,1.0
16648,form-to-endpoint,webhook,httpRequest,1.0
16649,morning-metrics,scheduleTrigger,googleSheets,1.0
16650,email-archiver,webhook,readWriteFile,0.5
16651,rss-alert,rssFeedTrigger,slack,1.0
16652,form-to-endpoint,webhook,httpRequest,1.0
16653,morning-metrics,scheduleTrigger,googleSheets,1.0
16654,email-archiver,emailReadImap,readWriteFile,1.0
16655,rss-alert,rssFeedTrigger,slack,1.0
16656,form-to-endpoint,webhook,httpRequest,1.0
16657,morning-metrics,emailReadImap,googleSheets,0.5
16658,email-archiver,emailReadImap,readWriteFile,1.0
16659,rss-alert,rssFeedTrigger,slack,1.0
16660,form-to-endpoint,webhook,httpRequest,1.0
16661,morning-metrics,scheduleTrigger,googleSheets,1.0
16662,email-archiver,emailReadImap,readWriteFile,1.0
16663,rss-alert,rssFeedTrigger,slack,1.0
16664,form-to-endpoint,webhook,httpRequest,1.0
16665,morning-metrics,scheduleTrigger,googleSheets,1.0
16666,email-archiver,emailReadImap,readWriteFile,1.0
16667,rss-alert,rssFeedTrigger,slack,1.0
16668,form-to-endpoint,webhook,httpRequest,1.0
16669,morning-metrics,scheduleTrigger,googleSheets,1.0
16670,email-archiver,emailReadImap,readWriteFile,1.0
16671,rss-alert,rssFeedTrigger,slack,1.0
16672,form-to-endpoint,webhook,httpRequest,1.0
16673,morning-metrics,scheduleTrigger,googleSheets,1.0
16674,email-archiver,emailReadImap,readWriteFile,1.0
16675,rss-alert,rssFeedTrigger,slack,1.0
16676,form-to-endpoint,webhook,httpRequest,1.0
16677,morning-metrics,scheduleTrigger,googleSheets,1.0
16678,email-archiver,emailReadImap,readWriteFile,1.0
16679,rss-alert,rssFeedTrigger,slack,1.0
16680,form-to-endpoint,webhook,httpRequest,1.0
16681,morning-metrics,scheduleTrigger,googleSheets,1.0
16682,email-archiver,emailReadImap,readWriteFile,1.0
16683,rss-alert,rssFeedTrigger,slack,1.0
16684,form-to-endpoint,webhook,httpRequest,1.0
16685,morning-metrics,scheduleTrigger,googleSheets,1.0
16686,email-archiver,emailReadImap,readWriteFile,1.0
16687,rss-alert,emailReadImap,slack,0.5
16688,form-to-endpoint,webhook,httpRequest,1.0
16689,morning-metrics,scheduleTrigger,googleSheets,1.0
16690,email-archiver,emailReadImap,readWriteFile,1.0
16691,rss-alert,rssFeedTrigger,httpRequest,0.5
16692,form-to-endpoint,webhook,httpRequest,1.0
16693,morning-metrics,scheduleTrigger,googleSheets,1.0
16694,email-archiver,emailReadImap,readWriteFile,1.0
16695,rss-alert,rssFeedTrigger,httpRequest,0.5
16696,form-to-endpoint,webhook,httpRequest,1.0
16697,morning-metrics,scheduleTrigger,googleSheets,1.0
16698,email-archiver,emailReadImap,readWriteFile,1.0
16699,rss-alert,rssFeedTrigger,slack,1.0
16700,form-to-endpoint,webhook,httpRequest,1.0
16701,morning-metrics,scheduleTrigger,googleSheets,1.0
16702,email-archiver,emailReadImap,readWriteFile,1.0
16703,rss-alert,rssFeedTrigger,httpRequest,0.5
16704,form-to-endpoint,webhook,httpRequest,1.0
16705,morning-metrics,scheduleTrigger,googleSheets,1.0
16706,email-archiver,emailReadImap,readWriteFile,1.0
16707,rss-alert,rssFeedTrigger,slack,1.0
16708,form-to-endpoint,webhook,httpRequest,1.0
16709,morning-metrics,scheduleTrigger,googleSheets,1.0
16710,email-archiver,emailReadImap,readWriteFile,1.0
16711,rss-alert,webhook,slack,0.5
16712,form-to-endpoint,webhook,httpRequest,1.0
16713,morning-metrics,scheduleTrigger,googleSheets,1.0
16714,email-archiver,emailReadImap,readWriteFile,1.0
16715,rss-alert,rssFeedTrigger,slack,1.0
16716,form-to-endpoint,webhook,slack,0.5
16717,morning-metrics,scheduleTrigger,googleSheets,1.0
16718,email-archiver,emailReadImap,readWriteFile,1.0
16719,rss-alert,rssFeedTrigger,slack,1.0
16720,form-to-endpoint,webhook,googleSheets,0.5
16721,morning-metrics,scheduleTrigger,googleSheets,1.0
16722,email-archiver,emailReadImap,readWriteFile,1.0
16723,rss-alert,rssFeedTrigger,slack,1.0
16724,form-to-endpoint,webhook,httpRequest,1.0
16725,morning-metrics,scheduleTrigger,googleSheets,1.0
16726,email-archiver,emailReadImap,readWriteFile,1.0
16727,rss-alert,rssFeedTrigger,slack,1.0
16728,form-to-endpoint,webhook,httpRequest,1.0
16729,morning-metrics,scheduleTrigger,googleSheets,1.0
16730,email-archiver,rssFeedTrigger,slack,0.0
16731,rss-alert,rssFeedTrigger,slack,1.0
16732,form-to-endpoint,webhook,httpRequest,1.0
16733,morning-metrics,scheduleTrigger,googleSheets,1.0
16734,email-archiver,emailReadImap,googleSheets,0.5
16735,rss-alert,rssFeedTrigger,slack,1.0
16736,form-to-endpoint,webhook,httpRequest,1.0
16737,morning-metrics,scheduleTrigger,googleSheets,1.0
16738,email-archiver,emailReadImap,googleSheets,0.5
16739,rss-alert,rssFeedTrigger,slack,1.0
16740,form-to-endpoint,scheduleTrigger,httpRequest,0.5
16741,morning-metrics,scheduleTrigger,googleSheets,1.0
16742,email-archiver,emailReadImap,slack,0.5
16743,rss-alert,emailReadImap,slack,0.5
16744,form-to-endpoint,webhook,httpRequest,1.0
16745,morning-metrics,scheduleTrigger,googleSheets,1.0
16746,email-archiver,emailReadImap,readWriteFile,1.0
16747,rss-alert,rssFeedTrigger,slack,1.0
16748,form-to-endpoint,webhook,httpRequest,1.0
16749,morning-metrics,scheduleTrigger,googleSheets,1.0
16750,email-archiver,emailReadImap,readWriteFile,1.0
16751,rss-alert,rssFeedTrigger,slack,1.0
16752,form-to-endpoint,webhook,httpRequest,1.0
16753,morning-metrics,scheduleTrigger,googleSheets,1.0
16754,email-archiver,emailReadImap,readWriteFile,1.0
16755,rss-alert,rssFeedTrigger,slack,1.0
16756,form-to-endpoint,webhook,httpRequest,1.0
16757,morning-metrics,scheduleTrigger,googleSheets,1.0
16758,email-archiver,emailReadImap,readWriteFile,1.0
16759,rss-alert,rssFeedTrigger,slack,1.0
16760,form-to-endpoint,webhook,httpRequest,1.0
16761,morning-metrics,scheduleTrigger,googleSheets,1.0
16762,email-archiver,scheduleTrigger,readWriteFile,0.5
16763,rss-alert,rssFeedTrigger,slack,1.0
16764,form-to-endpoint,webhook,httpRequest,1.0
16765,morning-metrics,scheduleTrigger,googleSheets,1.0
16766,email-archiver,emailReadImap,readWriteFile,1.0
16767,rss-alert,emailReadImap,slack,0.5
16768,form-to-endpoint,webhook,httpRequest,1.0
16769,morning-metrics,scheduleTrigger,googleSheets,1.0
16770,email-archiver,emailReadImap,readWriteFile,1.0
16771,rss-alert,rssFeedTrigger,slack,1.0
16772,form-to-endpoint,webhook,httpRequest,1.0
16773,morning-metrics,scheduleTrigger,googleSheets,1.0
16774,email-archiver,emailReadImap,readWriteFile,1.0
16775,rss-alert,rssFeedTrigger,slack,1.0
16776,form-to-endpoint,webhook,httpRequest,1.0
16777,morning-metrics,scheduleTrigger,googleSheets,1.0
16778,email-archiver,emailReadImap,readWriteFile,1.0
16779,rss-alert,rssFeedTrigger,readWriteFile,0.5
16780,form-to-endpoint,webhook,httpRequest,1.0
16781,morning-metrics,scheduleTrigger,googleSheets,1.0
16782,email-archiver,emailReadImap,readWriteFile,1.0
16783,rss-alert,rssFeedTrigger,slack,1.0
16784,form-to-endpoint,webhook,googleSheets,0.5
16785,morning-metrics,scheduleTrigger,googleSheets,1.0
16786,email-archiver,emailReadImap,readWriteFile,1.0
16787,rss-alert,rssFeedTrigger,slack,1.0
16788,form-to-endpoint,webhook,httpRequest,1.0
16789,morning-metrics,scheduleTrigger,googleSheets,1.0
16790,email-archiver,rssFeedTrigger,readWriteFile,0.5
16791,rss-alert,rssFeedTrigger,httpRequest,0.5
16792,form-to-endpoint,webhook,httpRequest,1.0
16793,morning-metrics,scheduleTrigger,googleSheets,1.0
16794,email-archiver,emailReadImap,readWriteFile,1.0
16795,rss-alert,rssFeedTrigger,slack,1.0
16796,form-to-endpoint,webhook,httpRequest,1.0
16797,morning-metrics,scheduleTrigger,googleSheets,1.0
16798,email-archiver,emailReadImap,readWriteFile,1.0
16799,rss-alert,rssFeedTrigger,slack,1.0
16800,form-to-endpoint,webhook,httpRequest,1.0
16801,morning-metrics,scheduleTrigger,googleSheets,1.0
16802,email-archiver,emailReadImap,readWriteFile,1.0
16803,rss-alert,rssFeedTrigger,slack,1.0
16804,form-to-endpoint,webhook,httpRequest,1.0
16805,morning-metrics,scheduleTrigger,googleSheets,1.0
16806,email-archiver,emailReadImap,readWriteFile,1.0
16807,rss-alert,rssFeedTrigger,slack,1.0
16808,form-to-endpoint,webhook,httpRequest,1.0
16809,morning-metrics,scheduleTrigger,googleSheets,1.0
16810,email-archiver,emailReadImap,readWriteFile,1.0
16811,rss-alert,rssFeedTrigger,slack,1.0
16812,form-to-endpoint,webhook,httpRequest,1.0
16813,morning-metrics,scheduleTrigger,googleSheets,1.0
16814,email-archiver,emailReadImap,readWriteFile,1.0
16815,rss-alert,rssFeedTrigger,slack,1.0
16816,form-to-endpoint,webhook,httpRequest,1.0
16817,morning-metrics,scheduleTrigger,googleSheets,1.0
16818,email-archiver,emailReadImap,readWriteFile,1.0
16819,rss-alert,rssFeedTrigger,slack,1.0
16820,form-to-endpoint,webhook,httpRequest,1.0
16821,morning-metrics,scheduleTrigger,googleSheets,1.0
16822,email-archiver,emailReadImap,readWriteFile,1.0
16823,rss-alert,rssFeedTrigger,slack,1.0
16824,form-to-endpoint,webhook,httpRequest,1.0
16825,morning-metrics,scheduleTrigger,googleSheets,1.0
16826,email-archiver,emailReadImap,readWriteFile,1.0
16827,rss-alert,rssFeedTrigger,slack,1.0
16828,form-to-endpoint,webhook,httpRequest,1.0
16829,morning-metrics,scheduleTrigger,googleSheets,1.0
16830,email-archiver,emailReadImap,readWriteFile,1.0
16831,rss-alert,rssFeedTrigger,googleSheets,0.5
16832,form-to-endpoint,rssFeedTrigger,httpRequest,0.5
16833,morning-metrics,webhook,googleSheets,0.5
16834,email-archiver,rssFeedTrigger,readWriteFile,0.5
16835,rss-alert,rssFeedTrigger,slack,1.0
16836,form-to-endpoint,webhook,httpRequest,1.0
16837,morning-metrics,scheduleTrigger,googleSheets,1.0
16838,email-archiver,emailReadImap,readWriteFile,1.0
16839,rss-alert,rssFeedTrigger,slack,1.0
16840,form-to-endpoint,webhook,httpRequest,1.0
16841,morning-metrics,scheduleTrigger,googleSheets,1.0
16842,email-archiver,emailReadImap,readWriteFile,1.0
16843,rss-alert,rssFeedTrigger,slack,1.0
16844,form-to-endpoint,webhook,slack,0.5
16845,morning-metrics,scheduleTrigger,googleSheets,1.0
16846,email-archiver,emailReadImap,readWriteFile,1.0
16847,rss-alert,rssFeedTrigger,slack,1.0
16848,form-to-endpoint,webhook,httpRequest,1.0
16849,morning-metrics,scheduleTrigger,slack,0.5
16850,email-archiver,emailReadImap,readWriteFile,1.0
16851,rss-alert,rssFeedTrigger,slack,1.0
16852,form-to-endpoint,webhook,httpRequest,1.0
16853,morning-metrics,scheduleTrigger,googleSheets,1.0
16854,email-archiver,emailReadImap,readWriteFile,1.0
16855,rss-alert,rssFeedTrigger,slack,1.0
16856,form-to-endpoint,webhook,httpRequest,1.0
16857,morning-metrics,scheduleTrigger,googleSheets,1.0
16858,email-archiver,emailReadImap,readWriteFile,1.0
16859,rss-alert,rssFeedTrigger,slack,1.0
16860,form-to-endpoint,emailReadImap,httpRequest,0.5
16861,morning-metrics,scheduleTrigger,googleSheets,1.0
16862,email-archiver,emailReadImap,readWriteFile,1.0
16863,rss-alert,rssFeedTrigger,slack,1.0
16864,form-to-endpoint,webhook,httpRequest,1.0
16865,morning-metrics,scheduleTrigger,readWriteFile,0.5
16866,email-archiver,emailReadImap,readWriteFile,1.0
16867,rss-alert,rssFeedTrigger,slack,1.0
16868,form-to-endpoint,webhook,httpRequest,1.0
16869,morning-metrics,scheduleTrigger,googleSheets,1.0
16870,email-archiver,emailReadImap,readWriteFile,1.0
16871,rss-alert,rssFeedTrigger,slack,1.0
16872,form-to-endpoint,emailReadImap,httpRequest,0.5
16873,morning-metrics,scheduleTrigger,googleSheets,1.0
16874,email-archiver,emailReadImap,readWriteFile,1.0
16875,rss-alert,rssFeedTrigger,slack,1.0
16876,form-to-endpoint,webhook,httpRequest,1.0
16877,morning-metrics,scheduleTrigger,googleSheets,1.0
16878,email-archiver,emailReadImap,readWriteFile,1.0
16879,rss-alert,rssFeedTrigger,slack,1.0
16880,form-to-endpoint,webhook,httpRequest,1.0
16881,morning-metrics,scheduleTrigger,googleSheets,1.0
16882,email-archiver,emailReadImap,httpRequest,0.5
16883,rss-alert,scheduleTrigger,slack,0.5
16884,form-to-endpoint,webhook,httpRequest,1.0
16885,morning-metrics,scheduleTrigger,googleSheets,1.0
16886,email-archiver,emailReadImap,readWriteFile,1.0
16887,rss-alert,emailReadImap,slack,0.5
16888,form-to-endpoint,webhook,httpRequest,1.0
16889,morning-metrics,scheduleTrigger,googleSheets,1.0
16890,email-archiver,emailReadImap,readWriteFile,1.0
16891,rss-alert,webhook,slack,0.5
16892,form-to-endpoint,webhook,httpRequest,1.0
16893,morning-metrics,scheduleTrigger,googleSheets,1.0
16894,email-archiver,emailReadImap,readWriteFile,1.0
16895,rss-alert,rssFeedTrigger,slack,1.0
16896,form-to-endpoint,webhook,httpRequest,1.0
16897,morning-metrics,scheduleTrigger,googleSheets,1.0
16898,email-archiver,emailReadImap,googleSheets,0.5
16899,rss-alert,rssFeedTrigger,slack,1.0
16900,form-to-endpoint,webhook,httpRequest,1.0
16901,morning-metrics,scheduleTrigger,googleSheets,1.0
16902,email-archiver,emailReadImap,readWriteFile,1.0
16903,rss-alert,rssFeedTrigger,slack,1.0
16904,form-to-endpoint,webhook,httpRequest,1.0
16905,morning-metrics,webhook,googleSheets,0.5
16906,email-archiver,emailReadImap,readWriteFile,1.0
16907,rss-alert,rssFeedTrigger,slack,1.0
16908,form-to-endpoint,webhook,httpRequest,1.0
16909,morning-metrics,scheduleTrigger,googleSheets,1.0
16910,email-archiver,emailReadImap,readWriteFile,1.0
16911,rss-alert,rssFeedTrigger,slack,1.0
16912,form-to-endpoint,webhook,httpRequest,1.0
16913,morning-metrics,scheduleTrigger,googleSheets,1.0
16914,email-archiver,emailReadImap,readWriteFile,1.0
16915,rss-alert,rssFeedTrigger,slack,1.0
16916,form-to-endpoint,webhook,httpRequest,1.0
16917,morning-metrics,scheduleTrigger,googleSheets,1.0
16918,email-archiver,emailReadImap,httpRequest,0.5
16919,rss-alert,rssFeedTrigger,slack,1.0
16920,form-to-endpoint,webhook,httpRequest,1.0
16921,morning-metrics,scheduleTrigger,googleSheets,1.0
16922,email-archiver,emailReadImap,readWriteFile,1.0
16923,rss-alert,rssFeedTrigger,slack,1.0
16924,form-to-endpoint,webhook,httpRequest,1.0
16925,morning-metrics,scheduleTrigger,readWriteFile,0.5
16926,email-archiver,emailReadImap,readWriteFile,1.0
16927,rss-alert,rssFeedTrigger,slack,1.0
16928,form-to-endpoint,webhook,httpRequest,1.0
16929,morning-metrics,scheduleTrigger,googleSheets,1.0
16930,email-archiver,scheduleTrigger,readWriteFile,0.5
16931,rss-alert,rssFeedTrigger,slack,1.0
16932,form-to-endpoint,webhook,httpRequest,1.0
16933,morning-metrics,scheduleTrigger,googleSheets,1.0
16934,email-archiver,emailReadImap,readWriteFile,1.0
16935,rss-alert,rssFeedTrigger,slack,1.0
16936,form-to-endpoint,webhook,httpRequest,1.0
16937,morning-metrics,scheduleTrigger,googleSheets,1.0
16938,email-archiver,emailReadImap,readWriteFile,1.0
16939,rss-alert,rssFeedTrigger,slack,1.0
16940,form-to-endpoint,webhook,httpRequest,1.0
16941,morning-metrics,scheduleTrigger,googleSheets,1.0
16942,email-archiver,emailReadImap,readWriteFile,1.0
16943,rss-alert,rssFeedTrigger,slack,1.0
16944,form-to-endpoint,webhook,googleSheets,0.5
16945,morning-metrics,scheduleTrigger,googleSheets,1.0
16946,email-archiver,emailReadImap,httpRequest,0.5
16947,rss-alert,rssFeedTrigger,slack,1.0
16948,form-to-endpoint,webhook,httpRequest,1.0
16949,morning-metrics,scheduleTrigger,googleSheets,1.0
16950,email-archiver,emailReadImap,readWriteFile,1.0
16951,rss-alert,rssFeedTrigger,slack,1.0
16952,form-to-endpoint,webhook,httpRequest,1.0
16953,morning-metrics,scheduleTrigger,googleSheets,1.0
16954,email-archiver,emailReadImap,googleSheets,0.5
16955,rss-alert,rssFeedTrigger,slack,1.0
16956,form-to-endpoint,webhook,httpRequest,1.0
16957,morning-metrics,scheduleTrigger,googleSheets,1.0
16958,email-archiver,scheduleTrigger,readWriteFile,0.5
16959,rss-alert,rssFeedTrigger,slack,1.0
16960,form-to-endpoint,webhook,httpRequest,1.0
16961,morning-metrics,scheduleTrigger,googleSheets,1.0
16962,email-archiver,emailReadImap,readWriteFile,1.0
16963,rss-alert,rssFeedTrigger,slack,1.0
16964,form-to-endpoint,webhook,httpRequest,1.0
16965,morning-metrics,scheduleTrigger,googleSheets,1.0
16966,email-archiver,emailReadImap,readWriteFile,1.0
16967,rss-alert,rssFeedTrigger,slack,1.0
16968,form-to-endpoint,webhook,httpRequest,1.0
16969,morning-metrics,scheduleTrigger,googleSheets,1.0
16970,email-archiver,emailReadImap,readWriteFile,1.0
16971,rss-alert,rssFeedTrigger,slack,1.0
16972,form-to-endpoint,webhook,httpRequest,1.0
16973,morning-metrics,scheduleTrigger,googleSheets,1.0
16974,email-archiver,emailReadImap,readWriteFile,1.0
16975,rss-alert,webhook,slack,0.5
16976,form-to-endpoint,webhook,httpRequest,1.0
16977,morning-metrics,scheduleTrigger,googleSheets,1.0
16978,email-archiver,emailReadImap,readWriteFile,1.0
16979,rss-alert,rssFeedTrigger,slack,1.0
16980,form-to-endpoint,webhook,httpRequest,1.0
16981,morning-metrics,webhook,googleSheets,0.5
16982,email-archiver,emailReadImap,readWriteFile,1.0
16983,rss-alert,rssFeedTrigger,slack,1.0
16984,form-to-endpoint,webhook,httpRequest,1.0
16985,morning-metrics,scheduleTrigger,googleSheets,1.0
16986,email-archiver,emailReadImap,readWriteFile,1.0
16987,rss-alert,rssFeedTrigger,slack,1.0
16988,form-to-endpoint,webhook,httpRequest,1.0
16989,morning-metrics,scheduleTrigger,googleSheets,1.0
16990,email-archiver,emailReadImap,readWriteFile,1.0
16991,rss-alert,rssFeedTrigger,slack,1.0
16992,form-to-endpoint,webhook,httpRequest,1.0
16993,morning-metrics,scheduleTrigger,googleSheets,1.0
16994,email-archiver,emailReadImap,readWriteFile,1.0
16995,rss-alert,rssFeedTrigger,slack,1.0
16996,form-to-endpoint,webhook,httpRequest,1.0
16997,morning-metrics,scheduleTrigger,googleSheets,1.0
16998,email-archiver,emailReadImap,readWriteFile,1.0
16999,rss-alert,rssFeedTrigger,slack,1.0
17000,form-to-endpoint,webhook,httpRequest,1.0
17001,morning-metrics,scheduleTrigger,googleSheets,1.0
17002,email-archiver,emailReadImap,readWriteFile,1.0
17003,rss-alert,rssFeedTrigger,slack,1.0
17004,form-to-endpoint,webhook,httpRequest,1.0
17005,morning-metrics,scheduleTrigger,googleSheets,1.0
17006,email-archiver,emailReadImap,readWriteFile,1.0
17007,rss-alert,rssFeedTrigger,googleSheets,0.5
17008,form-to-endpoint,webhook,httpRequest,1.0
17009,morning-metrics,scheduleTrigger,googleSheets,1.0
17010,email-archiver,emailReadImap,readWriteFile,1.0
17011,rss-alert,rssFeedTrigger,slack,1.0
17012,form-to-endpoint,webhook,readWriteFile,0.5
17013,morning-metrics,scheduleTrigger,googleSheets,1.0
17014,email-archiver,emailReadImap,readWriteFile,1.0
17015,rss-alert,rssFeedTrigger,slack,1.0
17016,form-to-endpoint,webhook,httpRequest,1.0
17017,morning-metrics,scheduleTrigger,googleSheets,1.0
17018,email-archiver,emailReadImap,readWriteFile,1.0
17019,rss-alert,rssFeedTrigger,readWriteFile,0.5
17020,form-to-endpoint,webhook,httpRequest,1.0
17021,morning-metrics,scheduleTrigger,googleSheets,1.0
17022,email-archiver,emailReadImap,readWriteFile,1.0
17023,rss-alert,rssFeedTrigger,slack,1.0
17024,form-to-endpoint,webhook,slack,0.5
17025,morning-metrics,scheduleTrigger,googleSheets,1.0
17026,email-archiver,emailReadImap,readWriteFile,1.0
17027,rss-alert,rssFeedTrigger,slack,1.0
17028,form-to-endpoint,webhook,httpRequest,1.0
17029,morning-metrics,scheduleTrigger,googleSheets,1.0
17030,email-archiver,emailReadImap,readWriteFile,1.0
17031,rss-alert,rssFeedTrigger,slack,1.0
17032,form-to-endpoint,webhook,httpRequest,1.0
17033,morning-metrics,scheduleTrigger,googleSheets,1.0
17034,email-archiver,emailReadImap,readWriteFile,1.0
17035,rss-alert,rssFeedTrigger,slack,1.0
17036,form-to-endpoint,webhook,httpRequest,1.0
17037,morning-metrics,scheduleTrigger,httpRequest,0.5
17038,email-archiver,emailReadImap,readWriteFile,1.0
17039,rss-alert,rssFeedTrigger,slack,1.0
17040,form-to-endpoint,webhook,httpRequest,1.0
17041,morning-metrics,scheduleTrigger,slack,0.5
17042,email-archiver,emailReadImap,readWriteFile,1.0
17043,rss-alert,rssFeedTrigger,slack,1.0
17044,form-to-endpoint,webhook,slack,0.5
17045,morning-metrics,scheduleTrigger,googleSheets,1.0
17046,email-archiver,emailReadImap,readWriteFile,1.0
17047,rss-alert,rssFeedTrigger,slack,1.0
17048,form-to-endpoint,webhook,httpRequest,1.0
17049,morning-metrics,scheduleTrigger,googleSheets,1.0
17050,email-archiver,emailReadImap,readWriteFile,1.0
17051,rss-alert,rssFeedTrigger,slack,1.0
17052,form-to-endpoint,webhook,httpRequest,1.0
17053,morning-metrics,scheduleTrigger,googleSheets,1.0
17054,email-archiver,emailReadImap,readWriteFile,1.0
17055,rss-alert,rssFeedTrigger,slack,1.0
17056,form-to-endpoint,webhook,httpRequest,1.0
17057,morning-metrics,scheduleTrigger,googleSheets,1.0
17058,email-archiver,emailReadImap,readWriteFile,1.0
17059,rss-alert,emailReadImap,slack,0.5
17060,form-to-endpoint,webhook,httpRequest,1.0
17061,morning-metrics,scheduleTrigger,googleSheets,1.0
17062,email-archiver,emailReadImap,readWriteFile,1.0
17063,rss-alert,rssFeedTrigger,slack,1.0
17064,form-to-endpoint,webhook,httpRequest,1.0
17065,morning-metrics,scheduleTrigger,googleSheets,1.0
17066,email-archiver,emailReadImap,readWriteFile,1.0
17067,rss-alert,rssFeedTrigger,slack,1.0
17068,form-to-endpoint,webhook,googleSheets,0.5
17069,morning-metrics,scheduleTrigger,googleSheets,1.0
17070,email-archiver,emailReadImap,readWriteFile,1.0
17071,rss-alert,rssFeedTrigger,slack,1.0
17072,form-to-endpoint,webhook,httpRequest,1.0
17073,morning-metrics,scheduleTrigger,googleSheets,1.0
17074,email-archiver,emailReadImap,readWriteFile,1.0
17075,rss-alert,rssFeedTrigger,slack,1.0
17076,form-to-endpoint,webhook,httpRequest,1.0
17077,morning-metrics,scheduleTrigger,googleSheets,1.0
17078,email-archiver,emailReadImap,readWriteFile,1.0
17079,rss-alert,rssFeedTrigger,slack,1.0
17080,form-to-endpoint,webhook,httpRequest,1.0
17081,morning-metrics,scheduleTrigger,googleSheets,1.0
17082,email-archiver,emailReadImap,readWriteFile,1.0
17083,rss-alert,webhook,slack,0.5
17084,form-to-endpoint,webhook,httpRequest,1.0
17085,morning-metrics,webhook,googleSheets,0.5
17086,email-archiver,emailReadImap,readWriteFile,1.0
17087,rss-alert,rssFeedTrigger,slack,1.0
17088,form-to-endpoint,webhook,httpRequest,1.0
17089,morning-metrics,scheduleTrigger,googleSheets,1.0
17090,email-archiver,emailReadImap,readWriteFile,1.0
17091,rss-alert,rssFeedTrigger,slack,1.0
17092,form-to-endpoint,rssFeedTrigger,httpRequest,0.5
17093,morning-metrics,scheduleTrigger,googleSheets,1.0
17094,email-archiver,emailReadImap,readWriteFile,1.0
17095,rss-alert,rssFeedTrigger,slack,1.0
17096,form-to-endpoint,webhook,httpRequest,1.0
17097,morning-metrics,rssFeedTrigger,googleSheets,0.5
17098,email-archiver,emailReadImap,readWriteFile,1.0
17099,rss-alert,rssFeedTrigger,httpRequest,0.5
17100,form-to-endpoint,webhook,httpRequest,1.0
17101,morning-metrics,scheduleTrigger,googleSheets,1.0
17102,email-archiver,emailReadImap,slack,0.5
17103,rss-alert,rssFeedTrigger,slack,1.0
17104,form-to-endpoint,webhook,httpRequest,1.0
17105,morning-metrics,scheduleTrigger,googleSheets,1.0
17106,email-archiver,emailReadImap,readWriteFile,1.0
17107,rss-alert,rssFeedTrigger,slack,1.0
17108,form-to-endpoint,webhook,googleSheets,0.5
17109,morning-metrics,scheduleTrigger,googleSheets,1.0
17110,email-archiver,emailReadImap,readWriteFile,1.0
17111,rss-alert,rssFeedTrigger,slack,1.0
17112,form-to-endpoint,webhook,httpRequest,1.0
17113,morning-metrics,scheduleTrigger,googleSheets,1.0
17114,email-archiver,emailReadImap,readWriteFile,1.0
17115,rss-alert,rssFeedTrigger,slack,1.0
17116,form-to-endpoint,webhook,httpRequest,1.0
17117,morning-metrics,scheduleTrigger,googleSheets,1.0
17118,email-archiver,emailReadImap,readWriteFile,1.0
17119,rss-alert,rssFeedTrigger,slack,1.0
17120,form-to-endpoint,webhook,slack,0.5
17121,morning-metrics,scheduleTrigger,googleSheets,1.0
17122,email-archiver,emailReadImap,readWriteFile,1.0
17123,rss-alert,rssFeedTrigger,slack,1.0
17124,form-to-endpoint,webhook,httpRequest,1.0
17125,morning-metrics,scheduleTrigger,googleSheets,1.0
17126,email-archiver,emailReadImap,readWriteFile,1.0
17127,rss-alert,rssFeedTrigger,slack,1.0
17128,form-to-endpoint,webhook,httpRequest,1.0
17129,morning-metrics,scheduleTrigger,googleSheets,1.0
17130,email-archiver,webhook,readWriteFile,0.5
17131,rss-alert,rssFeedTrigger,slack,1.0
17132,form-to-endpoint,rssFeedTrigger,httpRequest,0.5
17133,morning-metrics,scheduleTrigger,googleSheets,1.0
17134,email-archiver,emailReadImap,readWriteFile,1.0
17135,rss-alert,emailReadImap,slack,0.5
17136,form-to-endpoint,webhook,httpRequest,1.0
17137,morning-metrics,scheduleTrigger,googleSheets,1.0
17138,email-archiver,scheduleTrigger,readWriteFile,0.5
17139,rss-alert,rssFeedTrigger,slack,1.0
17140,form-to-endpoint,webhook,httpRequest,1.0
17141,morning-metrics,scheduleTrigger,googleSheets,1.0
17142,email-archiver,emailReadImap,readWriteFile,1.0
17143,rss-alert,rssFeedTrigger,slack,1.0
17144,form-to-endpoint,webhook,slack,0.5
17145,morning-metrics,scheduleTrigger,googleSheets,1.0
17146,email-archiver,emailReadImap,readWriteFile,1.0
17147,rss-alert,rssFeedTrigger,slack,1.0
17148,form-to-endpoint,webhook,httpRequest,1.0
17149,morning-metrics,scheduleTrigger,googleSheets,1.0
17150,email-archiver,emailReadImap,readWriteFile,1.0
17151,rss-alert,rssFeedTrigger,slack,1.0
17152,form-to-endpoint,webhook,googleSheets,0.5
17153,morning-metrics,webhook,googleSheets,0.5
17154,email-archiver,emailReadImap,readWriteFile,1.0
17155,rss-alert,emailReadImap,slack,0.5
17156,form-to-endpoint,webhook,httpRequest,1.0
17157,morning-metrics,scheduleTrigger,googleSheets,1.0
17158,email-archiver,emailReadImap,readWriteFile,1.0
17159,rss-alert,rssFeedTrigger,slack,1.0
17160,form-to-endpoint,webhook,httpRequest,1.0
17161,morning-metrics,scheduleTrigger,googleSheets,1.0
17162,email-archiver,emailReadImap,readWriteFile,1.0
17163,rss-alert,rssFeedTrigger,slack,1.0
17164,form-to-endpoint,rssFeedTrigger,httpRequest,0.5
17165,morning-metrics,scheduleTrigger,googleSheets,1.0
17166,email-archiver,emailReadImap,readWriteFile,1.0
17167,rss-alert,rssFeedTrigger,readWriteFile,0.5
17168,form-to-endpoint,webhook,httpRequest,1.0
17169,morning-metrics,scheduleTrigger,googleSheets,1.0
17170,email-archiver,emailReadImap,readWriteFile,1.0
17171,rss-alert,rssFeedTrigger,slack,1.0
17172,form-to-endpoint,webhook,httpRequest,1.0
17173,morning-metrics,scheduleTrigger,googleSheets,1.0
17174,email-archiver,emailReadImap,readWriteFile,1.0
17175,rss-alert,rssFeedTrigger,slack,1.0
17176,form-to-endpoint,webhook,httpRequest,1.0
17177,morning-metrics,emailReadImap,googleSheets,0.5
17178,email-archiver,emailReadImap,readWriteFile,1.0
17179,rss-alert,rssFeedTrigger,slack,1.0
17180,form-to-endpoint,webhook,httpRequest,1.0
17181,morning-metrics,scheduleTrigger,googleSheets,1.0
17182,email-archiver,emailReadImap,slack,0.5
17183,rss-alert,rssFeedTrigger,slack,1.0
17184,form-to-endpoint,webhook,httpRequest,1.0
17185,morning-metrics,scheduleTrigger,googleSheets,1.0
17186,email-archiver,emailReadImap,readWriteFile,1.0
17187,rss-alert,scheduleTrigger,slack,0.5
17188,form-to-endpoint,webhook,httpRequest,1.0
17189,morning-metrics,scheduleTrigger,googleSheets,1.0
17190,email-archiver,emailReadImap,googleSheets,0.5
17191,rss-alert,rssFeedTrigger,slack,1.0
17192,form-to-endpoint,webhook,httpRequest,1.0
17193,morning-metrics,scheduleTrigger,googleSheets,1.0
17194,email-archiver,emailReadImap,readWriteFile,1.0
17195,rss-alert,rssFeedTrigger,slack,1.0
17196,form-to-endpoint,webhook,httpRequest,1.0
17197,morning-metrics,scheduleTrigger,googleSheets,1.0
17198,email-archiver,emailReadImap,slack,0.5
17199,rss-alert,rssFeedTrigger,slack,1.0
17200,form-to-endpoint,webhook,httpRequest,1.0
17201,morning-metrics,scheduleTrigger,googleSheets,1.0
17202,email-archiver,emailReadImap,readWriteFile,1.0
17203,rss-alert,rssFeedTrigger,readWriteFile,0.5
17204,form-to-endpoint,webhook,httpRequest,1.0
17205,morning-metrics,scheduleTrigger,googleSheets,1.0
17206,email-archiver,emailReadImap,readWriteFile,1.0
17207,rss-alert,rssFeedTrigger,slack,1.0
17208,form-to-endpoint,webhook,httpRequest,1.0
17209,morning-metrics,scheduleTrigger,googleSheets,1.0
17210,email-archiver,emailReadImap,readWriteFile,1.0
17211,rss-alert,rssFeedTrigger,googleSheets,0.5
17212,form-to-endpoint,webhook,httpRequest,1.0
17213,morning-metrics,scheduleTrigger,googleSheets,1.0
17214,email-archiver,emailReadImap,readWriteFile,1.0
17215,rss-alert,rssFeedTrigger,slack,1.0
17216,form-to-endpoint,webhook,httpRequest,1.0
17217,morning-metrics,scheduleTrigger,googleSheets,1.0
17218,email-archiver,emailReadImap,readWriteFile,1.0
17219,rss-alert,rssFeedTrigger,slack,1.0
17220,form-to-endpoint,webhook,httpRequest,1.0
17221,morning-metrics,scheduleTrigger,googleSheets,1.0
17222,email-archiver,emailReadImap,readWriteFile,1.0
17223,rss-alert,rssFeedTrigger,slack,1.0
17224,form-to-endpoint,webhook,httpRequest,1.0
17225,morning-metrics,scheduleTrigger,googleSheets,1.0
17226,email-archiver,emailReadImap,readWriteFile,1.0
17227,rss-alert,rssFeedTrigger,slack,1.0
17228,form-to-endpoint,webhook,httpRequest,1.0
17229,morning-metrics,scheduleTrigger,googleSheets,1.0
17230,email-archiver,emailReadImap,readWriteFile,1.0
17231,rss-alert,rssFeedTrigger,slack,1.0
17232,form-to-endpoint,webhook,httpRequest,1.0
17233,morning-metrics,scheduleTrigger,googleSheets,1.0
17234,email-archiver,emailReadImap,readWriteFile,1.0
17235,rss-alert,rssFeedTrigger,slack,1.0
17236,form-to-endpoint,webhook,httpRequest,1.0
17237,morning-metrics,scheduleTrigger,googleSheets,1.0
17238,email-archiver,emailReadImap,readWriteFile,1.0
17239,rss-alert,rssFeedTrigger,slack,1.0
17240,form-to-endpoint,webhook,httpRequest,1.0
17241,morning-metrics,scheduleTrigger,googleSheets,1.0
17242,email-archiver,emailReadImap,readWriteFile,1.0
17243,rss-alert,rssFeedTrigger,slack,1.0
17244,form-to-endpoint,webhook,httpRequest,1.0
17245,morning-metrics,scheduleTrigger,googleSheets,1.0
17246,email-archiver,emailReadImap,readWriteFile,1.0
17247,rss-alert,rssFeedTrigger,slack,1.0
17248,form-to-endpoint,emailReadImap,httpRequest,0.5
17249,morning-metrics,scheduleTrigger,googleSheets,1.0
17250,email-archiver,emailReadImap,readWriteFile,1.0
17251,rss-alert,rssFeedTrigger,slack,1.0
17252,form-to-endpoint,webhook,httpRequest,1.0
17253,morning-metrics,scheduleTrigger,googleSheets,1.0
17254,email-archiver,webhook,readWriteFile,0.5
17255,rss-alert,rssFeedTrigger,slack,1.0
17256,form-to-endpoint,scheduleTrigger,httpRequest,0.5
17257,morning-metrics,scheduleTrigger,googleSheets,1.0
17258,email-archiver,emailReadImap,readWriteFile,1.0
17259,rss-alert,rssFeedTrigger,slack,1.0
17260,form-to-endpoint,webhook,httpRequest,1.0
17261,morning-metrics,scheduleTrigger,slack,0.5
17262,email-archiver,emailReadImap,readWriteFile,1.0
17263,rss-alert,rssFeedTrigger,slack,1.0
17264,form-to-endpoint,webhook,httpRequest,1.0
17265,morning-metrics,scheduleTrigger,googleSheets,1.0
17266,email-archiver,emailReadImap,readWriteFile,1.0
17267,rss-alert,rssFeedTrigger,slack,1.0
17268,form-to-endpoint,webhook,httpRequest,1.0
17269,morning-metrics,scheduleTrigger,googleSheets,1.0
17270,email-archiver,emailReadImap,readWriteFile,1.0
17271,rss-alert,rssFeedTrigger,slack,1.0
17272,form-to-endpoint,webhook,httpRequest,1.0
17273,morning-metrics,scheduleTrigger,googleSheets,1.0
17274,email-archiver,emailReadImap,readWriteFile,1.0
17275,rss-alert,rssFeedTrigger,slack,1.0
17276,form-to-endpoint,webhook,httpRequest,1.0
17277,morning-metrics,scheduleTrigger,googleSheets,1.0
17278,email-archiver,emailReadImap,readWriteFile,1.0
17279,rss-alert,rssFeedTrigger,slack,1.0
17280,form-to-endpoint,webhook,httpRequest,1.0
17281,morning-metrics,scheduleTrigger,googleSheets,1.0
17282,email-archiver,emailReadImap,readWriteFile,1.0
17283,rss-alert,rssFeedTrigger,slack,1.0
17284,form-to-endpoint,webhook,googleSheets,0.5
17285,morning-metrics,scheduleTrigger,googleSheets,1.0
17286,email-archiver,emailReadImap,readWriteFile,1.0
17287,rss-alert,emailReadImap,slack,0.5
17288,form-to-endpoint,webhook,httpRequest,1.0
17289,morning-metrics,scheduleTrigger,googleSheets,1.0
17290,email-archiver,emailReadImap,readWriteFile,1.0
17291,rss-alert,scheduleTrigger,slack,0.5
17292,form-to-endpoint,webhook,readWriteFile,0.5
17293,morning-metrics,scheduleTrigger,googleSheets,1.0
17294,email-archiver,emailReadImap,readWriteFile,1.0
17295,rss-alert,rssFeedTrigger,slack,1.0
17296,form-to-endpoint,emailReadImap,httpRequest,0.5
17297,morning-metrics,scheduleTrigger,googleSheets,1.0
17298,email-archiver,emailReadImap,readWriteFile,1.0
17299,rss-alert,rssFeedTrigger,slack,1.0
17300,form-to-endpoint,webhook,httpRequest,1.0
17301,morning-metrics,scheduleTrigger,googleSheets,1.0
17302,email-archiver,emailReadImap,readWriteFile,1.0
17303,rss-alert,rssFeedTrigger,slack,1.0
17304,form-to-endpoint,webhook,httpRequest,1.0
17305,morning-metrics,scheduleTrigger,googleSheets,1.0
17306,email-archiver,emailReadImap,readWriteFile,1.0
17307,rss-alert,rssFeedTrigger,slack,1.0
17308,form-to-endpoint,scheduleTrigger,httpRequest,0.5
17309,morning-metrics,scheduleTrigger,googleSheets,1.0
17310,email-archiver,emailReadImap,readWriteFile,1.0
17311,rss-alert,rssFeedTrigger,slack,1.0
17312,form-to-endpoint,webhook,httpRequest,1.0
17313,morning-metrics,scheduleTrigger,googleSheets,1.0
17314,email-archiver,emailReadImap,googleSheets,0.5
17315,rss-alert,rssFeedTrigger,slack,1.0
17316,form-to-endpoint,webhook,googleSheets,0.5
17317,morning-metrics,scheduleTrigger,googleSheets,1.0
17318,email-archiver,emailReadImap,readWriteFile,1.0
17319,rss-alert,rssFeedTrigger,slack,1.0
17320,form-to-endpoint,webhook,httpRequest,1.0
17321,morning-metrics,scheduleTrigger,googleSheets,1.0
17322,email-archiver,emailReadImap,readWriteFile,1.0
17323,rss-alert,scheduleTrigger,slack,0.5
17324,form-to-endpoint,webhook,httpRequest,1.0
17325,morning-metrics,rssFeedTrigger,googleSheets,0.5
17326,email-archiver,emailReadImap,readWriteFile,1.0
17327,rss-alert,rssFeedTrigger,slack,1.0
17328,form-to-endpoint,webhook,httpRequest,1.0
17329,morning-metrics,scheduleTrigger,googleSheets,1.0
17330,email-archiver,emailReadImap,readWriteFile,1.0
17331,rss-alert,rssFeedTrigger,slack,1.0
17332,form-to-endpoint,rssFeedTrigger,httpRequest,0.5
17333,morning-metrics,scheduleTrigger,googleSheets,1.0
17334,email-archiver,emailReadImap,readWriteFile,1.0
17335,rss-alert,rssFeedTrigger,slack,1.0
17336,form-to-endpoint,webhook,readWriteFile,0.5
17337,morning-metrics,scheduleTrigger,googleSheets,1.0
17338,email-archiver,emailReadImap,readWriteFile,1.0
17339,rss-alert,rssFeedTrigger,slack,1.0
17340,form-to-endpoint,webhook,httpRequest,1.0
17341,morning-metrics,scheduleTrigger,googleSheets,1.0
17342,email-archiver,emailReadImap,readWriteFile,1.0
17343,rss-alert,rssFeedTrigger,slack,1.0
17344,form-to-endpoint,webhook,httpRequest,1.0
17345,morning-metrics,scheduleTrigger,googleSheets,1.0
17346,email-archiver,emailReadImap,readWriteFile,1.0
17347,rss-alert,rssFeedTrigger,readWriteFile,0.5
17348,form-to-endpoint,webhook,httpRequest,1.0
17349,morning-metrics,scheduleTrigger,googleSheets,1.0
17350,email-archiver,emailReadImap,readWriteFile,1.0
17351,rss-alert,rssFeedTrigger,slack,1.0
17352,form-to-endpoint,webhook,httpRequest,1.0
17353,morning-metrics,scheduleTrigger,googleSheets,1.0
17354,email-archiver,emailReadImap,readWriteFile,1.0
17355,rss-alert,rssFeedTrigger,googleSheets,0.5
17356,form-to-endpoint,webhook,httpRequest,1.0
17357,morning-metrics,scheduleTrigger,googleSheets,1.0
17358,email-archiver,emailReadImap,readWriteFile,1.0
17359,rss-alert,rssFeedTrigger,slack,1.0
17360,form-to-endpoint,webhook,httpRequest,1.0
17361,morning-metrics,webhook,googleSheets,0.5
17362,email-archiver,emailReadImap,readWriteFile,1.0
17363,rss-alert,rssFeedTrigger,slack,1.0
17364,form-to-endpoint,webhook,googleSheets,0.5
17365,morning-metrics,scheduleTrigger,httpRequest,0.5
17366,email-archiver,emailReadImap,readWriteFile,1.0
17367,rss-alert,rssFeedTrigger,slack,1.0
17368,form-to-endpoint,scheduleTrigger,httpRequest,0.5
17369,morning-metrics,scheduleTrigger,googleSheets,1.0
17370,email-archiver,emailReadImap,readWriteFile,1.0
17371,rss-alert,rssFeedTrigger,slack,1.0
17372,form-to-endpoint,webhook,httpRequest,1.0
17373,morning-metrics,scheduleTrigger,googleSheets,1.0
17374,email-archiver,emailReadImap,readWriteFile,1.0
17375,rss-alert,rssFeedTrigger,slack,1.0
17376,form-to-endpoint,webhook,httpRequest,1.0
17377,morning-metrics,scheduleTrigger,googleSheets,1.0
17378,email-archiver,emailReadImap,readWriteFile,1.0
17379,rss-alert,scheduleTrigger,slack,0.5
17380,form-to-endpoint,webhook,httpRequest,1.0
17381,morning-metrics,scheduleTrigger,googleSheets,1.0
17382,email-archiver,emailReadImap,readWriteFile,1.0
17383,rss-alert,rssFeedTrigger,slack,1.0
17384,form-to-endpoint,webhook,httpRequest,1.0
17385,morning-metrics,scheduleTrigger,googleSheets,1.0
17386,email-archiver,webhook,readWriteFile,0.5
17387,rss-alert,rssFeedTrigger,slack,1.0
17388,form-to-endpoint,webhook,httpRequest,1.0
17389,morning-metrics,scheduleTrigger,googleSheets,1.0
17390,email-archiver,emailReadImap,readWriteFile,1.0
17391,rss-alert,rssFeedTrigger,slack,1.0
17392,form-to-endpoint,webhook,httpRequest,1.0
17393,morning-metrics,scheduleTrigger,googleSheets,1.0
17394,email-archiver,emailReadImap,readWriteFile,1.0
17395,rss-alert,rssFeedTrigger,slack,1.0
17396,form-to-endpoint,webhook,httpRequest,1.0
17397,morning-metrics,scheduleTrigger,googleSheets,1.0
17398,email-archiver,rssFeedTrigger,readWriteFile,0.5
17399,rss-alert,rssFeedTrigger,slack,1.0
17400,form-to-endpoint,webhook,httpRequest,1.0
17401,morning-metrics,scheduleTrigger,googleSheets,1.0
17402,email-archiver,emailReadImap,readWriteFile,1.0
17403,rss-alert,rssFeedTrigger,slack,1.0
17404,form-to-endpoint,webhook,httpRequest,1.0
17405,morning-metrics,scheduleTrigger,googleSheets,1.0
17406,email-archiver,webhook,readWriteFile,0.5
17407,rss-alert,rssFeedTrigger,slack,1.0
17408,form-to-endpoint,webhook,httpRequest,1.0
17409,morning-metrics,scheduleTrigger,googleSheets,1.0
17410,email-archiver,scheduleTrigger,readWriteFile,0.5
17411,rss-alert,rssFeedTrigger,slack,1.0
17412,form-to-endpoint,webhook,readWriteFile,0.5
17413,morning-metrics,scheduleTrigger,googleSheets,1.0
17414,email-archiver,emailReadImap,readWriteFile,1.0
17415,rss-alert,rssFeedTrigger,slack,1.0
17416,form-to-endpoint,emailReadImap,httpRequest,0.5
17417,morning-metrics,scheduleTrigger,googleSheets,1.0
17418,email-archiver,emailReadImap,readWriteFile,1.0
17419,rss-alert,rssFeedTrigger,slack,1.0
17420,form-to-endpoint,webhook,httpRequest,1.0
17421,morning-metrics,scheduleTrigger,googleSheets,1.0
17422,email-archiver,emailReadImap,readWriteFile,1.0
17423,rss-alert,rssFeedTrigger,slack,1.0
17424,form-to-endpoint,webhook,httpRequest,1.0
17425,morning-metrics,rssFeedTrigger,googleSheets,0.5
17426,email-archiver,emailReadImap,readWriteFile,1.0
17427,rss-alert,rssFeedTrigger,slack,1.0
17428,form-to-endpoint,webhook,httpRequest,1.0
17429,morning-metrics,scheduleTrigger,googleSheets,1.0
17430,email-archiver,emailReadImap,readWriteFile,1.0
17431,rss-alert,rssFeedTrigger,slack,1.0
17432,form-to-endpoint,webhook,readWriteFile,0.5
17433,morning-metrics,scheduleTrigger,googleSheets,1.0
17434,email-archiver,emailReadImap,readWriteFile,1.0
17435,rss-alert,rssFeedTrigger,slack,1.0
17436,form-to-endpoint,webhook,httpRequest,1.0
17437,morning-metrics,scheduleTrigger,googleSheets,1.0
17438,email-archiver,emailReadImap,slack,0.5
17439,rss-alert,rssFeedTrigger,httpRequest,0.5
17440,form-to-endpoint,webhook,httpRequest,1.0
17441,morning-metrics,scheduleTrigger,googleSheets,1.0
17442,email-archiver,emailReadImap,readWriteFile,1.0
17443,rss-alert,rssFeedTrigger,httpRequest,0.5
17444,form-to-endpoint,webhook,httpRequest,1.0
17445,morning-metrics,webhook,googleSheets,0.5
17446,email-archiver,emailReadImap,readWriteFile,1.0
17447,rss-alert,rssFeedTrigger,slack,1.0
17448,form-to-endpoint,webhook,httpRequest,1.0
17449,morning-metrics,scheduleTrigger,googleSheets,1.0
17450,email-archiver,emailReadImap,httpRequest,0.5
17451,rss-alert,rssFeedTrigger,httpRequest,0.5
17452,form-to-endpoint,scheduleTrigger,httpRequest,0.5
17453,morning-metrics,scheduleTrigger,googleSheets,1.0
17454,email-archiver,emailReadImap,readWriteFile,1.0
17455,rss-alert,rssFeedTrigger,slack,1.0
17456,form-to-endpoint,webhook,httpRequest,1.0
17457,morning-metrics,scheduleTrigger,googleSheets,1.0
17458,email-archiver,rssFeedTrigger,slack,0.0
17459,rss-alert,rssFeedTrigger,slack,1.0
17460,form-to-endpoint,webhook,httpRequest,1.0
17461,morning-metrics,scheduleTrigger,googleSheets,1.0
17462,email-archiver,emailReadImap,readWriteFile,1.0
17463,rss-alert,rssFeedTrigger,slack,1.0
17464,form-to-endpoint,webhook,httpRequest,1.0
17465,morning-metrics,scheduleTrigger,googleSheets,1.0
17466,email-archiver,emailReadImap,readWriteFile,1.0
17467,rss-alert,rssFeedTrigger,slack,1.0
17468,form-to-endpoint,webhook,httpRequest,1.0
17469,morning-metrics,scheduleTrigger,googleSheets,1.0
17470,email-archiver,rssFeedTrigger,readWriteFile,0.5
17471,rss-alert,rssFeedTrigger,slack,1.0
17472,form-to-endpoint,webhook,httpRequest,1.0
17473,morning-metrics,scheduleTrigger,googleSheets,1.0
17474,email-archiver,emailReadImap,readWriteFile,1.0
17475,rss-alert,webhook,slack,0.5
17476,form-to-endpoint,webhook,httpRequest,1.0
17477,morning-metrics,scheduleTrigger,googleSheets,1.0
17478,email-archiver,emailReadImap,readWriteFile,1.0
17479,rss-alert,rssFeedTrigger,slack,1.0
17480,form-to-endpoint,rssFeedTrigger,httpRequest,0.5
17481,morning-metrics,scheduleTrigger,googleSheets,1.0
17482,email-archiver,webhook,readWriteFile,0.5
17483,rss-alert,rssFeedTrigger,slack,1.0
17484,form-to-endpoint,webhook,httpRequest,1.0
17485,morning-metrics,scheduleTrigger,googleSheets,1.0
17486,email-archiver,emailReadImap,readWriteFile,1.0
17487,rss-alert,rssFeedTrigger,slack,1.0
17488,form-to-endpoint,webhook,httpRequest,1.0
17489,morning-metrics,scheduleTrigger,googleSheets,1.0
17490,email-archiver,emailReadImap,readWriteFile,1.0
17491,rss-alert,rssFeedTrigger,slack,1.0
17492,form-to-endpoint,webhook,httpRequest,1.0
17493,morning-metrics,webhook,googleSheets,0.5
17494,email-archiver,emailReadImap,readWriteFile,1.0
17495,rss-alert,rssFeedTrigger,slack,1.0
17496,form-to-endpoint,webhook,httpRequest,1.0
17497,morning-metrics,scheduleTrigger,googleSheets,1.0
17498,email-archiver,emailReadImap,readWriteFile,1.0
17499,rss-alert,rssFeedTrigger,slack,1.0
17500,form-to-endpoint,webhook,httpRequest,1.0
17501,morning-metrics,scheduleTrigger,googleSheets,1.0
17502,email-archiver,emailReadImap,readWriteFile,1.0
17503,rss-alert,rssFeedTrigger,slack,1.0
17504,form-to-endpoint,webhook,httpRequest,1.0
17505,morning-metrics,scheduleTrigger,googleSheets,1.0
17506,email-archiver,emailReadImap,readWriteFile,1.0
17507,rss-alert,rssFeedTrigger,slack,1.0
17508,form-to-endpoint,webhook,httpRequest,1.0
17509,morning-metrics,scheduleTrigger,googleSheets,1.0
17510,email-archiver,emailReadImap,readWriteFile,1.0
17511,rss-alert,rssFeedTrigger,slack,1.0
17512,form-to-endpoint,webhook,httpRequest,1.0
17513,morning-metrics,scheduleTrigger,googleSheets,1.0
17514,email-archiver,emailReadImap,readWriteFile,1.0
17515,rss-alert,emailReadImap,httpRequest,0.0
17516,form-to-endpoint,webhook,httpRequest,1.0
17517,morning-metrics,scheduleTrigger,googleSheets,1.0
17518,email-archiver,emailReadImap,slack,0.5
17519,rss-alert,rssFeedTrigger,slack,1.0
17520,form-to-endpoint,rssFeedTrigger,httpRequest,0.5
17521,morning-metrics,scheduleTrigger,googleSheets,1.0
17522,email-archiver,emailReadImap,readWriteFile,1.0
17523,rss-alert,rssFeedTrigger,slack,1.0
17524,form-to-endpoint,webhook,httpRequest,1.0
17525,morning-metrics,scheduleTrigger,googleSheets,1.0
17526,email-archiver,emailReadImap,readWriteFile,1.0
17527,rss-alert,rssFeedTrigger,slack,1.0
17528,form-to-endpoint,webhook,httpRequest,1.0
17529,morning-metrics,scheduleTrigger,googleSheets,1.0
17530,email-archiver,emailReadImap,readWriteFile,1.0
17531,rss-alert,rssFeedTrigger,slack,1.0
17532,form-to-endpoint,webhook,httpRequest,1.0
17533,morning-metrics,scheduleTrigger,googleSheets,1.0
17534,email-archiver,emailReadImap,readWriteFile,1.0
17535,rss-alert,rssFeedTrigger,slack,1.0
17536,form-to-endpoint,webhook,httpRequest,1.0
17537,morning-metrics,scheduleTrigger,googleSheets,1.0
17538,email-archiver,emailReadImap,httpRequest,0.5
17539,rss-alert,rssFeedTrigger,slack,1.0
17540,form-to-endpoint,webhook,httpRequest,1.0
17541,morning-metrics,scheduleTrigger,googleSheets,1.0
17542,email-archiver,emailReadImap,readWriteFile,1.0
17543,rss-alert,rssFeedTrigger,slack,1.0
17544,form-to-endpoint,webhook,httpRequest,1.0
17545,morning-metrics,emailReadImap,googleSheets,0.5
17546,email-archiver,webhook,googleSheets,0.0
17547,rss-alert,rssFeedTrigger,slack,1.0
17548,form-to-endpoint,webhook,httpRequest,1.0
17549,morning-metrics,scheduleTrigger,slack,0.5
17550,email-archiver,emailReadImap,readWriteFile,1.0
17551,rss-alert,rssFeedTrigger,slack,1.0
17552,form-to-endpoint,webhook,httpRequest,1.0
17553,morning-metrics,scheduleTrigger,googleSheets,1.0
17554,email-archiver,emailReadImap,readWriteFile,1.0
17555,rss-alert,rssFeedTrigger,slack,1.0
17556,form-to-endpoint,webhook,httpRequest,1.0
17557,morning-metrics,scheduleTrigger,slack,0.5
17558,email-archiver,emailReadImap,readWriteFile,1.0
17559,rss-alert,rssFeedTrigger,slack,1.0
17560,form-to-endpoint,webhook,httpRequest,1.0
17561,morning-metrics,scheduleTrigger,googleSheets,1.0
17562,email-archiver,emailReadImap,readWriteFile,1.0
17563,rss-alert,rssFeedTrigger,slack,1.0
17564,form-to-endpoint,rssFeedTrigger,httpRequest,0.5
17565,morning-metrics,scheduleTrigger,googleSheets,1.0
17566,email-archiver,emailReadImap,readWriteFile,1.0
17567,rss-alert,rssFeedTrigger,slack,1.0
17568,form-to-endpoint,webhook,httpRequest,1.0
17569,morning-metrics,scheduleTrigger,googleSheets,1.0
17570,email-archiver,emailReadImap,readWriteFile,1.0
17571,rss-alert,rssFeedTrigger,slack,1.0
17572,form-to-endpoint,webhook,httpRequest,1.0
17573,morning-metrics,scheduleTrigger,googleSheets,1.0
17574,email-archiver,emailReadImap,readWriteFile,1.0
17575,rss-alert,rssFeedTrigger,slack,1.0
17576,form-to-endpoint,webhook,httpRequest,1.0
17577,morning-metrics,scheduleTrigger,googleSheets,1.0
17578,email-archiver,emailReadImap,readWriteFile,1.0
17579,rss-alert,rssFeedTrigger,slack,1.0
17580,form-to-endpoint,webhook,httpRequest,1.0
17581,morning-metrics,scheduleTrigger,googleSheets,1.0
17582,email-archiver,emailReadImap,readWriteFile,1.0
17583,rss-alert,emailReadImap,slack,0.5
17584,form-to-endpoint,webhook,httpRequest,1.0
17585,morning-metrics,scheduleTrigger,googleSheets,1.0
17586,email-archiver,emailReadImap,readWriteFile,1.0
17587,rss-alert,rssFeedTrigger,slack,1.0
17588,form-to-endpoint,webhook,httpRequest,1.0
17589,morning-metrics,scheduleTrigger,googleSheets,1.0
17590,email-archiver,emailReadImap,readWriteFile,1.0
17591,rss-alert,rssFeedTrigger,slack,1.0
17592,form-to-endpoint,webhook,httpRequest,1.0
17593,morning-metrics,scheduleTrigger,readWriteFile,0.5
17594,email-archiver,emailReadImap,readWriteFile,1.0
17595,rss-alert,rssFeedTrigger,slack,1.0
17596,form-to-endpoint,webhook,httpRequest,1.0
17597,morning-metrics,webhook,googleSheets,0.5
17598,email-archiver,emailReadImap,readWriteFile,1.0
17599,rss-alert,rssFeedTrigger,slack,1.0
17600,form-to-endpoint,webhook,httpRequest,1.0
17601,morning-metrics,scheduleTrigger,googleSheets,1.0
17602,email-archiver,emailReadImap,readWriteFile,1.0
17603,rss-alert,rssFeedTrigger,googleSheets,0.5
17604,form-to-endpoint,webhook,httpRequest,1.0
17605,morning-metrics,scheduleTrigger,googleSheets,1.0
17606,email-archiver,emailReadImap,readWriteFile,1.0
17607,rss-alert,rssFeedTrigger,slack,1.0
17608,form-to-endpoint,webhook,httpRequest,1.0
17609,morning-metrics,scheduleTrigger,googleSheets,1.0
17610,email-archiver,emailReadImap,httpRequest,0.5
17611,rss-alert,rssFeedTrigger,slack,1.0
17612,form-to-endpoint,webhook,httpRequest,1.0
17613,morning-metrics,scheduleTrigger,googleSheets,1.0
17614,email-archiver,emailReadImap,readWriteFile,1.0
17615,rss-alert,webhook,slack,0.5
17616,form-to-endpoint,emailReadImap,httpRequest,0.5
17617,morning-metrics,scheduleTrigger,googleSheets,1.0
17618,email-archiver,emailReadImap,readWriteFile,1.0
17619,rss-alert,rssFeedTrigger,slack,1.0
17620,form-to-endpoint,webhook,httpRequest,1.0
17621,morning-metrics,scheduleTrigger,slack,0.5
17622,email-archiver,emailReadImap,readWriteFile,1.0
17623,rss-alert,rssFeedTrigger,slack,1.0
17624,form-to-endpoint,webhook,httpRequest,1.0
17625,morning-metrics,scheduleTrigger,googleSheets,1.0
17626,email-archiver,emailReadImap,readWriteFile,1.0
17627,rss-alert,rssFeedTrigger,slack,1.0
17628,form-to-endpoint,webhook,httpRequest,1.0
17629,morning-metrics,scheduleTrigger,googleSheets,1.0
17630,email-archiver,emailReadImap,readWriteFile,1.0
17631,rss-alert,rssFeedTrigger,slack,1.0
17632,form-to-endpoint,webhook,googleSheets,0.5
17633,morning-metrics,scheduleTrigger,googleSheets,1.0
17634,email-archiver,emailReadImap,readWriteFile,1.0
17635,rss-alert,rssFeedTrigger,slack,1.0
17636,form-to-endpoint,webhook,httpRequest,1.0
17637,morning-metrics,scheduleTrigger,googleSheets,1.0
17638,email-archiver,emailReadImap,googleSheets,0.5
17639,rss-alert,rssFeedTrigger,slack,1.0
17640,form-to-endpoint,webhook,httpRequest,1.0
17641,morning-metrics,webhook,googleSheets,0.5
17642,email-archiver,emailReadImap,readWriteFile,1.0
17643,rss-alert,rssFeedTrigger,slack,1.0
17644,form-to-endpoint,emailReadImap,httpRequest,0.5
17645,morning-metrics,scheduleTrigger,googleSheets,1.0
17646,email-archiver,webhook,readWriteFile,0.5
17647,rss-alert,emailReadImap,slack,0.5
17648,form-to-endpoint,webhook,httpRequest,1.0
17649,morning-metrics,webhook,googleSheets,0.5
17650,email-archiver,emailReadImap,httpRequest,0.5
17651,rss-alert,rssFeedTrigger,slack,1.0
17652,form-to-endpoint,webhook,httpRequest,1.0
17653,morning-metrics,scheduleTrigger,googleSheets,1.0
17654,email-archiver,emailReadImap,readWriteFile,1.0
17655,rss-alert,rssFeedTrigger,googleSheets,0.5
17656,form-to-endpoint,webhook,httpRequest,1.0
17657,morning-metrics,scheduleTrigger,googleSheets,1.0
17658,email-archiver,emailReadImap,readWriteFile,1.0
17659,rss-alert,rssFeedTrigger,slack,1.0
17660,form-to-endpoint,webhook,httpRequest,1.0
17661,morning-metrics,scheduleTrigger,googleSheets,1.0
17662,email-archiver,emailReadImap,readWriteFile,1.0
17663,rss-alert,rssFeedTrigger,slack,1.0
17664,form-to-endpoint,webhook,httpRequest,1.0
17665,morning-metrics,scheduleTrigger,googleSheets,1.0
17666,email-archiver,emailReadImap,readWriteFile,1.0
17667,rss-alert,rssFeedTrigger,slack,1.0
17668,form-to-endpoint,emailReadImap,httpRequest,0.5
17669,morning-metrics,scheduleTrigger,googleSheets,1.0
17670,email-archiver,emailReadImap,readWriteFile,1.0
17671,rss-alert,rssFeedTrigger,readWriteFile,0.5
17672,form-to-endpoint,rssFeedTrigger,httpRequest,0.5
17673,morning-metrics,scheduleTrigger,googleSheets,1.0
17674,email-archiver,webhook,readWriteFile,0.5
17675,rss-alert,rssFeedTrigger,slack,1.0
17676,form-to-endpoint,webhook,httpRequest,1.0
17677,morning-metrics,scheduleTrigger,googleSheets,1.0
17678,email-archiver,emailReadImap,readWriteFile,1.0
17679,rss-alert,rssFeedTrigger,slack,1.0
17680,form-to-endpoint,webhook,httpRequest,1.0
17681,morning-metrics,scheduleTrigger,googleSheets,1.0
17682,email-archiver,emailReadImap,readWriteFile,1.0
17683,rss-alert,rssFeedTrigger,googleSheets,0.5
17684,form-to-endpoint,webhook,httpRequest,1.0
17685,morning-metrics,scheduleTrigger,googleSheets,1.0
17686,email-archiver,emailReadImap,readWriteFile,1.0
17687,rss-alert,rssFeedTrigger,slack,1.0
17688,form-to-endpoint,webhook,httpRequest,1.0
17689,morning-metrics,scheduleTrigger,googleSheets,1.0
17690,email-archiver,emailReadImap,readWriteFile,1.0
17691,rss-alert,rssFeedTrigger,slack,1.0
17692,form-to-endpoint,webhook,httpRequest,1.0
17693,morning-metrics,scheduleTrigger,readWriteFile,0.5
17694,email-archiver,emailReadImap,readWriteFile,1.0
17695,rss-alert,rssFeedTrigger,slack,1.0
17696,form-to-endpoint,webhook,googleSheets,0.5
17697,morning-metrics,emailReadImap,googleSheets,0.5
17698,email-archiver,emailReadImap,readWriteFile,1.0
17699,rss-alert,rssFeedTrigger,slack,1.0
17700,form-to-endpoint,scheduleTrigger,httpRequest,0.5
17701,morning-metrics,scheduleTrigger,googleSheets,1.0
17702,email-archiver,emailReadImap,readWriteFile,1.0
17703,rss-alert,rssFeedTrigger,slack,1.0
17704,form-to-endpoint,webhook,httpRequest,1.0
17705,morning-metrics,scheduleTrigger,googleSheets,1.0
17706,email-archiver,emailReadImap,readWriteFile,1.0
17707,rss-alert,rssFeedTrigger,slack,1.0
17708,form-to-endpoint,webhook,httpRequest,1.0
17709,morning-metrics,scheduleTrigger,googleSheets,1.0
17710,email-archiver,emailReadImap,readWriteFile,1.0
17711,rss-alert,rssFeedTrigger,slack,1.0
17712,form-to-endpoint,webhook,httpRequest,1.0
17713,morning-metrics,scheduleTrigger,googleSheets,1.0
17714,email-archiver,emailReadImap,readWriteFile,1.0
17715,rss-alert,rssFeedTrigger,slack,1.0
17716,form-to-endpoint,webhook,httpRequest,1.0
17717,morning-metrics,scheduleTrigger,googleSheets,1.0
17718,email-archiver,emailReadImap,slack,0.5
17719,rss-alert,rssFeedTrigger,googleSheets,0.5
17720,form-to-endpoint,webhook,httpRequest,1.0
17721,morning-metrics,scheduleTrigger,googleSheets,1.0
17722,email-archiver,scheduleTrigger,readWriteFile,0.5
17723,rss-alert,rssFeedTrigger,slack,1.0
17724,form-to-endpoint,webhook,httpRequest,1.0
17725,morning-metrics,scheduleTrigger,googleSheets,1.0
17726,email-archiver,emailReadImap,httpRequest,0.5
17727,rss-alert,rssFeedTrigger,slack,1.0
17728,form-to-endpoint,webhook,httpRequest,1.0
17729,morning-metrics,scheduleTrigger,googleSheets,1.0
17730,email-archiver,emailReadImap,readWriteFile,1.0
17731,rss-alert,rssFeedTrigger,slack,1.0
17732,form-to-endpoint,webhook,httpRequest,1.0
17733,morning-metrics,scheduleTrigger,googleSheets,1.0
17734,email-archiver,emailReadImap,readWriteFile,1.0
17735,rss-alert,rssFeedTrigger,slack,1.0
17736,form-to-endpoint,webhook,httpRequest,1.0
17737,morning-metrics,rssFeedTrigger,googleSheets,0.5
17738,email-archiver,emailReadImap,readWriteFile,1.0
17739,rss-alert,rssFeedTrigger,slack,1.0
17740,form-to-endpoint,webhook,httpRequest,1.0
17741,morning-metrics,scheduleTrigger,slack,0.5
17742,email-archiver,emailReadImap,readWriteFile,1.0
17743,rss-alert,rssFeedTrigger,slack,1.0
17744,form-to-endpoint,webhook,httpRequest,1.0
17745,morning-metrics,scheduleTrigger,googleSheets,1.0
17746,email-archiver,emailReadImap,readWriteFile,1.0
17747,rss-alert,rssFeedTrigger,slack,1.0
17748,form-to-endpoint,webhook,httpRequest,1.0
17749,morning-metrics,scheduleTrigger,googleSheets,1.0
17750,email-archiver,emailReadImap,readWriteFile,1.0
17751,rss-alert,rssFeedTrigger,slack,1.0
17752,form-to-endpoint,webhook,httpRequest,1.0
17753,morning-metrics,scheduleTrigger,httpRequest,0.5
17754,email-archiver,emailReadImap,readWriteFile,1.0
17755,rss-alert,rssFeedTrigger,slack,1.0
17756,form-to-endpoint,webhook,httpRequest,1.0
17757,morning-metrics,scheduleTrigger,googleSheets,1.0
17758,email-archiver,emailReadImap,readWriteFile,1.0
17759,rss-alert,rssFeedTrigger,slack,1.0
17760,form-to-endpoint,webhook,httpRequest,1.0
17761,morning-metrics,scheduleTrigger,googleSheets,1.0
17762,email-archiver,emailReadImap,readWriteFile,1.0
17763,rss-alert,rssFeedTrigger,slack,1.0
17764,form-to-endpoint,webhook,httpRequest,1.0
17765,morning-metrics,scheduleTrigger,readWriteFile,0.5
17766,email-archiver,emailReadImap,readWriteFile,1.0
17767,rss-alert,rssFeedTrigger,readWriteFile,0.5
17768,form-to-endpoint,webhook,httpRequest,1.0
17769,morning-metrics,emailReadImap,slack,0.0
17770,email-archiver,emailReadImap,readWriteFile,1.0
17771,rss-alert,rssFeedTrigger,slack,1.0
17772,form-to-endpoint,webhook,httpRequest,1.0
17773,morning-metrics,scheduleTrigger,googleSheets,1.0
17774,email-archiver,emailReadImap,readWriteFile,1.0
17775,rss-alert,rssFeedTrigger,slack,1.0
17776,form-to-endpoint,webhook,httpRequest,1.0
17777,morning-metrics,scheduleTrigger,googleSheets,1.0
17778,email-archiver,emailReadImap,readWriteFile,1.0
17779,rss-alert,scheduleTrigger,slack,0.5
17780,form-to-endpoint,webhook,httpRequest,1.0
17781,morning-metrics,scheduleTrigger,googleSheets,1.0
17782,email-archiver,emailReadImap,readWriteFile,1.0
17783,rss-alert,rssFeedTrigger,slack,1.0
17784,form-to-endpoint,webhook,httpRequest,1.0
17785,morning-metrics,scheduleTrigger,googleSheets,1.0
17786,email-archiver,emailReadImap,readWriteFile,1.0
17787,rss-alert,rssFeedTrigger,slack,1.0
17788,form-to-endpoint,emailReadImap,httpRequest,0.5
17789,morning-metrics,scheduleTrigger,googleSheets,1.0
17790,email-archiver,emailReadImap,googleSheets,0.5
17791,rss-alert,rssFeedTrigger,slack,1.0
17792,form-to-endpoint,webhook,httpRequest,1.0
17793,morning-metrics,scheduleTrigger,googleSheets,1.0
17794,email-archiver,emailReadImap,readWriteFile,1.0
17795,rss-alert,rssFeedTrigger,slack,1.0
17796,form-to-endpoint,webhook,googleSheets,0.5
17797,morning-metrics,scheduleTrigger,googleSheets,1.0
17798,email-archiver,emailReadImap,readWriteFile,1.0
17799,rss-alert,rssFeedTrigger,slack,1.0
17800,form-to-endpoint,webhook,httpRequest,1.0
17801,morning-metrics,scheduleTrigger,googleSheets,1.0
17802,email-archiver,emailReadImap,readWriteFile,1.0
17803,rss-alert,rssFeedTrigger,slack,1.0
17804,form-to-endpoint,webhook,httpRequest,1.0
17805,morning-metrics,scheduleTrigger,googleSheets,1.0
17806,email-archiver,emailReadImap,readWriteFile,1.0
17807,rss-alert,webhook,slack,0.5
17808,form-to-endpoint,webhook,httpRequest,1.0
17809,morning-metrics,scheduleTrigger,googleSheets,1.0
17810,email-archiver,emailReadImap,readWriteFile,1.0
17811,rss-alert,rssFeedTrigger,slack,1.0
17812,form-to-endpoint,webhook,googleSheets,0.5
17813,morning-metrics,scheduleTrigger,googleSheets,1.0
17814,email-archiver,emailReadImap,readWriteFile,1.0
17815,rss-alert,rssFeedTrigger,slack,1.0
17816,form-to-endpoint,webhook,httpRequest,1.0
17817,morning-metrics,scheduleTrigger,googleSheets,1.0
17818,email-archiver,emailReadImap,readWriteFile,1.0
17819,rss-alert,rssFeedTrigger,slack,1.0
17820,form-to-endpoint,webhook,httpRequest,1.0
17821,morning-metrics,scheduleTrigger,googleSheets,1.0
17822,email-archiver,emailReadImap,readWriteFile,1.0
17823,rss-alert,rssFeedTrigger,slack,1.0
17824,form-to-endpoint,webhook,httpRequest,1.0
17825,morning-metrics,scheduleTrigger,googleSheets,1.0
17826,email-archiver,emailReadImap,readWriteFile,1.0
17827,rss-alert,rssFeedTrigger,slack,1.0
17828,form-to-endpoint,webhook,httpRequest,1.0
17829,morning-metrics,scheduleTrigger,googleSheets,1.0
17830,email-archiver,emailReadImap,readWriteFile,1.0
17831,rss-alert,rssFeedTrigger,slack,1.0
17832,form-to-endpoint,webhook,httpRequest,1.0
17833,morning-metrics,scheduleTrigger,googleSheets,1.0
17834,email-archiver,emailReadImap,readWriteFile,1.0
17835,rss-alert,rssFeedTrigger,slack,1.0
17836,form-to-endpoint,webhook,httpRequest,1.0
17837,morning-metrics,scheduleTrigger,googleSheets,1.0
17838,email-archiver,emailReadImap,readWriteFile,1.0
17839,rss-alert,rssFeedTrigger,slack,1.0
17840,form-to-endpoint,webhook,httpRequest,1.0
17841,morning-metrics,scheduleTrigger,googleSheets,1.0
17842,email-archiver,emailReadImap,readWriteFile,1.0
17843,rss-alert,rssFeedTrigger,slack,1.0
17844,form-to-endpoint,webhook,httpRequest,1.0
17845,morning-metrics,scheduleTrigger,googleSheets,1.0
17846,email-archiver,emailReadImap,slack,0.5
17847,rss-alert,rssFeedTrigger,slack,1.0
17848,form-to-endpoint,webhook,httpRequest,1.0
17849,morning-metrics,scheduleTrigger,googleSheets,1.0
17850,email-archiver,emailReadImap,readWriteFile,1.0
17851,rss-alert,rssFeedTrigger,slack,1.0
17852,form-to-endpoint,webhook,googleSheets,0.5
17853,morning-metrics,scheduleTrigger,googleSheets,1.0
17854,email-archiver,emailReadImap,readWriteFile,1.0
17855,rss-alert,rssFeedTrigger,slack,1.0
17856,form-to-endpoint,webhook,httpRequest,1.0
17857,morning-metrics,scheduleTrigger,googleSheets,1.0
17858,email-archiver,emailReadImap,slack,0.5
17859,rss-alert,rssFeedTrigger,slack,1.0
17860,form-to-endpoint,webhook,httpRequest,1.0
17861,morning-metrics,scheduleTrigger,googleSheets,1.0
17862,email-archiver,emailReadImap,readWriteFile,1.0
17863,rss-alert,rssFeedTrigger,slack,1.0
17864,form-to-endpoint,webhook,httpRequest,1.0
17865,morning-metrics,scheduleTrigger,googleSheets,1.0
17866,email-archiver,emailReadImap,readWriteFile,1.0
17867,rss-alert,rssFeedTrigger,slack,1.0
17868,form-to-endpoint,webhook,httpRequest,1.0
17869,morning-metrics,scheduleTrigger,googleSheets,1.0
17870,email-archiver,emailReadImap,readWriteFile,1.0
17871,rss-alert,scheduleTrigger,slack,0.5
17872,form-to-endpoint,scheduleTrigger,httpRequest,0.5
17873,morning-metrics,scheduleTrigger,googleSheets,1.0
17874,email-archiver,emailReadImap,readWriteFile,1.0
17875,rss-alert,rssFeedTrigger,slack,1.0
17876,form-to-endpoint,webhook,slack,0.5
17877,morning-metrics,scheduleTrigger,readWriteFile,0.5
17878,email-archiver,emailReadImap,readWriteFile,1.0
17879,rss-alert,rssFeedTrigger,slack,1.0
17880,form-to-endpoint,scheduleTrigger,httpRequest,0.5
17881,morning-metrics,scheduleTrigger,googleSheets,1.0
17882,email-archiver,emailReadImap,readWriteFile,1.0
17883,rss-alert,rssFeedTrigger,slack,1.0
17884,form-to-endpoint,webhook,httpRequest,1.0
17885,morning-metrics,emailReadImap,googleSheets,0.5
17886,email-archiver,emailReadImap,readWriteFile,1.0
17887,rss-alert,rssFeedTrigger,slack,1.0
17888,form-to-endpoint,webhook,httpRequest,1.0
17889,morning-metrics,scheduleTrigger,googleSheets,1.0
17890,email-archiver,emailReadImap,readWriteFile,1.0
17891,rss-alert,rssFeedTrigger,slack,1.0
17892,form-to-endpoint,webhook,httpRequest,1.0
17893,morning-metrics,scheduleTrigger,googleSheets,1.0
17894,email-archiver,rssFeedTrigger,readWriteFile,0.5
17895,rss-alert,rssFeedTrigger,googleSheets,0.5
17896,form-to-endpoint,webhook,httpRequest,1.0
17897,morning-metrics,scheduleTrigger,googleSheets,1.0
17898,email-archiver,emailReadImap,readWriteFile,1.0
17899,rss-alert,rssFeedTrigger,slack,1.0
17900,form-to-endpoint,webhook,httpRequest,1.0
17901,morning-metrics,scheduleTrigger,googleSheets,1.0
17902,email-archiver,emailReadImap,readWriteFile,1.0
17903,rss-alert,rssFeedTrigger,slack,1.0
17904,form-to-endpoint,emailReadImap,httpRequest,0.5
17905,morning-metrics,scheduleTrigger,googleSheets,1.0
17906,email-archiver,emailReadImap,readWriteFile,1.0
17907,rss-alert,rssFeedTrigger,slack,1.0
17908,form-to-endpoint,webhook,httpRequest,1.0
17909,morning-metrics,emailReadImap,googleSheets,0.5
17910,email-archiver,emailReadImap,readWriteFile,1.0
17911,rss-alert,rssFeedTrigger,slack,1.0
17912,form-to-endpoint,webhook,httpRequest,1.0
17913,morning-metrics,scheduleTrigger,googleSheets,1.0
17914,email-archiver,emailReadImap,readWriteFile,1.0
17915,rss-alert,rssFeedTrigger,slack,1.0
17916,form-to-endpoint,webhook,httpRequest,1.0
17917,morning-metrics,scheduleTrigger,googleSheets,1.0
17918,email-archiver,emailReadImap,readWriteFile,1.0
17919,rss-alert,rssFeedTrigger,slack,1.0
17920,form-to-endpoint,webhook,readWriteFile,0.5
17921,morning-metrics,scheduleTrigger,googleSheets,1.0
17922,email-archiver,emailReadImap,readWriteFile,1.0
17923,rss-alert,rssFeedTrigger,slack,1.0
17924,form-to-endpoint,webhook,httpRequest,1.0
17925,morning-metrics,scheduleTrigger,googleSheets,1.0
17926,email-archiver,emailReadImap,readWriteFile,1.0
17927,rss-alert,rssFeedTrigger,slack,1.0
17928,form-to-endpoint,webhook,slack,0.5
17929,morning-metrics,emailReadImap,googleSheets,0.5
17930,email-archiver,emailReadImap,readWriteFile,1.0
17931,rss-alert,rssFeedTrigger,slack,1.0
17932,form-to-endpoint,webhook,httpRequest,1.0
17933,morning-metrics,scheduleTrigger,googleSheets,1.0
17934,email-archiver,emailReadImap,readWriteFile,1.0
17935,rss-alert,rssFeedTrigger,slack,1.0
17936,form-to-endpoint,webhook,httpRequest,1.0
17937,morning-metrics,scheduleTrigger,googleSheets,1.0
17938,email-archiver,emailReadImap,readWriteFile,1.0
17939,rss-alert,webhook,slack,0.5
17940,form-to-endpoint,webhook,httpRequest,1.0
17941,morning-metrics,scheduleTrigger,googleSheets,1.0
17942,email-archiver,emailReadImap,slack,0.5
17943,rss-alert,rssFeedTrigger,slack,1.0
17944,form-to-endpoint,webhook,httpRequest,1.0
17945,morning-metrics,scheduleTrigger,googleSheets,1.0
17946,email-archiver,emailReadImap,readWriteFile,1.0
17947,rss-alert,rssFeedTrigger,slack,1.0
17948,form-to-endpoint,webhook,httpRequest,1.0
17949,morning-metrics,scheduleTrigger,googleSheets,1.0
17950,email-archiver,emailReadImap,readWriteFile,1.0
17951,rss-alert,rssFeedTrigger,slack,1.0
17952,form-to-endpoint,webhook,httpRequest,1.0
17953,morning-metrics,scheduleTrigger,googleSheets,1.0
17954,email-archiver,emailReadImap,readWriteFile,1.0
17955,rss-alert,webhook,slack,0.5
17956,form-to-endpoint,webhook,httpRequest,1.0
17957,morning-metrics,scheduleTrigger,googleSheets,1.0
17958,email-archiver,emailReadImap,readWriteFile,1.0
17959,rss-alert,rssFeedTrigger,slack,1.0
17960,form-to-endpoint,webhook,httpRequest,1.0
17961,morning-metrics,scheduleTrigger,googleSheets,1.0
17962,email-archiver,emailReadImap,readWriteFile,1.0
17963,rss-alert,rssFeedTrigger,slack,1.0
17964,form-to-endpoint,webhook,httpRequest,1.0
17965,morning-metrics,emailReadImap,googleSheets,0.5
17966,email-archiver,emailReadImap,readWriteFile,1.0
17967,rss-alert,rssFeedTrigger,slack,1.0
17968,form-to-endpoint,webhook,httpRequest,1.0
17969,morning-metrics,scheduleTrigger,googleSheets,1.0
17970,email-archiver,emailReadImap,readWriteFile,1.0
17971,rss-alert,rssFeedTrigger,httpRequest,0.5
17972,form-to-endpoint,webhook,httpRequest,1.0
17973,morning-metrics,scheduleTrigger,slack,0.5
17974,email-archiver,emailReadImap,readWriteFile,1.0
17975,rss-alert,rssFeedTrigger,slack,1.0
17976,form-to-endpoint,scheduleTrigger,httpRequest,0.5
17977,morning-metrics,scheduleTrigger,googleSheets,1.0
17978,email-archiver,emailReadImap,readWriteFile,1.0
17979,rss-alert,emailReadImap,slack,0.5
17980,form-to-endpoint,webhook,httpRequest,1.0
17981,morning-metrics,scheduleTrigger,googleSheets,1.0
17982,email-archiver,emailReadImap,readWriteFile,1.0
17983,rss-alert,rssFeedTrigger,slack,1.0
17984,form-to-endpoint,webhook,httpRequest,1.0
17985,morning-metrics,scheduleTrigger,googleSheets,1.0
17986,email-archiver,emailReadImap,readWriteFile,1.0
17987,rss-alert,rssFeedTrigger,slack,1.0
17988,form-to-endpoint,webhook,httpRequest,1.0
17989,morning-metrics,scheduleTrigger,googleSheets,1.0
17990,email-archiver,emailReadImap,readWriteFile,1.0
17991,rss-alert,rssFeedTrigger,slack,1.0
17992,form-to-endpoint,webhook,httpRequest,1.0
17993,morning-metrics,scheduleTrigger,googleSheets,1.0
17994,email-archiver,emailReadImap,readWriteFile,1.0
17995,rss-alert,rssFeedTrigger,slack,1.0
17996,form-to-endpoint,scheduleTrigger,googleSheets,0.0
17997,morning-metrics,scheduleTrigger,googleSheets,1.0
17998,email-archiver,emailReadImap,readWriteFile,1.0
17999,rss-alert,rssFeedTrigger,slack,1.0
18000,form-to-endpoint,webhook,httpRequest,1.0
18001,morning-metrics,scheduleTrigger,googleSheets,1.0
18002,email-archiver,emailReadImap,readWriteFile,1.0
18003,rss-alert,scheduleTrigger,slack,0.5
18004,form-to-endpoint,webhook,httpRequest,1.0
18005,morning-metrics,scheduleTrigger,slack,0.5
18006,email-archiver,emailReadImap,readWriteFile,1.0
18007,rss-alert,rssFeedTrigger,slack,1.0
18008,form-to-endpoint,webhook,httpRequest,1.0
18009,morning-metrics,scheduleTrigger,googleSheets,1.0
18010,email-archiver,emailReadImap,readWriteFile,1.0
18011,rss-alert,rssFeedTrigger,slack,1.0
18012,form-to-endpoint,webhook,httpRequest,1.0
18013,morning-metrics,scheduleTrigger,googleSheets,1.0
18014,email-archiver,emailReadImap,readWriteFile,1.0
18015,rss-alert,rssFeedTrigger,readWriteFile,0.5
18016,form-to-endpoint,webhook,httpRequest,1.0
18017,morning-metrics,scheduleTrigger,googleSheets,1.0
18018,email-archiver,scheduleTrigger,readWriteFile,0.5
18019,rss-alert,rssFeedTrigger,googleSheets,0.5
18020,form-to-endpoint,webhook,httpRequest,1.0
18021,morning-metrics,scheduleTrigger,googleSheets,1.0
18022,email-archiver,emailReadImap,readWriteFile,1.0
18023,rss-alert,rssFeedTrigger,slack,1.0
18024,form-to-endpoint,webhook,httpRequest,1.0
18025,morning-metrics,scheduleTrigger,googleSheets,1.0
18026,email-archiver,emailReadImap,readWriteFile,1.0
18027,rss-alert,rssFeedTrigger,slack,1.0
18028,form-to-endpoint,webhook,httpRequest,1.0
18029,morning-metrics,scheduleTrigger,googleSheets,1.0
18030,email-archiver,emailReadImap,readWriteFile,1.0
18031,rss-alert,rssFeedTrigger,slack,1.0
18032,form-to-endpoint,webhook,httpRequest,1.0
18033,morning-metrics,scheduleTrigger,googleSheets,1.0
18034,email-archiver,emailReadImap,readWriteFile,1.0
18035,rss-alert,rssFeedTrigger,slack,1.0
18036,form-to-endpoint,webhook,httpRequest,1.0
18037,morning-metrics,scheduleTrigger,googleSheets,1.0
18038,email-archiver,rssFeedTrigger,readWriteFile,0.5
18039,rss-alert,rssFeedTrigger,slack,1.0
18040,form-to-endpoint,webhook,httpRequest,1.0
18041,morning-metrics,scheduleTrigger,googleSheets,1.0
18042,email-archiver,emailReadImap,readWriteFile,1.0
18043,rss-alert,rssFeedTrigger,slack,1.0
18044,form-to-endpoint,webhook,slack,0.5
18045,morning-metrics,scheduleTrigger,googleSheets,1.0
18046,email-archiver,emailReadImap,readWriteFile,1.0
18047,rss-alert,rssFeedTrigger,readWriteFile,0.5
18048,form-to-endpoint,webhook,httpRequest,1.0
18049,morning-metrics,scheduleTrigger,googleSheets,1.0
18050,email-archiver,emailReadImap,readWriteFile,1.0
18051,rss-alert,rssFeedTrigger,slack,1.0
18052,form-to-endpoint,webhook,httpRequest,1.0
18053,morning-metrics,scheduleTrigger,googleSheets,1.0
18054,email-archiver,emailReadImap,readWriteFile,1.0
18055,rss-alert,rssFeedTrigger,slack,1.0
18056,form-to-endpoint,webhook,httpRequest,1.0
18057,morning-metrics,scheduleTrigger,googleSheets,1.0
18058,email-archiver,emailReadImap,readWriteFile,1.0
18059,rss-alert,rssFeedTrigger,slack,1.0
18060,form-to-endpoint,webhook,readWriteFile,0.5
18061,morning-metrics,scheduleTrigger,googleSheets,1.0
18062,email-archiver,emailReadImap,googleSheets,0.5
18063,rss-alert,rssFeedTrigger,slack,1.0
18064,form-to-endpoint,webhook,httpRequest,1.0
18065,morning-metrics,scheduleTrigger,googleSheets,1.0
18066,email-archiver,emailReadImap,httpRequest,0.5
18067,rss-alert,rssFeedTrigger,slack,1.0
18068,form-to-endpoint,webhook,httpRequest,1.0
18069,morning-metrics,scheduleTrigger,googleSheets,1.0
18070,email-archiver,emailReadImap,readWriteFile,1.0
18071,rss-alert,rssFeedTrigger,slack,1.0
18072,form-to-endpoint,webhook,httpRequest,1.0
18073,morning-metrics,scheduleTrigger,googleSheets,1.0
18074,email-archiver,emailReadImap,readWriteFile,1.0
18075,rss-alert,rssFeedTrigger,slack,1.0
18076,form-to-endpoint,scheduleTrigger,httpRequest,0.5
18077,morning-metrics,scheduleTrigger,googleSheets,1.0
18078,email-archiver,emailReadImap,readWriteFile,1.0
18079,rss-alert,rssFeedTrigger,slack,1.0
18080,form-to-endpoint,webhook,httpRequest,1.0
18081,morning-metrics,webhook,googleSheets,0.5
18082,email-archiver,emailReadImap,readWriteFile,1.0
18083,rss-alert,rssFeedTrigger,slack,1.0
18084,form-to-endpoint,webhook,googleSheets,0.5
18085,morning-metrics,scheduleTrigger,googleSheets,1.0
18086,email-archiver,emailReadImap,readWriteFile,1.0
18087,rss-alert,rssFeedTrigger,slack,1.0
18088,form-to-endpoint,webhook,httpRequest,1.0
18089,morning-metrics,scheduleTrigger,googleSheets,1.0
18090,email-archiver,emailReadImap,readWriteFile,1.0
18091,rss-alert,rssFeedTrigger,httpRequest,0.5
18092,form-to-endpoint,scheduleTrigger,slack,0.0
18093,morning-metrics,scheduleTrigger,googleSheets,1.0
18094,email-archiver,emailReadImap,readWriteFile,1.0
18095,rss-alert,emailReadImap,slack,0.5
18096,form-to-endpoint,webhook,httpRequest,1.0
18097,morning-metrics,scheduleTrigger,googleSheets,1.0
18098,email-archiver,emailReadImap,readWriteFile,1.0
18099,rss-alert,rssFeedTrigger,slack,1.0
18100,form-to-endpoint,webhook,httpRequest,1.0
18101,morning-metrics,scheduleTrigger,googleSheets,1.0
18102,email-archiver,emailReadImap,readWriteFile,1.0
18103,rss-alert,rssFeedTrigger,slack,1.0
18104,form-to-endpoint,webhook,httpRequest,1.0
18105,morning-metrics,scheduleTrigger,googleSheets,1.0
18106,email-archiver,emailReadImap,readWriteFile,1.0
18107,rss-alert,rssFeedTrigger,httpRequest,0.5
18108,form-to-endpoint,webhook,httpRequest,1.0
18109,morning-metrics,scheduleTrigger,googleSheets,1.0
18110,email-archiver,emailReadImap,readWriteFile,1.0
18111,rss-alert,rssFeedTrigger,slack,1.0
18112,form-to-endpoint,webhook,httpRequest,1.0
18113,morning-metrics,scheduleTrigger,googleSheets,1.0
18114,email-archiver,emailReadImap,readWriteFile,1.0
18115,rss-alert,rssFeedTrigger,slack,1.0
18116,form-to-endpoint,rssFeedTrigger,httpRequest,0.5
18117,morning-metrics,scheduleTrigger,googleSheets,1.0
18118,email-archiver,emailReadImap,readWriteFile,1.0
18119,rss-alert,rssFeedTrigger,slack,1.0
18120,form-to-endpoint,webhook,httpRequest,1.0
18121,morning-metrics,scheduleTrigger,googleSheets,1.0
18122,email-archiver,webhook,readWriteFile,0.5
18123,rss-alert,rssFeedTrigger,slack,1.0
18124,form-to-endpoint,webhook,httpRequest,1.0
18125,morning-metrics,scheduleTrigger,googleSheets,1.0
18126,email-archiver,emailReadImap,readWriteFile,1.0
18127,rss-alert,rssFeedTrigger,slack,1.0
18128,form-to-endpoint,scheduleTrigger,httpRequest,0.5
18129,morning-metrics,scheduleTrigger,googleSheets,1.0
18130,email-archiver,emailReadImap,readWriteFile,1.0
18131,rss-alert,rssFeedTrigger,slack,1.0
18132,form-to-endpoint,webhook,httpRequest,1.0
18133,morning-metrics,scheduleTrigger,googleSheets,1.0
18134,email-archiver,emailReadImap,readWriteFile,1.0
18135,rss-alert,rssFeedTrigger,slack,1.0
18136,form-to-endpoint,webhook,googleSheets,0.5
18137,morning-metrics,scheduleTrigger,googleSheets,1.0
18138,email-archiver,emailReadImap,readWriteFile,1.0
18139,rss-alert,rssFeedTrigger,slack,1.0
18140,form-to-endpoint,webhook,httpRequest,1.0
18141,morning-metrics,scheduleTrigger,googleSheets,1.0
18142,email-archiver,emailReadImap,readWriteFile,1.0
18143,rss-alert,rssFeedTrigger,slack,1.0
18144,form-to-endpoint,webhook,readWriteFile,0.5
18145,morning-metrics,scheduleTrigger,googleSheets,1.0
18146,email-archiver,emailReadImap,readWriteFile,1.0
18147,rss-alert,rssFeedTrigger,slack,1.0
18148,form-to-endpoint,webhook,httpRequest,1.0
18149,morning-metrics,scheduleTrigger,readWriteFile,0.5
18150,email-archiver,emailReadImap,readWriteFile,1.0
18151,rss-alert,rssFeedTrigger,slack,1.0
18152,form-to-endpoint,webhook,httpRequest,1.0
18153,morning-metrics,scheduleTrigger,googleSheets,1.0
18154,email-archiver,emailReadImap,readWriteFile,1.0
18155,rss-alert,rssFeedTrigger,slack,1.0
18156,form-to-endpoint,webhook,httpRequest,1.0
18157,morning-metrics,scheduleTrigger,googleSheets,1.0
18158,email-archiver,emailReadImap,readWriteFile,1.0
18159,rss-alert,rssFeedTrigger,slack,1.0
18160,form-to-endpoint,webhook,httpRequest,1.0
18161,morning-metrics,scheduleTrigger,googleSheets,1.0
18162,email-archiver,emailReadImap,readWriteFile,1.0
18163,rss-alert,rssFeedTrigger,slack,1.0
18164,form-to-endpoint,scheduleTrigger,httpRequest,0.5
18165,morning-metrics,scheduleTrigger,googleSheets,1.0
18166,email-archiver,emailReadImap,readWriteFile,1.0
18167,rss-alert,rssFeedTrigger,slack,1.0
18168,form-to-endpoint,webhook,httpRequest,1.0
18169,morning-metrics,scheduleTrigger,httpRequest,0.5
18170,email-archiver,emailReadImap,googleSheets,0.5
18171,rss-alert,rssFeedTrigger,slack,1.0
18172,form-to-endpoint,webhook,httpRequest,1.0
18173,morning-metrics,scheduleTrigger,googleSheets,1.0
18174,email-archiver,emailReadImap,readWriteFile,1.0
18175,rss-alert,rssFeedTrigger,googleSheets,0.5
18176,form-to-endpoint,webhook,httpRequest,1.0
18177,morning-metrics,scheduleTrigger,readWriteFile,0.5
18178,email-archiver,emailReadImap,readWriteFile,1.0
18179,rss-alert,webhook,slack,0.5
18180,form-to-endpoint,rssFeedTrigger,httpRequest,0.5
18181,morning-metrics,scheduleTrigger,googleSheets,1.0
18182,email-archiver,emailReadImap,readWriteFile,1.0
18183,rss-alert,emailReadImap,slack,0.5
18184,form-to-endpoint,emailReadImap,slack,0.0
18185,morning-metrics,scheduleTrigger,googleSheets,1.0
18186,email-archiver,emailReadImap,readWriteFile,1.0
18187,rss-alert,rssFeedTrigger,slack,1.0
18188,form-to-endpoint,scheduleTrigger,httpRequest,0.5
18189,morning-metrics,scheduleTrigger,googleSheets,1.0
18190,email-archiver,emailReadImap,readWriteFile,1.0
18191,rss-alert,rssFeedTrigger,slack,1.0
18192,form-to-endpoint,scheduleTrigger,httpRequest,0.5
18193,morning-metrics,scheduleTrigger,googleSheets,1.0
18194,email-archiver,emailReadImap,readWriteFile,1.0
18195,rss-alert,rssFeedTrigger,googleSheets,0.5
18196,form-to-endpoint,webhook,httpRequest,1.0
18197,morning-metrics,scheduleTrigger,googleSheets,1.0
18198,email-archiver,emailReadImap,readWriteFile,1.0
18199,rss-alert,rssFeedTrigger,slack,1.0
18200,form-to-endpoint,webhook,httpRequest,1.0
18201,morning-metrics,scheduleTrigger,googleSheets,1.0
18202,email-archiver,emailReadImap,readWriteFile,1.0
18203,rss-alert,rssFeedTrigger,slack,1.0
18204,form-to-endpoint,webhook,httpRequest,1.0
18205,morning-metrics,scheduleTrigger,googleSheets,1.0
18206,email-archiver,emailReadImap,readWriteFile,1.0
18207,rss-alert,rssFeedTrigger,slack,1.0
18208,form-to-endpoint,webhook,httpRequest,1.0
18209,morning-metrics,scheduleTrigger,googleSheets,1.0
18210,email-archiver,emailReadImap,readWriteFile,1.0
18211,rss-alert,rssFeedTrigger,slack,1.0
18212,form-to-endpoint,emailReadImap,readWriteFile,0.0
18213,morning-metrics,scheduleTrigger,googleSheets,1.0
18214,email-archiver,emailReadImap,readWriteFile,1.0
18215,rss-alert,rssFeedTrigger,readWriteFile,0.5
18216,form-to-endpoint,webhook,httpRequest,1.0
18217,morning-metrics,scheduleTrigger,googleSheets,1.0
18218,email-archiver,emailReadImap,readWriteFile,1.0
18219,rss-alert,rssFeedTrigger,slack,1.0
18220,form-to-endpoint,webhook,httpRequest,1.0
18221,morning-metrics,scheduleTrigger,googleSheets,1.0
18222,email-archiver,emailReadImap,readWriteFile,1.0
18223,rss-alert,rssFeedTrigger,slack,1.0
18224,form-to-endpoint,webhook,httpRequest,1.0
18225,morning-metrics,scheduleTrigger,googleSheets,1.0
18226,email-archiver,emailReadImap,readWriteFile,1.0
18227,rss-alert,rssFeedTrigger,slack,1.0
18228,form-to-endpoint,webhook,googleSheets,0.5
18229,morning-metrics,scheduleTrigger,googleSheets,1.0
18230,email-archiver,emailReadImap,readWriteFile,1.0
18231,rss-alert,rssFeedTrigger,slack,1.0
18232,form-to-endpoint,webhook,httpRequest,1.0
18233,morning-metrics,scheduleTrigger,readWriteFile,0.5
18234,email-archiver,scheduleTrigger,readWriteFile,0.5
18235,rss-alert,rssFeedTrigger,slack,1.0
18236,form-to-endpoint,webhook,httpRequest,1.0
18237,morning-metrics,scheduleTrigger,httpRequest,0.5
18238,email-archiver,emailReadImap,readWriteFile,1.0
18239,rss-alert,rssFeedTrigger,slack,1.0
18240,form-to-endpoint,webhook,httpRequest,1.0
18241,morning-metrics,scheduleTrigger,googleSheets,1.0
18242,email-archiver,scheduleTrigger,readWriteFile,0.5
18243,rss-alert,rssFeedTrigger,slack,1.0
18244,form-to-endpoint,webhook,httpRequest,1.0
18245,morning-metrics,scheduleTrigger,googleSheets,1.0
18246,email-archiver,emailReadImap,slack,0.5
18247,rss-alert,rssFeedTrigger,httpRequest,0.5
18248,form-to-endpoint,webhook,httpRequest,1.0
18249,morning-metrics,scheduleTrigger,googleSheets,1.0
18250,email-archiver,rssFeedTrigger,readWriteFile,0.5
18251,rss-alert,rssFeedTrigger,slack,1.0
18252,form-to-endpoint,webhook,httpRequest,1.0
18253,morning-metrics,scheduleTrigger,googleSheets,1.0
18254,email-archiver,emailReadImap,readWriteFile,1.0
18255,rss-alert,rssFeedTrigger,slack,1.0
18256,form-to-endpoint,webhook,httpRequest,1.0
18257,morning-metrics,scheduleTrigger,googleSheets,1.0
18258,email-archiver,emailReadImap,readWriteFile,1.0
18259,rss-alert,rssFeedTrigger,googleSheets,0.5
18260,form-to-endpoint,webhook,httpRequest,1.0
18261,morning-metrics,scheduleTrigger,googleSheets,1.0
18262,email-archiver,emailReadImap,readWriteFile,1.0
18263,rss-alert,rssFeedTrigger,slack,1.0
18264,form-to-endpoint,webhook,httpRequest,1.0
18265,morning-metrics,scheduleTrigger,googleSheets,1.0
18266,email-archiver,emailReadImap,readWriteFile,1.0
18267,rss-alert,rssFeedTrigger,slack,1.0
18268,form-to-endpoint,webhook,httpRequest,1.0
18269,morning-metrics,scheduleTrigger,googleSheets,1.0
18270,email-archiver,emailReadImap,readWriteFile,1.0
18271,rss-alert,rssFeedTrigger,slack,1.0
18272,form-to-endpoint,webhook,httpRequest,1.0
18273,morning-metrics,scheduleTrigger,googleSheets,1.0
18274,email-archiver,emailReadImap,readWriteFile,1.0
18275,rss-alert,rssFeedTrigger,slack,1.0
18276,form-to-endpoint,webhook,slack,0.5
18277,morning-metrics,scheduleTrigger,googleSheets,1.0
18278,email-archiver,emailReadImap,readWriteFile,1.0
18279,rss-alert,webhook,slack,0.5
18280,form-to-endpoint,webhook,httpRequest,1.0
18281,morning-metrics,scheduleTrigger,googleSheets,1.0
18282,email-archiver,webhook,readWriteFile,0.5
18283,rss-alert,rssFeedTrigger,slack,1.0
18284,form-to-endpoint,webhook,httpRequest,1.0
18285,morning-metrics,scheduleTrigger,googleSheets,1.0
18286,email-archiver,emailReadImap,readWriteFile,1.0
18287,rss-alert,rssFeedTrigger,slack,1.0
18288,form-to-endpoint,rssFeedTrigger,httpRequest,0.5
18289,morning-metrics,scheduleTrigger,googleSheets,1.0
18290,email-archiver,emailReadImap,readWriteFile,1.0
18291,rss-alert,rssFeedTrigger,slack,1.0
18292,form-to-endpoint,webhook,httpRequest,1.0
18293,morning-metrics,scheduleTrigger,googleSheets,1.0
18294,email-archiver,emailReadImap,readWriteFile,1.0
18295,rss-alert,rssFeedTrigger,slack,1.0
18296,form-to-endpoint,webhook,httpRequest,1.0
18297,morning-metrics,emailReadImap,googleSheets,0.5
18298,email-archiver,emailReadImap,readWriteFile,1.0
18299,rss-alert,rssFeedTrigger,slack,1.0
18300,form-to-endpoint,webhook,httpRequest,1.0
18301,morning-metrics,scheduleTrigger,googleSheets,1.0
18302,email-archiver,emailReadImap,readWriteFile,1.0
18303,rss-alert,rssFeedTrigger,slack,1.0
18304,form-to-endpoint,webhook,httpRequest,1.0
18305,morning-metrics,scheduleTrigger,googleSheets,1.0
18306,email-archiver,emailReadImap,readWriteFile,1.0
18307,rss-alert,scheduleTrigger,slack,0.5
18308,form-to-endpoint,webhook,slack,0.5
18309,morning-metrics,scheduleTrigger,googleSheets,1.0
18310,email-archiver,emailReadImap,readWriteFile,1.0
18311,rss-alert,rssFeedTrigger,slack,1.0
18312,form-to-endpoint,scheduleTrigger,httpRequest,0.5
18313,morning-metrics,rssFeedTrigger,googleSheets,0.5
18314,email-archiver,emailReadImap,readWriteFile,1.0
18315,rss-alert,scheduleTrigger,slack,0.5
18316,form-to-endpoint,webhook,httpRequest,1.0
18317,morning-metrics,scheduleTrigger,googleSheets,1.0
18318,email-archiver,emailReadImap,readWriteFile,1.0
18319,rss-alert,rssFeedTrigger,slack,1.0
18320,form-to-endpoint,webhook,httpRequest,1.0
18321,morning-metrics,scheduleTrigger,googleSheets,1.0
18322,email-archiver,emailReadImap,readWriteFile,1.0
18323,rss-alert,rssFeedTrigger,slack,1.0
18324,form-to-endpoint,webhook,httpRequest,1.0
18325,morning-metrics,scheduleTrigger,googleSheets,1.0
18326,email-archiver,emailReadImap,readWriteFile,1.0
18327,rss-alert,rssFeedTrigger,slack,1.0
18328,form-to-endpoint,webhook,httpRequest,1.0
18329,morning-metrics,scheduleTrigger,slack,0.5
18330,email-archiver,emailReadImap,readWriteFile,1.0
18331,rss-alert,rssFeedTrigger,slack,1.0
18332,form-to-endpoint,webhook,httpRequest,1.0
18333,morning-metrics,scheduleTrigger,googleSheets,1.0
18334,email-archiver,emailReadImap,readWriteFile,1.0
18335,rss-alert,rssFeedTrigger,slack,1.0
18336,form-to-endpoint,webhook,httpRequest,1.0
18337,morning-metrics,scheduleTrigger,googleSheets,1.0
18338,email-archiver,emailReadImap,httpRequest,0.5
18339,rss-alert,rssFeedTrigger,slack,1.0
18340,form-to-endpoint,webhook,httpRequest,1.0
18341,morning-metrics,emailReadImap,googleSheets,0.5
18342,email-archiver,emailReadImap,readWriteFile,1.0
18343,rss-alert,rssFeedTrigger,slack,1.0
18344,form-to-endpoint,webhook,httpRequest,1.0
18345,morning-metrics,scheduleTrigger,googleSheets,1.0
18346,email-archiver,emailReadImap,readWriteFile,1.0
18347,rss-alert,rssFeedTrigger,slack,1.0
18348,form-to-endpoint,webhook,httpRequest,1.0
18349,morning-metrics,scheduleTrigger,googleSheets,1.0
18350,email-archiver,emailReadImap,readWriteFile,1.0
18351,rss-alert,rssFeedTrigger,slack,1.0
18352,form-to-endpoint,webhook,httpRequest,1.0
18353,morning-metrics,scheduleTrigger,googleSheets,1.0
18354,email-archiver,emailReadImap,readWriteFile,1.0
18355,rss-alert,rssFeedTrigger,slack,1.0
18356,form-to-endpoint,scheduleTrigger,httpRequest,0.5
18357,morning-metrics,scheduleTrigger,googleSheets,1.0
18358,email-archiver,emailReadImap,readWriteFile,1.0
18359,rss-alert,rssFeedTrigger,slack,1.0
18360,form-to-endpoint,webhook,httpRequest,1.0
18361,morning-metrics,scheduleTrigger,googleSheets,1.0
18362,email-archiver,emailReadImap,readWriteFile,1.0
18363,rss-alert,rssFeedTrigger,googleSheets,0.5
18364,form-to-endpoint,webhook,httpRequest,1.0
18365,morning-metrics,scheduleTrigger,googleSheets,1.0
18366,email-archiver,emailReadImap,readWriteFile,1.0
18367,rss-alert,rssFeedTrigger,slack,1.0
18368,form-to-endpoint,webhook,httpRequest,1.0
18369,morning-metrics,scheduleTrigger,googleSheets,1.0
18370,email-archiver,emailReadImap,readWriteFile,1.0
18371,rss-alert,rssFeedTrigger,slack,1.0
18372,form-to-endpoint,webhook,httpRequest,1.0
18373,morning-metrics,scheduleTrigger,slack,0.5
18374,email-archiver,emailReadImap,readWriteFile,1.0
18375,rss-alert,rssFeedTrigger,slack,1.0
18376,form-to-endpoint,webhook,httpRequest,1.0
18377,morning-metrics,scheduleTrigger,googleSheets,1.0
18378,email-archiver,emailReadImap,readWriteFile,1.0
18379,rss-alert,rssFeedTrigger,slack,1.0
18380,form-to-endpoint,webhook,httpRequest,1.0
18381,morning-metrics,rssFeedTrigger,slack,0.0
18382,email-archiver,emailReadImap,readWriteFile,1.0
18383,rss-alert,rssFeedTrigger,slack,1.0
18384,form-to-endpoint,webhook,httpRequest,1.0
18385,morning-metrics,scheduleTrigger,googleSheets,1.0
18386,email-archiver,emailReadImap,readWriteFile,1.0
18387,rss-alert,rssFeedTrigger,slack,1.0
18388,form-to-endpoint,webhook,httpRequest,1.0
18389,morning-metrics,scheduleTrigger,googleSheets,1.0
18390,email-archiver,emailReadImap,readWriteFile,1.0
18391,rss-alert,emailReadImap,slack,0.5
18392,form-to-endpoint,webhook,httpRequest,1.0
18393,morning-metrics,scheduleTrigger,googleSheets,1.0
18394,email-archiver,emailReadImap,readWriteFile,1.0
18395,rss-alert,rssFeedTrigger,readWriteFile,0.5
18396,form-to-endpoint,webhook,httpRequest,1.0
18397,morning-metrics,scheduleTrigger,googleSheets,1.0
18398,email-archiver,emailReadImap,readWriteFile,1.0
18399,rss-alert,rssFeedTrigger,slack,1.0
18400,form-to-endpoint,rssFeedTrigger,httpRequest,0.5
18401,morning-metrics,scheduleTrigger,googleSheets,1.0
18402,email-archiver,emailReadImap,readWriteFile,1.0
18403,rss-alert,rssFeedTrigger,slack,1.0
18404,form-to-endpoint,webhook,httpRequest,1.0
18405,morning-metrics,scheduleTrigger,googleSheets,1.0
18406,email-archiver,emailReadImap,googleSheets,0.5
18407,rss-alert,rssFeedTrigger,slack,1.0
18408,form-to-endpoint,webhook,httpRequest,1.0
18409,morning-metrics,scheduleTrigger,googleSheets,1.0
18410,email-archiver,emailReadImap,readWriteFile,1.0
18411,rss-alert,rssFeedTrigger,slack,1.0
18412,form-to-endpoint,webhook,httpRequest,1.0
18413,morning-metrics,rssFeedTrigger,googleSheets,0.5
18414,email-archiver,emailReadImap,readWriteFile,1.0
18415,rss-alert,rssFeedTrigger,slack,1.0
18416,form-to-endpoint,webhook,httpRequest,1.0
18417,morning-metrics,scheduleTrigger,googleSheets,1.0
18418,email-archiver,emailReadImap,readWriteFile,1.0
18419,rss-alert,rssFeedTrigger,slack,1.0
18420,form-to-endpoint,webhook,httpRequest,1.0
18421,morning-metrics,scheduleTrigger,googleSheets,1.0
18422,email-archiver,emailReadImap,readWriteFile,1.0
18423,rss-alert,rssFeedTrigger,slack,1.0
18424,form-to-endpoint,webhook,httpRequest,1.0
18425,morning-metrics,scheduleTrigger,googleSheets,1.0
18426,email-archiver,emailReadImap,readWriteFile,1.0
18427,rss-alert,rssFeedTrigger,slack,1.0
18428,form-to-endpoint,webhook,httpRequest,1.0
18429,morning-metrics,rssFeedTrigger,googleSheets,0.5
18430,email-archiver,rssFeedTrigger,readWriteFile,0.5
18431,rss-alert,rssFeedTrigger,slack,1.0
18432,form-to-endpoint,webhook,httpRequest,1.0
18433,morning-metrics,scheduleTrigger,googleSheets,1.0
18434,email-archiver,emailReadImap,readWriteFile,1.0
18435,rss-alert,rssFeedTrigger,slack,1.0
18436,form-to-endpoint,webhook,httpRequest,1.0
18437,morning-metrics,scheduleTrigger,googleSheets,1.0
18438,email-archiver,emailReadImap,readWriteFile,1.0
18439,rss-alert,rssFeedTrigger,slack,1.0
18440,form-to-endpoint,webhook,httpRequest,1.0
18441,morning-metrics,scheduleTrigger,googleSheets,1.0
18442,email-archiver,emailReadImap,readWriteFile,1.0
18443,rss-alert,rssFeedTrigger,slack,1.0
18444,form-to-endpoint,webhook,httpRequest,1.0
18445,morning-metrics,scheduleTrigger,googleSheets,1.0
18446,email-archiver,emailReadImap,readWriteFile,1.0
18447,rss-alert,rssFeedTrigger,slack,1.0
18448,form-to-endpoint,webhook,httpRequest,1.0
18449,morning-metrics,scheduleTrigger,googleSheets,1.0
18450,email-archiver,emailReadImap,readWriteFile,1.0
18451,rss-alert,rssFeedTrigger,slack,1.0
18452,form-to-endpoint,webhook,httpRequest,1.0
18453,morning-metrics,scheduleTrigger,googleSheets,1.0
18454,email-archiver,emailReadImap,readWriteFile,1.0
18455,rss-alert,rssFeedTrigger,slack,1.0
18456,form-to-endpoint,webhook,httpRequest,1.0
18457,morning-metrics,scheduleTrigger,googleSheets,1.0
18458,email-archiver,emailReadImap,readWriteFile,1.0
18459,rss-alert,rssFeedTrigger,slack,1.0
18460,form-to-endpoint,webhook,httpRequest,1.0
18461,morning-metrics,scheduleTrigger,googleSheets,1.0
18462,email-archiver,emailReadImap,readWriteFile,1.0
18463,rss-alert,rssFeedTrigger,slack,1.0
18464,form-to-endpoint,webhook,httpRequest,1.0
18465,morning-metrics,scheduleTrigger,googleSheets,1.0
18466,email-archiver,emailReadImap,readWriteFile,1.0
18467,rss-alert,rssFeedTrigger,slack,1.0
18468,form-to-endpoint,webhook,httpRequest,1.0
18469,morning-metrics,scheduleTrigger,googleSheets,1.0
18470,email-archiver,emailReadImap,readWriteFile,1.0
18471,rss-alert,rssFeedTrigger,slack,1.0
18472,form-to-endpoint,webhook,httpRequest,1.0
18473,morning-metrics,scheduleTrigger,googleSheets,1.0
18474,email-archiver,emailReadImap,readWriteFile,1.0
18475,rss-alert,rssFeedTrigger,googleSheets,0.5
18476,form-to-endpoint,webhook,httpRequest,1.0
18477,morning-metrics,scheduleTrigger,googleSheets,1.0
18478,email-archiver,emailReadImap,readWriteFile,1.0
18479,rss-alert,rssFeedTrigger,slack,1.0
18480,form-to-endpoint,webhook,httpRequest,1.0
18481,morning-metrics,scheduleTrigger,googleSheets,1.0
18482,email-archiver,emailReadImap,readWriteFile,1.0
18483,rss-alert,rssFeedTrigger,slack,1.0
18484,form-to-endpoint,webhook,httpRequest,1.0
18485,morning-metrics,scheduleTrigger,googleSheets,1.0
18486,email-archiver,emailReadImap,readWriteFile,1.0
18487,rss-alert,rssFeedTrigger,slack,1.0
18488,form-to-endpoint,webhook,httpRequest,1.0
18489,morning-metrics,scheduleTrigger,slack,0.5
18490,email-archiver,emailReadImap,readWriteFile,1.0
18491,rss-alert,rssFeedTrigger,slack,1.0
18492,form-to-endpoint,webhook,httpRequest,1.0
18493,morning-metrics,scheduleTrigger,googleSheets,1.0
18494,email-archiver,emailReadImap,readWriteFile,1.0
18495,rss-alert,webhook,slack,0.5
18496,form-to-endpoint,emailReadImap,httpRequest,0.5
18497,morning-metrics,scheduleTrigger,googleSheets,1.0
18498,email-archiver,emailReadImap,readWriteFile,1.0
18499,rss-alert,rssFeedTrigger,slack,1.0
18500,form-to-endpoint,webhook,httpRequest,1.0
18501,morning-metrics,scheduleTrigger,googleSheets,1.0
18502,email-archiver,emailReadImap,readWriteFile,1.0
18503,rss-alert,rssFeedTrigger,googleSheets,0.5
18504,form-to-endpoint,webhook,httpRequest,1.0
18505,morning-metrics,scheduleTrigger,readWriteFile,0.5
18506,email-archiver,emailReadImap,readWriteFile,1.0
18507,rss-alert,rssFeedTrigger,slack,1.0
18508,form-to-endpoint,webhook,httpRequest,1.0
18509,morning-metrics,scheduleTrigger,googleSheets,1.0
18510,email-archiver,emailReadImap,readWriteFile,1.0
18511,rss-alert,rssFeedTrigger,slack,1.0
18512,form-to-endpoint,webhook,httpRequest,1.0
18513,morning-metrics,scheduleTrigger,googleSheets,1.0
18514,email-archiver,emailReadImap,readWriteFile,1.0
18515,rss-alert,rssFeedTrigger,slack,1.0
18516,form-to-endpoint,emailReadImap,httpRequest,0.5
18517,morning-metrics,scheduleTrigger,googleSheets,1.0
18518,email-archiver,emailReadImap,readWriteFile,1.0
18519,rss-alert,rssFeedTrigger,slack,1.0
18520,form-to-endpoint,webhook,httpRequest,1.0
18521,morning-metrics,scheduleTrigger,googleSheets,1.0
18522,email-archiver,emailReadImap,readWriteFile,1.0
18523,rss-alert,rssFeedTrigger,slack,1.0
18524,form-to-endpoint,webhook,httpRequest,1.0
18525,morning-metrics,scheduleTrigger,googleSheets,1.0
18526,email-archiver,emailReadImap,readWriteFile,1.0
18527,rss-alert,rssFeedTrigger,slack,1.0
18528,form-to-endpoint,webhook,httpRequest,1.0
18529,morning-metrics,scheduleTrigger,googleSheets,1.0
18530,email-archiver,emailReadImap,readWriteFile,1.0
18531,rss-alert,rssFeedTrigger,slack,1.0
18532,form-to-endpoint,webhook,httpRequest,1.0
18533,morning-metrics,scheduleTrigger,googleSheets,1.0
18534,email-archiver,emailReadImap,readWriteFile,1.0
18535,rss-alert,rssFeedTrigger,googleSheets,0.5
18536,form-to-endpoint,webhook,httpRequest,1.0
18537,morning-metrics,scheduleTrigger,slack,0.5
18538,email-archiver,emailReadImap,readWriteFile,1.0
18539,rss-alert,scheduleTrigger,slack,0.5
18540,form-to-endpoint,webhook,httpRequest,1.0
18541,morning-metrics,scheduleTrigger,googleSheets,1.0
18542,email-archiver,emailReadImap,readWriteFile,1.0
18543,rss-alert,rssFeedTrigger,slack,1.0
18544,form-to-endpoint,webhook,httpRequest,1.0
18545,morning-metrics,scheduleTrigger,httpRequest,0.5
18546,email-archiver,emailReadImap,readWriteFile,1.0
18547,rss-alert,rssFeedTrigger,slack,1.0
18548,form-to-endpoint,webhook,httpRequest,1.0
18549,morning-metrics,emailReadImap,googleSheets,0.5
18550,email-archiver,emailReadImap,readWriteFile,1.0
18551,rss-alert,webhook,slack,0.5
18552,form-to-endpoint,webhook,httpRequest,1.0
18553,morning-metrics,scheduleTrigger,googleSheets,1.0
18554,email-archiver,emailReadImap,readWriteFile,1.0
18555,rss-alert,rssFeedTrigger,slack,1.0
18556,form-to-endpoint,webhook,httpRequest,1.0
18557,morning-metrics,scheduleTrigger,googleSheets,1.0
18558,email-archiver,emailReadImap,readWriteFile,1.0
18559,rss-alert,rssFeedTrigger,slack,1.0
18560,form-to-endpoint,emailReadImap,httpRequest,0.5
18561,morning-metrics,scheduleTrigger,httpRequest,0.5
18562,email-archiver,emailReadImap,readWriteFile,1.0
18563,rss-alert,rssFeedTrigger,slack,1.0
18564,form-to-endpoint,webhook,httpRequest,1.0
18565,morning-metrics,scheduleTrigger,googleSheets,1.0
18566,email-archiver,emailReadImap,readWriteFile,1.0
18567,rss-alert,rssFeedTrigger,slack,1.0
18568,form-to-endpoint,webhook,httpRequest,1.0
18569,morning-metrics,scheduleTrigger,googleSheets,1.0
18570,email-archiver,emailReadImap,readWriteFile,1.0
18571,rss-alert,rssFeedTrigger,slack,1.0
18572,form-to-endpoint,webhook,httpRequest,1.0
18573,morning-metrics,scheduleTrigger,googleSheets,1.0
18574,email-archiver,emailReadImap,googleSheets,0.5
18575,rss-alert,rssFeedTrigger,slack,1.0
18576,form-to-endpoint,webhook,readWriteFile,0.5
18577,morning-metrics,scheduleTrigger,googleSheets,1.0
18578,email-archiver,emailReadImap,readWriteFile,1.0
18579,rss-alert,rssFeedTrigger,slack,1.0
18580,form-to-endpoint,webhook,httpRequest,1.0
18581,morning-metrics,scheduleTrigger,googleSheets,1.0
18582,email-archiver,emailReadImap,readWriteFile,1.0
18583,rss-alert,rssFeedTrigger,slack,1.0
18584,form-to-endpoint,webhook,readWriteFile,0.5
18585,morning-metrics,scheduleTrigger,googleSheets,1.0
18586,email-archiver,emailReadImap,readWriteFile,1.0
18587,rss-alert,rssFeedTrigger,slack,1.0
18588,form-to-endpoint,webhook,httpRequest,1.0
18589,morning-metrics,scheduleTrigger,googleSheets,1.0
18590,email-archiver,emailReadImap,readWriteFile,1.0
18591,rss-alert,rssFeedTrigger,slack,1.0
18592,form-to-endpoint,webhook,httpRequest,1.0
18593,morning-metrics,scheduleTrigger,googleSheets,1.0
18594,email-archiver,emailReadImap,readWriteFile,1.0
18595,rss-alert,rssFeedTrigger,slack,1.0
18596,form-to-endpoint,webhook,httpRequest,1.0
18597,morning-metrics,scheduleTrigger,googleSheets,1.0
18598,email-archiver,emailReadImap,readWriteFile,1.0
18599,rss-alert,rssFeedTrigger,slack,1.0
18600,form-to-endpoint,webhook,httpRequest,1.0
18601,morning-metrics,scheduleTrigger,googleSheets,1.0
18602,email-archiver,emailReadImap,readWriteFile,1.0
18603,rss-alert,rssFeedTrigger,slack,1.0
18604,form-to-endpoint,webhook,httpRequest,1.0
18605,morning-metrics,scheduleTrigger,googleSheets,1.0
18606,email-archiver,emailReadImap,readWriteFile,1.0
18607,rss-alert,rssFeedTrigger,slack,1.0
18608,form-to-endpoint,webhook,httpRequest,1.0
18609,morning-metrics,scheduleTrigger,googleSheets,1.0
18610,email-archiver,emailReadImap,readWriteFile,1.0
18611,rss-alert,webhook,googleSheets,0.0
18612,form-to-endpoint,webhook,httpRequest,1.0
18613,morning-metrics,scheduleTrigger,googleSheets,1.0
18614,email-archiver,emailReadImap,readWriteFile,1.0
18615,rss-alert,rssFeedTrigger,slack,1.0
18616,form-to-endpoint,webhook,httpRequest,1.0
18617,morning-metrics,scheduleTrigger,googleSheets,1.0
18618,email-archiver,emailReadImap,readWriteFile,1.0
18619,rss-alert,rssFeedTrigger,slack,1.0
18620,form-to-endpoint,webhook,httpRequest,1.0
18621,morning-metrics,scheduleTrigger,googleSheets,1.0
18622,email-archiver,emailReadImap,readWriteFile,1.0
18623,rss-alert,rssFeedTrigger,slack,1.0
18624,form-to-endpoint,webhook,googleSheets,0.5
18625,morning-metrics,scheduleTrigger,googleSheets,1.0
18626,email-archiver,emailReadImap,readWriteFile,1.0
18627,rss-alert,rssFeedTrigger,slack,1.0
18628,form-to-endpoint,webhook,httpRequest,1.0
18629,morning-metrics,scheduleTrigger,googleSheets,1.0
18630,email-archiver,emailReadImap,readWriteFile,1.0
18631,rss-alert,rssFeedTrigger,httpRequest,0.5
18632,form-to-endpoint,webhook,httpRequest,1.0
18633,morning-metrics,scheduleTrigger,googleSheets,1.0
18634,email-archiver,emailReadImap,readWriteFile,1.0
18635,rss-alert,rssFeedTrigger,slack,1.0
18636,form-to-endpoint,webhook,googleSheets,0.5
18637,morning-metrics,scheduleTrigger,googleSheets,1.0
18638,email-archiver,emailReadImap,readWriteFile,1.0
18639,rss-alert,rssFeedTrigger,slack,1.0
18640,form-to-endpoint,webhook,httpRequest,1.0
18641,morning-metrics,scheduleTrigger,googleSheets,1.0
18642,email-archiver,emailReadImap,readWriteFile,1.0
18643,rss-alert,rssFeedTrigger,slack,1.0
18644,form-to-endpoint,emailReadImap,httpRequest,0.5
18645,morning-metrics,scheduleTrigger,googleSheets,1.0
18646,email-archiver,emailReadImap,googleSheets,0.5
18647,rss-alert,rssFeedTrigger,slack,1.0
18648,form-to-endpoint,webhook,httpRequest,1.0
18649,morning-metrics,scheduleTrigger,googleSheets,1.0
18650,email-archiver,emailReadImap,readWriteFile,1.0
18651,rss-alert,rssFeedTrigger,slack,1.0
18652,form-to-endpoint,webhook,httpRequest,1.0
18653,morning-metrics,scheduleTrigger,googleSheets,1.0
18654,email-archiver,emailReadImap,readWriteFile,1.0
18655,rss-alert,rssFeedTrigger,slack,1.0
18656,form-to-endpoint,scheduleTrigger,httpRequest,0.5
18657,morning-metrics,scheduleTrigger,googleSheets,1.0
18658,email-archiver,emailReadImap,readWriteFile,1.0
18659,rss-alert,rssFeedTrigger,slack,1.0
18660,form-to-endpoint,webhook,httpRequest,1.0
18661,morning-metrics,scheduleTrigger,googleSheets,1.0
18662,email-archiver,emailReadImap,readWriteFile,1.0
18663,rss-alert,webhook,httpRequest,0.0
18664,form-to-endpoint,webhook,httpRequest,1.0
18665,morning-metrics,scheduleTrigger,googleSheets,1.0
18666,email-archiver,emailReadImap,readWriteFile,1.0
18667,rss-alert,rssFeedTrigger,slack,1.0
18668,form-to-endpoint,webhook,httpRequest,1.0
18669,morning-metrics,scheduleTrigger,googleSheets,1.0
18670,email-archiver,emailReadImap,readWriteFile,1.0
18671,rss-alert,rssFeedTrigger,slack,1.0
18672,form-to-endpoint,webhook,httpRequest,1.0
18673,morning-metrics,scheduleTrigger,googleSheets,1.0
18674,email-archiver,webhook,readWriteFile,0.5
18675,rss-alert,rssFeedTrigger,slack,1.0
18676,form-to-endpoint,webhook,httpRequest,1.0
18677,morning-metrics,scheduleTrigger,googleSheets,1.0
18678,email-archiver,emailReadImap,googleSheets,0.5
18679,rss-alert,rssFeedTrigger,slack,1.0
18680,form-to-endpoint,webhook,httpRequest,1.0
18681,morning-metrics,scheduleTrigger,googleSheets,1.0
18682,email-archiver,emailReadImap,readWriteFile,1.0
18683,rss-alert,rssFeedTrigger,slack,1.0
18684,form-to-endpoint,webhook,httpRequest,1.0
18685,morning-metrics,scheduleTrigger,googleSheets,1.0
18686,email-archiver,emailReadImap,readWriteFile,1.0
18687,rss-alert,rssFeedTrigger,slack,1.0
18688,form-to-endpoint,webhook,httpRequest,1.0
18689,morning-metrics,scheduleTrigger,googleSheets,1.0
18690,email-archiver,emailReadImap,readWriteFile,1.0
18691,rss-alert,rssFeedTrigger,slack,1.0
18692,form-to-endpoint,webhook,httpRequest,1.0
18693,morning-metrics,scheduleTrigger,googleSheets,1.0
18694,email-archiver,emailReadImap,readWriteFile,1.0
18695,rss-alert,rssFeedTrigger,slack,1.0
18696,form-to-endpoint,webhook,httpRequest,1.0
18697,morning-metrics,scheduleTrigger,googleSheets,1.0
18698,email-archiver,emailReadImap,readWriteFile,1.0
18699,rss-alert,rssFeedTrigger,slack,1.0
18700,form-to-endpoint,webhook,httpRequest,1.0
18701,morning-metrics,scheduleTrigger,readWriteFile,0.5
18702,email-archiver,emailReadImap,readWriteFile,1.0
18703,rss-alert,rssFeedTrigger,slack,1.0
18704,form-to-endpoint,webhook,httpRequest,1.0
18705,morning-metrics,scheduleTrigger,googleSheets,1.0
18706,email-archiver,emailReadImap,readWriteFile,1.0
18707,rss-alert,rssFeedTrigger,slack,1.0
18708,form-to-endpoint,webhook,httpRequest,1.0
18709,morning-metrics,scheduleTrigger,googleSheets,1.0
18710,email-archiver,emailReadImap,readWriteFile,1.0
18711,rss-alert,rssFeedTrigger,slack,1.0
18712,form-to-endpoint,webhook,httpRequest,1.0
18713,morning-metrics,scheduleTrigger,readWriteFile,0.5
18714,email-archiver,emailReadImap,slack,0.5
18715,rss-alert,rssFeedTrigger,httpRequest,0.5
18716,form-to-endpoint,webhook,httpRequest,1.0
18717,morning-metrics,scheduleTrigger,googleSheets,1.0
18718,email-archiver,emailReadImap,readWriteFile,1.0
18719,rss-alert,rssFeedTrigger,slack,1.0
18720,form-to-endpoint,webhook,httpRequest,1.0
18721,morning-metrics,scheduleTrigger,readWriteFile,0.5
18722,email-archiver,emailReadImap,readWriteFile,1.0
18723,rss-alert,rssFeedTrigger,slack,1.0
18724,form-to-endpoint,webhook,httpRequest,1.0
18725,morning-metrics,scheduleTrigger,googleSheets,1.0
18726,email-archiver,emailReadImap,readWriteFile,1.0
18727,rss-alert,rssFeedTrigger,slack,1.0
18728,form-to-endpoint,webhook,httpRequest,1.0
18729,morning-metrics,scheduleTrigger,googleSheets,1.0
18730,email-archiver,emailReadImap,readWriteFile,1.0
18731,rss-alert,rssFeedTrigger,slack,1.0
18732,form-to-endpoint,webhook,httpRequest,1.0
18733,morning-metrics,scheduleTrigger,googleSheets,1.0
18734,email-archiver,emailReadImap,googleSheets,0.5
18735,rss-alert,rssFeedTrigger,slack,1.0
18736,form-to-endpoint,webhook,httpRequest,1.0
18737,morning-metrics,scheduleTrigger,googleSheets,1.0
18738,email-archiver,rssFeedTrigger,readWriteFile,0.5
18739,rss-alert,rssFeedTrigger,slack,1.0
18740,form-to-endpoint,webhook,httpRequest,1.0
18741,morning-metrics,scheduleTrigger,googleSheets,1.0
18742,email-archiver,emailReadImap,readWriteFile,1.0
18743,rss-alert,rssFeedTrigger,slack,1.0
18744,form-to-endpoint,scheduleTrigger,httpRequest,0.5
18745,morning-metrics,scheduleTrigger,googleSheets,1.0
18746,email-archiver,emailReadImap,readWriteFile,1.0
18747,rss-alert,scheduleTrigger,slack,0.5
18748,form-to-endpoint,emailReadImap,httpRequest,0.5
18749,morning-metrics,scheduleTrigger,googleSheets,1.0
18750,email-archiver,emailReadImap,readWriteFile,1.0
18751,rss-alert,emailReadImap,slack,0.5
18752,form-to-endpoint,emailReadImap,httpRequest,0.5
18753,morning-metrics,scheduleTrigger,googleSheets,1.0
18754,email-archiver,emailReadImap,readWriteFile,1.0
18755,rss-alert,rssFeedTrigger,slack,1.0
18756,form-to-endpoint,webhook,httpRequest,1.0
18757,morning-metrics,scheduleTrigger,googleSheets,1.0
18758,email-archiver,rssFeedTrigger,readWriteFile,0.5
18759,rss-alert,rssFeedTrigger,slack,1.0
18760,form-to-endpoint,webhook,httpRequest,1.0
18761,morning-metrics,scheduleTrigger,googleSheets,1.0
18762,email-archiver,emailReadImap,readWriteFile,1.0
18763,rss-alert,rssFeedTrigger,slack,1.0
18764,form-to-endpoint,webhook,httpRequest,1.0
18765,morning-metrics,scheduleTrigger,googleSheets,1.0
18766,email-archiver,emailReadImap,readWriteFile,1.0
18767,rss-alert,rssFeedTrigger,readWriteFile,0.5
18768,form-to-endpoint,webhook,httpRequest,1.0
18769,morning-metrics,scheduleTrigger,googleSheets,1.0
18770,email-archiver,emailReadImap,readWriteFile,1.0
18771,rss-alert,rssFeedTrigger,googleSheets,0.5
18772,form-to-endpoint,webhook,httpRequest,1.0
18773,morning-metrics,scheduleTrigger,googleSheets,1.0
18774,email-archiver,emailReadImap,httpRequest,0.5
18775,rss-alert,rssFeedTrigger,slack,1.0
18776,form-to-endpoint,webhook,httpRequest,1.0
18777,morning-metrics,scheduleTrigger,googleSheets,1.0
18778,email-archiver,emailReadImap,readWriteFile,1.0
18779,rss-alert,rssFeedTrigger,slack,1.0
18780,form-to-endpoint,webhook,httpRequest,1.0
18781,morning-metrics,scheduleTrigger,googleSheets,1.0
18782,email-archiver,emailReadImap,readWriteFile,1.0
18783,rss-alert,rssFeedTrigger,slack,1.0
18784,form-to-endpoint,webhook,httpRequest,1.0
18785,morning-metrics,scheduleTrigger,slack,0.5
18786,email-archiver,emailReadImap,readWriteFile,1.0
18787,rss-alert,rssFeedTrigger,slack,1.0
18788,form-to-endpoint,webhook,httpRequest,1.0
18789,morning-metrics,scheduleTrigger,googleSheets,1.0
18790,email-archiver,emailReadImap,readWriteFile,1.0
18791,rss-alert,rssFeedTrigger,slack,1.0
18792,form-to-endpoint,webhook,httpRequest,1.0
18793,morning-metrics,scheduleTrigger,googleSheets,1.0
18794,email-archiver,emailReadImap,readWriteFile,1.0
18795,rss-alert,rssFeedTrigger,slack,1.0
18796,form-to-endpoint,webhook,httpRequest,1.0
18797,morning-metrics,scheduleTrigger,googleSheets,1.0
18798,email-archiver,emailReadImap,readWriteFile,1.0
18799,rss-alert,rssFeedTrigger,slack,1.0
18800,form-to-endpoint,webhook,httpRequest,1.0
18801,morning-metrics,scheduleTrigger,googleSheets,1.0
18802,email-archiver,emailReadImap,readWriteFile,1.0
18803,rss-alert,rssFeedTrigger,slack,1.0
18804,form-to-endpoint,webhook,httpRequest,1.0
18805,morning-metrics,scheduleTrigger,googleSheets,1.0
18806,email-archiver,emailReadImap,readWriteFile,1.0
18807,rss-alert,rssFeedTrigger,slack,1.0
18808,form-to-endpoint,webhook,httpRequest,1.0
18809,morning-metrics,scheduleTrigger,googleSheets,1.0
18810,email-archiver,emailReadImap,readWriteFile,1.0
18811,rss-alert,rssFeedTrigger,slack,1.0
18812,form-to-endpoint,webhook,httpRequest,1.0
18813,morning-metrics,scheduleTrigger,googleSheets,1.0
18814,email-archiver,emailReadImap,readWriteFile,1.0
18815,rss-alert,rssFeedTrigger,slack,1.0
18816,form-to-endpoint,webhook,httpRequest,1.0
18817,morning-metrics,scheduleTrigger,googleSheets,1.0
18818,email-archiver,emailReadImap,googleSheets,0.5
18819,rss-alert,rssFeedTrigger,readWriteFile,0.5
18820,form-to-endpoint,webhook,httpRequest,1.0
18821,morning-metrics,scheduleTrigger,googleSheets,1.0
18822,email-archiver,emailReadImap,readWriteFile,1.0
18823,rss-alert,rssFeedTrigger,slack,1.0
18824,form-to-endpoint,webhook,httpRequest,1.0
18825,morning-metrics,rssFeedTrigger,googleSheets,0.5
18826,email-archiver,emailReadImap,readWriteFile,1.0
18827,rss-alert,rssFeedTrigger,slack,1.0
18828,form-to-endpoint,webhook,httpRequest,1.0
18829,morning-metrics,scheduleTrigger,googleSheets,1.0
18830,email-archiver,emailReadImap,readWriteFile,1.0
18831,rss-alert,rssFeedTrigger,slack,1.0
18832,form-to-endpoint,webhook,httpRequest,1.0
18833,morning-metrics,scheduleTrigger,readWriteFile,0.5
18834,email-archiver,emailReadImap,readWriteFile,1.0
18835,rss-alert,rssFeedTrigger,slack,1.0
18836,form-to-endpoint,webhook,googleSheets,0.5
18837,morning-metrics,webhook,googleSheets,0.5
18838,email-archiver,emailReadImap,readWriteFile,1.0
18839,rss-alert,rssFeedTrigger,slack,1.0
18840,form-to-endpoint,webhook,httpRequest,1.0
18841,morning-metrics,scheduleTrigger,googleSheets,1.0
18842,email-archiver,emailReadImap,readWriteFile,1.0
18843,rss-alert,rssFeedTrigger,slack,1.0
18844,form-to-endpoint,webhook,httpRequest,1.0
18845,morning-metrics,scheduleTrigger,httpRequest,0.5
18846,email-archiver,emailReadImap,readWriteFile,1.0
18847,rss-alert,rssFeedTrigger,slack,1.0
18848,form-to-endpoint,webhook,httpRequest,1.0
18849,morning-metrics,scheduleTrigger,googleSheets,1.0
18850,email-archiver,emailReadImap,readWriteFile,1.0
18851,rss-alert,rssFeedTrigger,slack,1.0
18852,form-to-endpoint,webhook,readWriteFile,0.5
18853,morning-metrics,scheduleTrigger,googleSheets,1.0
18854,email-archiver,emailReadImap,readWriteFile,1.0
18855,rss-alert,rssFeedTrigger,slack,1.0
18856,form-to-endpoint,webhook,httpRequest,1.0
18857,morning-metrics,rssFeedTrigger,googleSheets,0.5
18858,email-archiver,webhook,readWriteFile,0.5
18859,rss-alert,rssFeedTrigger,slack,1.0
18860,form-to-endpoint,webhook,httpRequest,1.0
18861,morning-metrics,scheduleTrigger,googleSheets,1.0
18862,email-archiver,emailReadImap,readWriteFile,1.0
18863,rss-alert,rssFeedTrigger,slack,1.0
18864,form-to-endpoint,webhook,httpRequest,1.0
18865,morning-metrics,scheduleTrigger,googleSheets,1.0
18866,email-archiver,emailReadImap,readWriteFile,1.0
18867,rss-alert,rssFeedTrigger,slack,1.0
18868,form-to-endpoint,webhook,httpRequest,1.0
18869,morning-metrics,scheduleTrigger,googleSheets,1.0
18870,email-archiver,webhook,readWriteFile,0.5
18871,rss-alert,rssFeedTrigger,slack,1.0
18872,form-to-endpoint,webhook,httpRequest,1.0
18873,morning-metrics,scheduleTrigger,readWriteFile,0.5
18874,email-archiver,emailReadImap,readWriteFile,1.0
18875,rss-alert,rssFeedTrigger,slack,1.0
18876,form-to-endpoint,webhook,httpRequest,1.0
18877,morning-metrics,scheduleTrigger,googleSheets,1.0
18878,email-archiver,emailReadImap,readWriteFile,1.0
18879,rss-alert,rssFeedTrigger,slack,1.0
18880,form-to-endpoint,webhook,googleSheets,0.5
18881,morning-metrics,scheduleTrigger,googleSheets,1.0
18882,email-archiver,emailReadImap,readWriteFile,1.0
18883,rss-alert,rssFeedTrigger,slack,1.0
18884,form-to-endpoint,webhook,httpRequest,1.0
18885,morning-metrics,scheduleTrigger,googleSheets,1.0
18886,email-archiver,emailReadImap,readWriteFile,1.0
18887,rss-alert,rssFeedTrigger,readWriteFile,0.5
18888,form-to-endpoint,webhook,httpRequest,1.0
18889,morning-metrics,scheduleTrigger,googleSheets,1.0
18890,email-archiver,emailReadImap,readWriteFile,1.0
18891,rss-alert,rssFeedTrigger,slack,1.0
18892,form-to-endpoint,webhook,httpRequest,1.0
18893,morning-metrics,emailReadImap,googleSheets,0.5
18894,email-archiver,emailReadImap,readWriteFile,1.0
18895,rss-alert,rssFeedTrigger,readWriteFile,0.5
18896,form-to-endpoint,rssFeedTrigger,httpRequest,0.5
18897,morning-metrics,scheduleTrigger,googleSheets,1.0
18898,email-archiver,emailReadImap,readWriteFile,1.0
18899,rss-alert,rssFeedTrigger,slack,1.0
18900,form-to-endpoint,webhook,httpRequest,1.0
18901,morning-metrics,scheduleTrigger,googleSheets,1.0
18902,email-archiver,emailReadImap,readWriteFile,1.0
18903,rss-alert,rssFeedTrigger,slack,1.0
18904,form-to-endpoint,webhook,httpRequest,1.0
18905,morning-metrics,scheduleTrigger,googleSheets,1.0
18906,email-archiver,webhook,readWriteFile,0.5
18907,rss-alert,rssFeedTrigger,slack,1.0
18908,form-to-endpoint,webhook,httpRequest,1.0
18909,morning-metrics,scheduleTrigger,googleSheets,1.0
18910,email-archiver,emailReadImap,readWriteFile,1.0
18911,rss-alert,rssFeedTrigger,slack,1.0
18912,form-to-endpoint,webhook,httpRequest,1.0
18913,morning-metrics,scheduleTrigger,googleSheets,1.0
18914,email-archiver,emailReadImap,readWriteFile,1.0
18915,rss-alert,rssFeedTrigger,httpRequest,0.5
18916,form-to-endpoint,webhook,httpRequest,1.0
18917,morning-metrics,scheduleTrigger,googleSheets,1.0
18918,email-archiver,emailReadImap,readWriteFile,1.0
18919,rss-alert,rssFeedTrigger,slack,1.0
18920,form-to-endpoint,webhook,httpRequest,1.0
18921,morning-metrics,scheduleTrigger,googleSheets,1.0
18922,email-archiver,emailReadImap,readWriteFile,1.0
18923,rss-alert,rssFeedTrigger,slack,1.0
18924,form-to-endpoint,webhook,httpRequest,1.0
18925,morning-metrics,scheduleTrigger,googleSheets,1.0
18926,email-archiver,emailReadImap,readWriteFile,1.0
18927,rss-alert,rssFeedTrigger,slack,1.0
18928,form-to-endpoint,webhook,httpRequest,1.0
18929,morning-metrics,scheduleTrigger,googleSheets,1.0
18930,email-archiver,emailReadImap,readWriteFile,1.0
18931,rss-alert,rssFeedTrigger,slack,1.0
18932,form-to-endpoint,webhook,httpRequest,1.0
18933,morning-metrics,scheduleTrigger,googleSheets,1.0
18934,email-archiver,emailReadImap,readWriteFile,1.0
18935,rss-alert,rssFeedTrigger,slack,1.0
18936,form-to-endpoint,webhook,httpRequest,1.0
18937,morning-metrics,scheduleTrigger,googleSheets,1.0
18938,email-archiver,emailReadImap,readWriteFile,1.0
18939,rss-alert,rssFeedTrigger,slack,1.0
18940,form-to-endpoint,webhook,httpRequest,1.0
18941,morning-metrics,scheduleTrigger,googleSheets,1.0
18942,email-archiver,emailReadImap,readWriteFile,1.0
18943,rss-alert,rssFeedTrigger,slack,1.0
18944,form-to-endpoint,webhook,httpRequest,1.0
18945,morning-metrics,scheduleTrigger,googleSheets,1.0
18946,email-archiver,emailReadImap,readWriteFile,1.0
18947,rss-alert,rssFeedTrigger,slack,1.0
18948,form-to-endpoint,webhook,httpRequest,1.0
18949,morning-metrics,scheduleTrigger,googleSheets,1.0
18950,email-archiver,emailReadImap,readWriteFile,1.0
18951,rss-alert,rssFeedTrigger,slack,1.0
18952,form-to-endpoint,webhook,httpRequest,1.0
18953,morning-metrics,scheduleTrigger,googleSheets,1.0
18954,email-archiver,emailReadImap,readWriteFile,1.0
18955,rss-alert,rssFeedTrigger,slack,1.0
18956,form-to-endpoint,webhook,httpRequest,1.0
18957,morning-metrics,scheduleTrigger,googleSheets,1.0
18958,email-archiver,emailReadImap,readWriteFile,1.0
18959,rss-alert,rssFeedTrigger,slack,1.0
18960,form-to-endpoint,rssFeedTrigger,httpRequest,0.5
18961,morning-metrics,scheduleTrigger,httpRequest,0.5
18962,email-archiver,emailReadImap,readWriteFile,1.0
18963,rss-alert,rssFeedTrigger,slack,1.0
18964,form-to-endpoint,webhook,httpRequest,1.0
18965,morning-metrics,scheduleTrigger,googleSheets,1.0
18966,email-archiver,emailReadImap,readWriteFile,1.0
18967,rss-alert,rssFeedTrigger,slack,1.0
18968,form-to-endpoint,webhook,slack,0.5
18969,morning-metrics,scheduleTrigger,googleSheets,1.0
18970,email-archiver,emailReadImap,readWriteFile,1.0
18971,rss-alert,rssFeedTrigger,slack,1.0
18972,form-to-endpoint,webhook,httpRequest,1.0
18973,morning-metrics,emailReadImap,googleSheets,0.5
18974,email-archiver,emailReadImap,readWriteFile,1.0
18975,rss-alert,rssFeedTrigger,slack,1.0
18976,form-to-endpoint,webhook,httpRequest,1.0
18977,morning-metrics,scheduleTrigger,googleSheets,1.0
18978,email-archiver,emailReadImap,readWriteFile,1.0
18979,rss-alert,rssFeedTrigger,slack,1.0
18980,form-to-endpoint,webhook,httpRequest,1.0
18981,morning-metrics,scheduleTrigger,googleSheets,1.0
18982,email-archiver,emailReadImap,readWriteFile,1.0
18983,rss-alert,rssFeedTrigger,slack,1.0
18984,form-to-endpoint,webhook,httpRequest,1.0
18985,morning-metrics,scheduleTrigger,googleSheets,1.0
18986,email-archiver,emailReadImap,readWriteFile,1.0
18987,rss-alert,rssFeedTrigger,slack,1.0
18988,form-to-endpoint,webhook,httpRequest,1.0
18989,morning-metrics,scheduleTrigger,googleSheets,1.0
18990,email-archiver,emailReadImap,readWriteFile,1.0
18991,rss-alert,rssFeedTrigger,readWriteFile,0.5
18992,form-to-endpoint,webhook,httpRequest,1.0
18993,morning-metrics,scheduleTrigger,googleSheets,1.0
18994,email-archiver,emailReadImap,readWriteFile,1.0
18995,rss-alert,rssFeedTrigger,slack,1.0
18996,form-to-endpoint,webhook,httpRequest,1.0
18997,morning-metrics,scheduleTrigger,googleSheets,1.0
18998,email-archiver,emailReadImap,readWriteFile,1.0
18999,rss-alert,rssFeedTrigger,slack,1.0
19000,form-to-endpoint,webhook,httpRequest,1.0
19001,morning-metrics,scheduleTrigger,googleSheets,1.0
19002,email-archiver,emailReadImap,readWriteFile,1.0
19003,rss-alert,rssFeedTrigger,slack,1.0
19004,form-to-endpoint,webhook,httpRequest,1.0
19005,morning-metrics,scheduleTrigger,googleSheets,1.0
19006,email-archiver,emailReadImap,readWriteFile,1.0
19007,rss-alert,rssFeedTrigger,httpRequest,0.5
19008,form-to-endpoint,webhook,httpRequest,1.0
19009,morning-metrics,webhook,googleSheets,0.5
19010,email-archiver,emailReadImap,readWriteFile,1.0
19011,rss-alert,rssFeedTrigger,slack,1.0
19012,form-to-endpoint,webhook,httpRequest,1.0
19013,morning-metrics,scheduleTrigger,googleSheets,1.0
19014,email-archiver,emailReadImap,readWriteFile,1.0
19015,rss-alert,rssFeedTrigger,slack,1.0
19016,form-to-endpoint,webhook,httpRequest,1.0
19017,morning-metrics,scheduleTrigger,googleSheets,1.0
19018,email-archiver,emailReadImap,readWriteFile,1.0
19019,rss-alert,rssFeedTrigger,slack,1.0
19020,form-to-endpoint,webhook,httpRequest,1.0
19021,morning-metrics,scheduleTrigger,googleSheets,1.0
19022,email-archiver,emailReadImap,readWriteFile,1.0
19023,rss-alert,rssFeedTrigger,slack,1.0
19024,form-to-endpoint,webhook,httpRequest,1.0
19025,morning-metrics,scheduleTrigger,googleSheets,1.0
19026,email-archiver,emailReadImap,readWriteFile,1.0
19027,rss-alert,rssFeedTrigger,slack,1.0
19028,form-to-endpoint,webhook,httpRequest,1.0
19029,morning-metrics,scheduleTrigger,googleSheets,1.0
19030,email-archiver,emailReadImap,readWriteFile,1.0
19031,rss-alert,rssFeedTrigger,slack,1.0
19032,form-to-endpoint,webhook,readWriteFile,0.5
19033,morning-metrics,scheduleTrigger,googleSheets,1.0
19034,email-archiver,emailReadImap,readWriteFile,1.0
19035,rss-alert,rssFeedTrigger,slack,1.0
19036,form-to-endpoint,webhook,httpRequest,1.0
19037,morning-metrics,scheduleTrigger,googleSheets,1.0
19038,email-archiver,emailReadImap,readWriteFile,1.0
19039,rss-alert,rssFeedTrigger,slack,1.0
19040,form-to-endpoint,webhook,httpRequest,1.0
19041,morning-metrics,scheduleTrigger,googleSheets,1.0
19042,email-archiver,emailReadImap,readWriteFile,1.0
19043,rss-alert,rssFeedTrigger,slack,1.0
19044,form-to-endpoint,webhook,googleSheets,0.5
19045,morning-metrics,scheduleTrigger,googleSheets,1.0
19046,email-archiver,emailReadImap,readWriteFile,1.0
19047,rss-alert,rssFeedTrigger,googleSheets,0.5
19048,form-to-endpoint,webhook,slack,0.5
19049,morning-metrics,scheduleTrigger,googleSheets,1.0
19050,email-archiver,emailReadImap,readWriteFile,1.0
19051,rss-alert,rssFeedTrigger,slack,1.0
19052,form-to-endpoint,webhook,httpRequest,1.0
19053,morning-metrics,scheduleTrigger,googleSheets,1.0
19054,email-archiver,emailReadImap,readWriteFile,1.0
19055,rss-alert,rssFeedTrigger,slack,1.0
19056,form-to-endpoint,webhook,httpRequest,1.0
19057,morning-metrics,scheduleTrigger,googleSheets,1.0
19058,email-archiver,emailReadImap,httpRequest,0.5
19059,rss-alert,rssFeedTrigger,slack,1.0
19060,form-to-endpoint,webhook,httpRequest,1.0
19061,morning-metrics,scheduleTrigger,googleSheets,1.0
19062,email-archiver,emailReadImap,readWriteFile,1.0
19063,rss-alert,rssFeedTrigger,slack,1.0
19064,form-to-endpoint,webhook,httpRequest,1.0
19065,morning-metrics,scheduleTrigger,googleSheets,1.0
19066,email-archiver,rssFeedTrigger,readWriteFile,0.5
19067,rss-alert,rssFeedTrigger,slack,1.0
19068,form-to-endpoint,webhook,httpRequest,1.0
19069,morning-metrics,scheduleTrigger,googleSheets,1.0
19070,email-archiver,emailReadImap,readWriteFile,1.0
19071,rss-alert,rssFeedTrigger,googleSheets,0.5
19072,form-to-endpoint,webhook,httpRequest,1.0
19073,morning-metrics,scheduleTrigger,googleSheets,1.0
19074,email-archiver,emailReadImap,readWriteFile,1.0
19075,rss-alert,rssFeedTrigger,slack,1.0
19076,form-to-endpoint,webhook,httpRequest,1.0
19077,morning-metrics,scheduleTrigger,googleSheets,1.0
19078,email-archiver,rssFeedTrigger,readWriteFile,0.5
19079,rss-alert,rssFeedTrigger,slack,1.0
19080,form-to-endpoint,webhook,httpRequest,1.0
19081,morning-metrics,scheduleTrigger,googleSheets,1.0
19082,email-archiver,emailReadImap,readWriteFile,1.0
19083,rss-alert,rssFeedTrigger,slack,1.0
19084,form-to-endpoint,webhook,httpRequest,1.0
19085,morning-metrics,rssFeedTrigger,googleSheets,0.5
19086,email-archiver,emailReadImap,readWriteFile,1.0
19087,rss-alert,rssFeedTrigger,slack,1.0
19088,form-to-endpoint,webhook,httpRequest,1.0
19089,morning-metrics,scheduleTrigger,googleSheets,1.0
19090,email-archiver,rssFeedTrigger,readWriteFile,0.5
19091,rss-alert,rssFeedTrigger,slack,1.0
19092,form-to-endpoint,webhook,httpRequest,1.0
19093,morning-metrics,scheduleTrigger,googleSheets,1.0
19094,email-archiver,emailReadImap,readWriteFile,1.0
19095,rss-alert,rssFeedTrigger,slack,1.0
19096,form-to-endpoint,webhook,httpRequest,1.0
19097,morning-metrics,scheduleTrigger,googleSheets,1.0
19098,email-archiver,emailReadImap,readWriteFile,1.0
19099,rss-alert,emailReadImap,slack,0.5
19100,form-to-endpoint,webhook,httpRequest,1.0
19101,morning-metrics,scheduleTrigger,googleSheets,1.0
19102,email-archiver,rssFeedTrigger,readWriteFile,0.5
19103,rss-alert,rssFeedTrigger,slack,1.0
19104,form-to-endpoint,webhook,httpRequest,1.0
19105,morning-metrics,scheduleTrigger,googleSheets,1.0
19106,email-archiver,emailReadImap,readWriteFile,1.0
19107,rss-alert,rssFeedTrigger,slack,1.0
19108,form-to-endpoint,webhook,httpRequest,1.0
19109,morning-metrics,scheduleTrigger,googleSheets,1.0
19110,email-archiver,emailReadImap,readWriteFile,1.0
19111,rss-alert,rssFeedTrigger,slack,1.0
19112,form-to-endpoint,webhook,httpRequest,1.0
19113,morning-metrics,scheduleTrigger,googleSheets,1.0
19114,email-archiver,webhook,readWriteFile,0.5
19115,rss-alert,rssFeedTrigger,slack,1.0
19116,form-to-endpoint,webhook,httpRequest,1.0
19117,morning-metrics,scheduleTrigger,googleSheets,1.0
19118,email-archiver,emailReadImap,readWriteFile,1.0
19119,rss-alert,webhook,slack,0.5
19120,form-to-endpoint,rssFeedTrigger,httpRequest,0.5
19121,morning-metrics,scheduleTrigger,googleSheets,1.0
19122,email-archiver,emailReadImap,readWriteFile,1.0
19123,rss-alert,rssFeedTrigger,slack,1.0
19124,form-to-endpoint,webhook,httpRequest,1.0
19125,morning-metrics,scheduleTrigger,googleSheets,1.0
19126,email-archiver,scheduleTrigger,readWriteFile,0.5
19127,rss-alert,rssFeedTrigger,slack,1.0
19128,form-to-endpoint,webhook,httpRequest,1.0
19129,morning-metrics,scheduleTrigger,googleSheets,1.0
19130,email-archiver,emailReadImap,readWriteFile,1.0
19131,rss-alert,rssFeedTrigger,slack,1.0
19132,form-to-endpoint,webhook,httpRequest,1.0
19133,morning-metrics,scheduleTrigger,googleSheets,1.0
19134,email-archiver,emailReadImap,readWriteFile,1.0
19135,rss-alert,rssFeedTrigger,slack,1.0
19136,form-to-endpoint,rssFeedTrigger,httpRequest,0.5
19137,morning-metrics,emailReadImap,googleSheets,0.5
19138,email-archiver,emailReadImap,readWriteFile,1.0
19139,rss-alert,rssFeedTrigger,slack,1.0
19140,form-to-endpoint,webhook,httpRequest,1.0
19141,morning-metrics,scheduleTrigger,googleSheets,1.0
19142,email-archiver,emailReadImap,readWriteFile,1.0
19143,rss-alert,rssFeedTrigger,slack,1.0
19144,form-to-endpoint,webhook,httpRequest,1.0
19145,morning-metrics,scheduleTrigger,googleSheets,1.0
19146,email-archiver,emailReadImap,readWriteFile,1.0
19147,rss-alert,rssFeedTrigger,slack,1.0
19148,form-to-endpoint,webhook,httpRequest,1.0
19149,morning-metrics,scheduleTrigger,googleSheets,1.0
19150,email-archiver,emailReadImap,readWriteFile,1.0
19151,rss-alert,emailReadImap,slack,0.5
19152,form-to-endpoint,webhook,httpRequest,1.0
19153,morning-metrics,scheduleTrigger,googleSheets,1.0
19154,email-archiver,emailReadImap,readWriteFile,1.0
19155,rss-alert,rssFeedTrigger,slack,1.0
19156,form-to-endpoint,webhook,httpRequest,1.0
19157,morning-metrics,scheduleTrigger,googleSheets,1.0
19158,email-archiver,emailReadImap,readWriteFile,1.0
19159,rss-alert,rssFeedTrigger,slack,1.0
19160,form-to-endpoint,webhook,httpRequest,1.0
19161,morning-metrics,scheduleTrigger,googleSheets,1.0
19162,email-archiver,emailReadImap,readWriteFile,1.0
19163,rss-alert,rssFeedTrigger,httpRequest,0.5
19164,form-to-endpoint,webhook,httpRequest,1.0
19165,morning-metrics,scheduleTrigger,googleSheets,1.0
19166,email-archiver,emailReadImap,readWriteFile,1.0
19167,rss-alert,rssFeedTrigger,slack,1.0
19168,form-to-endpoint,webhook,httpRequest,1.0
19169,morning-metrics,scheduleTrigger,googleSheets,1.0
19170,email-archiver,emailReadImap,readWriteFile,1.0
19171,rss-alert,rssFeedTrigger,slack,1.0
19172,form-to-endpoint,webhook,httpRequest,1.0
19173,morning-metrics,scheduleTrigger,googleSheets,1.0
19174,email-archiver,emailReadImap,readWriteFile,1.0
19175,rss-alert,rssFeedTrigger,slack,1.0
19176,form-to-endpoint,webhook,httpRequest,1.0
19177,morning-metrics,scheduleTrigger,googleSheets,1.0
19178,email-archiver,emailReadImap,readWriteFile,1.0
19179,rss-alert,rssFeedTrigger,slack,1.0
19180,form-to-endpoint,webhook,httpRequest,1.0
19181,morning-metrics,scheduleTrigger,googleSheets,1.0
19182,email-archiver,emailReadImap,readWriteFile,1.0
19183,rss-alert,scheduleTrigger,googleSheets,0.0
19184,form-to-endpoint,webhook,httpRequest,1.0
19185,morning-metrics,scheduleTrigger,googleSheets,1.0
19186,email-archiver,emailReadImap,readWriteFile,1.0
19187,rss-alert,rssFeedTrigger,slack,1.0
19188,form-to-endpoint,webhook,httpRequest,1.0
19189,morning-metrics,scheduleTrigger,googleSheets,1.0
19190,email-archiver,emailReadImap,readWriteFile,1.0
19191,rss-alert,rssFeedTrigger,slack,1.0
19192,form-to-endpoint,webhook,httpRequest,1.0
19193,morning-metrics,scheduleTrigger,googleSheets,1.0
19194,email-archiver,emailReadImap,readWriteFile,1.0
19195,rss-alert,rssFeedTrigger,slack,1.0
19196,form-to-endpoint,webhook,httpRequest,1.0
19197,morning-metrics,scheduleTrigger,googleSheets,1.0
19198,email-archiver,emailReadImap,readWriteFile,1.0
19199,rss-alert,rssFeedTrigger,slack,1.0
19200,form-to-endpoint,webhook,httpRequest,1.0
19201,morning-metrics,scheduleTrigger,googleSheets,1.0
19202,email-archiver,emailReadImap,readWriteFile,1.0
19203,rss-alert,emailReadImap,slack,0.5
19204,form-to-endpoint,webhook,httpRequest,1.0
19205,morning-metrics,scheduleTrigger,googleSheets,1.0
19206,email-archiver,emailReadImap,readWriteFile,1.0
19207,rss-alert,rssFeedTrigger,slack,1.0
19208,form-to-endpoint,webhook,httpRequest,1.0
19209,morning-metrics,scheduleTrigger,googleSheets,1.0
19210,email-archiver,emailReadImap,readWriteFile,1.0
19211,rss-alert,rssFeedTrigger,slack,1.0
19212,form-to-endpoint,webhook,httpRequest,1.0
19213,morning-metrics,webhook,googleSheets,0.5
19214,email-archiver,emailReadImap,readWriteFile,1.0
19215,rss-alert,rssFeedTrigger,slack,1.0
19216,form-to-endpoint,webhook,httpRequest,1.0
19217,morning-metrics,scheduleTrigger,googleSheets,1.0
19218,email-archiver,emailReadImap,readWriteFile,1.0
19219,rss-alert,rssFeedTrigger,slack,1.0
19220,form-to-endpoint,webhook,httpRequest,1.0
19221,morning-metrics,scheduleTrigger,googleSheets,1.0
19222,email-archiver,emailReadImap,readWriteFile,1.0
19223,rss-alert,rssFeedTrigger,slack,1.0
19224,form-to-endpoint,webhook,httpRequest,1.0
19225,morning-metrics,scheduleTrigger,googleSheets,1.0
19226,email-archiver,emailReadImap,readWriteFile,1.0
19227,rss-alert,rssFeedTrigger,slack,1.0
19228,form-to-endpoint,webhook,httpRequest,1.0
19229,morning-metrics,scheduleTrigger,googleSheets,1.0
19230,email-archiver,emailReadImap,readWriteFile,1.0
19231,rss-alert,rssFeedTrigger,slack,1.0
19232,form-to-endpoint,webhook,httpRequest,1.0
19233,morning-metrics,scheduleTrigger,googleSheets,1.0
19234,email-archiver,emailReadImap,readWriteFile,1.0
19235,rss-alert,rssFeedTrigger,slack,1.0
19236,form-to-endpoint,webhook,httpRequest,1.0
19237,morning-metrics,scheduleTrigger,slack,0.5
19238,email-archiver,emailReadImap,httpRequest,0.5
19239,rss-alert,rssFeedTrigger,slack,1.0
19240,form-to-endpoint,webhook,httpRequest,1.0
19241,morning-metrics,scheduleTrigger,googleSheets,1.0
19242,email-archiver,emailReadImap,readWriteFile,1.0
19243,rss-alert,rssFeedTrigger,slack,1.0
19244,form-to-endpoint,webhook,httpRequest,1.0
19245,morning-metrics,scheduleTrigger,googleSheets,1.0
19246,email-archiver,emailReadImap,readWriteFile,1.0
19247,rss-alert,rssFeedTrigger,slack,1.0
19248,form-to-endpoint,webhook,slack,0.5
19249,morning-metrics,scheduleTrigger,googleSheets,1.0
19250,email-archiver,emailReadImap,readWriteFile,1.0
19251,rss-alert,rssFeedTrigger,slack,1.0
19252,form-to-endpoint,webhook,httpRequest,1.0
19253,morning-metrics,scheduleTrigger,googleSheets,1.0
19254,email-archiver,emailReadImap,readWriteFile,1.0
19255,rss-alert,rssFeedTrigger,slack,1.0
19256,form-to-endpoint,webhook,httpRequest,1.0
19257,morning-metrics,scheduleTrigger,slack,0.5
19258,email-archiver,emailReadImap,readWriteFile,1.0
19259,rss-alert,rssFeedTrigger,googleSheets,0.5
19260,form-to-endpoint,webhook,httpRequest,1.0
19261,morning-metrics,scheduleTrigger,googleSheets,1.0
19262,email-archiver,emailReadImap,readWriteFile,1.0
19263,rss-alert,rssFeedTrigger,slack,1.0
19264,form-to-endpoint,webhook,httpRequest,1.0
19265,morning-metrics,scheduleTrigger,googleSheets,1.0
19266,email-archiver,emailReadImap,readWriteFile,1.0
19267,rss-alert,rssFeedTrigger,readWriteFile,0.5
19268,form-to-endpoint,webhook,httpRequest,1.0
19269,morning-metrics,scheduleTrigger,googleSheets,1.0
19270,email-archiver,emailReadImap,readWriteFile,1.0
19271,rss-alert,rssFeedTrigger,slack,1.0
19272,form-to-endpoint,webhook,httpRequest,1.0
19273,morning-metrics,scheduleTrigger,googleSheets,1.0
19274,email-archiver,webhook,readWriteFile,0.5
19275,rss-alert,emailReadImap,slack,0.5
19276,form-to-endpoint,webhook,httpRequest,1.0
19277,morning-metrics,scheduleTrigger,googleSheets,1.0
19278,email-archiver,emailReadImap,readWriteFile,1.0
19279,rss-alert,rssFeedTrigger,slack,1.0
19280,form-to-endpoint,webhook,httpRequest,1.0
19281,morning-metrics,scheduleTrigger,googleSheets,1.0
19282,email-archiver,emailReadImap,readWriteFile,1.0
19283,rss-alert,rssFeedTrigger,slack,1.0
19284,form-to-endpoint,webhook,httpRequest,1.0
19285,morning-metrics,scheduleTrigger,googleSheets,1.0
19286,email-archiver,emailReadImap,readWriteFile,1.0
19287,rss-alert,rssFeedTrigger,slack,1.0
19288,form-to-endpoint,webhook,httpRequest,1.0
19289,morning-metrics,scheduleTrigger,googleSheets,1.0
19290,email-archiver,emailReadImap,readWriteFile,1.0
19291,rss-alert,rssFeedTrigger,slack,1.0
19292,form-to-endpoint,webhook,readWriteFile,0.5
19293,morning-metrics,scheduleTrigger,googleSheets,1.0
19294,email-archiver,emailReadImap,readWriteFile,1.0
19295,rss-alert,rssFeedTrigger,slack,1.0
19296,form-to-endpoint,webhook,httpRequest,1.0
19297,morning-metrics,scheduleTrigger,googleSheets,1.0
19298,email-archiver,emailReadImap,readWriteFile,1.0
19299,rss-alert,rssFeedTrigger,httpRequest,0.5
19300,form-to-endpoint,webhook,httpRequest,1.0
19301,morning-metrics,scheduleTrigger,googleSheets,1.0
19302,email-archiver,emailReadImap,readWriteFile,1.0
19303,rss-alert,rssFeedTrigger,slack,1.0
19304,form-to-endpoint,webhook,httpRequest,1.0
19305,morning-metrics,scheduleTrigger,googleSheets,1.0
19306,email-archiver,emailReadImap,slack,0.5
19307,rss-alert,rssFeedTrigger,slack,1.0
19308,form-to-endpoint,webhook,httpRequest,1.0
19309,morning-metrics,scheduleTrigger,googleSheets,1.0
19310,email-archiver,emailReadImap,readWriteFile,1.0
19311,rss-alert,rssFeedTrigger,slack,1.0
19312,form-to-endpoint,webhook,httpRequest,1.0
19313,morning-metrics,scheduleTrigger,googleSheets,1.0
19314,email-archiver,emailReadImap,readWriteFile,1.0
19315,rss-alert,rssFeedTrigger,slack,1.0
19316,form-to-endpoint,webhook,httpRequest,1.0
19317,morning-metrics,scheduleTrigger,googleSheets,1.0
19318,email-archiver,emailReadImap,readWriteFile,1.0
19319,rss-alert,rssFeedTrigger,slack,1.0
19320,form-to-endpoint,rssFeedTrigger,httpRequest,0.5
19321,morning-metrics,scheduleTrigger,googleSheets,1.0
19322,email-archiver,emailReadImap,readWriteFile,1.0
19323,rss-alert,rssFeedTrigger,slack,1.0
19324,form-to-endpoint,webhook,httpRequest,1.0
19325,morning-metrics,scheduleTrigger,googleSheets,1.0
19326,email-archiver,emailReadImap,readWriteFile,1.0
19327,rss-alert,rssFeedTrigger,slack,1.0
19328,form-to-endpoint,webhook,httpRequest,1.0
19329,morning-metrics,scheduleTrigger,googleSheets,1.0
19330,email-archiver,emailReadImap,readWriteFile,1.0
19331,rss-alert,rssFeedTrigger,slack,1.0
19332,form-to-endpoint,webhook,httpRequest,1.0
19333,morning-metrics,scheduleTrigger,readWriteFile,0.5
19334,email-archiver,emailReadImap,readWriteFile,1.0
19335,rss-alert,rssFeedTrigger,slack,1.0
19336,form-to-endpoint,webhook,httpRequest,1.0
19337,morning-metrics,scheduleTrigger,googleSheets,1.0
19338,email-archiver,emailReadImap,readWriteFile,1.0
19339,rss-alert,rssFeedTrigger,slack,1.0
19340,form-to-endpoint,webhook,httpRequest,1.0
19341,morning-metrics,scheduleTrigger,googleSheets,1.0
19342,email-archiver,emailReadImap,slack,0.5
19343,rss-alert,rssFeedTrigger,slack,1.0
19344,form-to-endpoint,webhook,httpRequest,1.0
19345,morning-metrics,scheduleTrigger,googleSheets,1.0
19346,email-archiver,emailReadImap,readWriteFile,1.0
19347,rss-alert,rssFeedTrigger,slack,1.0
19348,form-to-endpoint,webhook,httpRequest,1.0
19349,morning-metrics,scheduleTrigger,googleSheets,1.0
19350,email-archiver,emailReadImap,readWriteFile,1.0
19351,rss-alert,rssFeedTrigger,slack,1.0
19352,form-to-endpoint,webhook,httpRequest,1.0
19353,morning-metrics,scheduleTrigger,googleSheets,1.0
19354,email-archiver,emailReadImap,readWriteFile,1.0
19355,rss-alert,rssFeedTrigger,slack,1.0
19356,form-to-endpoint,webhook,httpRequest,1.0
19357,morning-metrics,scheduleTrigger,googleSheets,1.0
19358,email-archiver,emailReadImap,slack,0.5
19359,rss-alert,rssFeedTrigger,slack,1.0
19360,form-to-endpoint,webhook,httpRequest,1.0
19361,morning-metrics,scheduleTrigger,googleSheets,1.0
19362,email-archiver,rssFeedTrigger,readWriteFile,0.5
19363,rss-alert,scheduleTrigger,readWriteFile,0.0
19364,form-to-endpoint,webhook,httpRequest,1.0
19365,morning-metrics,scheduleTrigger,googleSheets,1.0
19366,email-archiver,emailReadImap,readWriteFile,1.0
19367,rss-alert,rssFeedTrigger,slack,1.0
19368,form-to-endpoint,webhook,httpRequest,1.0
19369,morning-metrics,scheduleTrigger,googleSheets,1.0
19370,email-archiver,emailReadImap,readWriteFile,1.0
19371,rss-alert,rssFeedTrigger,slack,1.0
19372,form-to-endpoint,webhook,httpRequest,1.0
19373,morning-metrics,scheduleTrigger,googleSheets,1.0
19374,email-archiver,emailReadImap,readWriteFile,1.0
19375,rss-alert,rssFeedTrigger,googleSheets,0.5
19376,form-to-endpoint,webhook,httpRequest,1.0
19377,morning-metrics,scheduleTrigger,googleSheets,1.0
19378,email-archiver,emailReadImap,readWriteFile,1.0
19379,rss-alert,rssFeedTrigger,slack,1.0
19380,form-to-endpoint,webhook,httpRequest,1.0
19381,morning-metrics,emailReadImap,googleSheets,0.5
19382,email-archiver,rssFeedTrigger,readWriteFile,0.5
19383,rss-alert,rssFeedTrigger,httpRequest,0.5
19384,form-to-endpoint,webhook,httpRequest,1.0
19385,morning-metrics,scheduleTrigger,googleSheets,1.0
19386,email-archiver,emailReadImap,readWriteFile,1.0
19387,rss-alert,rssFeedTrigger,slack,1.0
19388,form-to-endpoint,webhook,httpRequest,1.0
19389,morning-metrics,emailReadImap,googleSheets,0.5
19390,email-archiver,emailReadImap,readWriteFile,1.0
19391,rss-alert,rssFeedTrigger,slack,1.0
19392,form-to-endpoint,scheduleTrigger,httpRequest,0.5
19393,morning-metrics,scheduleTrigger,googleSheets,1.0
19394,email-archiver,emailReadImap,readWriteFile,1.0
19395,rss-alert,rssFeedTrigger,slack,1.0
19396,form-to-endpoint,webhook,httpRequest,1.0
19397,morning-metrics,scheduleTrigger,googleSheets,1.0
19398,email-archiver,emailReadImap,readWriteFile,1.0
19399,rss-alert,rssFeedTrigger,slack,1.0
19400,form-to-endpoint,webhook,readWriteFile,0.5
19401,morning-metrics,scheduleTrigger,googleSheets,1.0
19402,email-archiver,emailReadImap,readWriteFile,1.0
19403,rss-alert,rssFeedTrigger,slack,1.0
19404,form-to-endpoint,webhook,httpRequest,1.0
19405,morning-metrics,scheduleTrigger,httpRequest,0.5
19406,email-archiver,emailReadImap,readWriteFile,1.0
19407,rss-alert,rssFeedTrigger,slack,1.0
19408,form-to-endpoint,webhook,httpRequest,1.0
19409,morning-metrics,scheduleTrigger,readWriteFile,0.5
19410,email-archiver,emailReadImap,readWriteFile,1.0
19411,rss-alert,rssFeedTrigger,slack,1.0
19412,form-to-endpoint,webhook,httpRequest,1.0
19413,morning-metrics,scheduleTrigger,googleSheets,1.0
19414,email-archiver,rssFeedTrigger,readWriteFile,0.5
19415,rss-alert,rssFeedTrigger,slack,1.0
19416,form-to-endpoint,webhook,httpRequest,1.0
19417,morning-metrics,scheduleTrigger,googleSheets,1.0
19418,email-archiver,emailReadImap,readWriteFile,1.0
19419,rss-alert,rssFeedTrigger,slack,1.0
19420,form-to-endpoint,webhook,httpRequest,1.0
19421,morning-metrics,scheduleTrigger,googleSheets,1.0
19422,email-archiver,emailReadImap,readWriteFile,1.0
19423,rss-alert,rssFeedTrigger,slack,1.0
19424,form-to-endpoint,webhook,httpRequest,1.0
19425,morning-metrics,scheduleTrigger,googleSheets,1.0
19426,email-archiver,emailReadImap,readWriteFile,1.0
19427,rss-alert,rssFeedTrigger,slack,1.0
19428,form-to-endpoint,webhook,httpRequest,1.0
19429,morning-metrics,scheduleTrigger,googleSheets,1.0
19430,email-archiver,emailReadImap,readWriteFile,1.0
19431,rss-alert,rssFeedTrigger,slack,1.0
19432,form-to-endpoint,webhook,httpRequest,1.0
19433,morning-metrics,scheduleTrigger,googleSheets,1.0
19434,email-archiver,emailReadImap,readWriteFile,1.0
19435,rss-alert,rssFeedTrigger,slack,1.0
19436,form-to-endpoint,scheduleTrigger,httpRequest,0.5
19437,morning-metrics,scheduleTrigger,googleSheets,1.0
19438,email-archiver,emailReadImap,readWriteFile,1.0
19439,rss-alert,rssFeedTrigger,slack,1.0
19440,form-to-endpoint,webhook,httpRequest,1.0
19441,morning-metrics,scheduleTrigger,googleSheets,1.0
19442,email-archiver,emailReadImap,readWriteFile,1.0
19443,rss-alert,rssFeedTrigger,slack,1.0
19444,form-to-endpoint,scheduleTrigger,httpRequest,0.5
19445,morning-metrics,scheduleTrigger,googleSheets,1.0
19446,email-archiver,emailReadImap,readWriteFile,1.0
19447,rss-alert,rssFeedTrigger,slack,1.0
19448,form-to-endpoint,webhook,slack,0.5
19449,morning-metrics,scheduleTrigger,googleSheets,1.0
19450,email-archiver,webhook,readWriteFile,0.5
19451,rss-alert,rssFeedTrigger,slack,1.0
19452,form-to-endpoint,webhook,httpRequest,1.0
19453,morning-metrics,scheduleTrigger,googleSheets,1.0
19454,email-archiver,emailReadImap,readWriteFile,1.0
19455,rss-alert,rssFeedTrigger,slack,1.0
19456,form-to-endpoint,scheduleTrigger,httpRequest,0.5
19457,morning-metrics,scheduleTrigger,googleSheets,1.0
19458,email-archiver,emailReadImap,readWriteFile,1.0
19459,rss-alert,rssFeedTrigger,slack,1.0
19460,form-to-endpoint,webhook,httpRequest,1.0
19461,morning-metrics,scheduleTrigger,googleSheets,1.0
19462,email-archiver,emailReadImap,readWriteFile,1.0
19463,rss-alert,rssFeedTrigger,slack,1.0
19464,form-to-endpoint,webhook,httpRequest,1.0
19465,morning-metrics,scheduleTrigger,googleSheets,1.0
19466,email-archiver,emailReadImap,readWriteFile,1.0
19467,rss-alert,rssFeedTrigger,slack,1.0
19468,form-to-endpoint,webhook,httpRequest,1.0
19469,morning-metrics,scheduleTrigger,googleSheets,1.0
19470,email-archiver,emailReadImap,readWriteFile,1.0
19471,rss-alert,rssFeedTrigger,slack,1.0
19472,form-to-endpoint,webhook,httpRequest,1.0
19473,morning-metrics,scheduleTrigger,googleSheets,1.0
19474,email-archiver,emailReadImap,readWriteFile,1.0
19475,rss-alert,rssFeedTrigger,slack,1.0
19476,form-to-endpoint,webhook,httpRequest,1.0
19477,morning-metrics,scheduleTrigger,googleSheets,1.0
19478,email-archiver,emailReadImap,readWriteFile,1.0
19479,rss-alert,rssFeedTrigger,slack,1.0
19480,form-to-endpoint,webhook,httpRequest,1.0
19481,morning-metrics,scheduleTrigger,googleSheets,1.0
19482,email-archiver,emailReadImap,readWriteFile,1.0
19483,rss-alert,rssFeedTrigger,slack,1.0
19484,form-to-endpoint,webhook,googleSheets,0.5
19485,morning-metrics,scheduleTrigger,googleSheets,1.0
19486,email-archiver,emailReadImap,readWriteFile,1.0
19487,rss-alert,rssFeedTrigger,slack,1.0
19488,form-to-endpoint,webhook,httpRequest,1.0
19489,morning-metrics,scheduleTrigger,googleSheets,1.0
19490,email-archiver,emailReadImap,readWriteFile,1.0
19491,rss-alert,rssFeedTrigger,readWriteFile,0.5
19492,form-to-endpoint,scheduleTrigger,httpRequest,0.5
19493,morning-metrics,scheduleTrigger,googleSheets,1.0
19494,email-archiver,emailReadImap,googleSheets,0.5
19495,rss-alert,scheduleTrigger,slack,0.5
19496,form-to-endpoint,webhook,httpRequest,1.0
19497,morning-metrics,scheduleTrigger,googleSheets,1.0
19498,email-archiver,emailReadImap,readWriteFile,1.0
19499,rss-alert,rssFeedTrigger,slack,1.0
19500,form-to-endpoint,webhook,httpRequest,1.0
19501,morning-metrics,scheduleTrigger,googleSheets,1.0
19502,email-archiver,emailReadImap,readWriteFile,1.0
19503,rss-alert,rssFeedTrigger,slack,1.0
19504,form-to-endpoint,emailReadImap,httpRequest,0.5
19505,morning-metrics,emailReadImap,googleSheets,0.5
19506,email-archiver,emailReadImap,readWriteFile,1.0
19507,rss-alert,rssFeedTrigger,slack,1.0
19508,form-to-endpoint,webhook,httpRequest,1.0
19509,morning-metrics,scheduleTrigger,googleSheets,1.0
19510,email-archiver,emailReadImap,readWriteFile,1.0
19511,rss-alert,rssFeedTrigger,slack,1.0
19512,form-to-endpoint,webhook,httpRequest,1.0
19513,morning-metrics,scheduleTrigger,googleSheets,1.0
19514,email-archiver,emailReadImap,slack,0.5
19515,rss-alert,rssFeedTrigger,slack,1.0
19516,form-to-endpoint,scheduleTrigger,httpRequest,0.5
19517,morning-metrics,scheduleTrigger,googleSheets,1.0
19518,email-archiver,emailReadImap,readWriteFile,1.0
19519,rss-alert,rssFeedTrigger,slack,1.0
19520,form-to-endpoint,webhook,httpRequest,1.0
19521,morning-metrics,scheduleTrigger,googleSheets,1.0
19522,email-archiver,emailReadImap,readWriteFile,1.0
19523,rss-alert,rssFeedTrigger,slack,1.0
19524,form-to-endpoint,webhook,httpRequest,1.0
19525,morning-metrics,rssFeedTrigger,googleSheets,0.5
19526,email-archiver,emailReadImap,readWriteFile,1.0
19527,rss-alert,rssFeedTrigger,slack,1.0
19528,form-to-endpoint,webhook,httpRequest,1.0
19529,morning-metrics,scheduleTrigger,googleSheets,1.0
19530,email-archiver,emailReadImap,readWriteFile,1.0
19531,rss-alert,rssFeedTrigger,slack,1.0
19532,form-to-endpoint,webhook,httpRequest,1.0
19533,morning-metrics,scheduleTrigger,googleSheets,1.0
19534,email-archiver,emailReadImap,readWriteFile,1.0
19535,rss-alert,rssFeedTrigger,slack,1.0
19536,form-to-endpoint,webhook,httpRequest,1.0
19537,morning-metrics,scheduleTrigger,googleSheets,1.0
19538,email-archiver,emailReadImap,readWriteFile,1.0
19539,rss-alert,rssFeedTrigger,readWriteFile,0.5
19540,form-to-endpoint,webhook,httpRequest,1.0
19541,morning-metrics,scheduleTrigger,googleSheets,1.0
19542,email-archiver,emailReadImap,readWriteFile,1.0
19543,rss-alert,rssFeedTrigger,slack,1.0
19544,form-to-endpoint,webhook,httpRequest,1.0
19545,morning-metrics,scheduleTrigger,googleSheets,1.0
19546,email-archiver,emailReadImap,readWriteFile,1.0
19547,rss-alert,rssFeedTrigger,slack,1.0
19548,form-to-endpoint,webhook,httpRequest,1.0
19549,morning-metrics,scheduleTrigger,googleSheets,1.0
19550,email-archiver,emailReadImap,readWriteFile,1.0
19551,rss-alert,rssFeedTrigger,httpRequest,0.5
19552,form-to-endpoint,webhook,httpRequest,1.0
19553,morning-metrics,scheduleTrigger,googleSheets,1.0
19554,email-archiver,emailReadImap,readWriteFile,1.0
19555,rss-alert,rssFeedTrigger,slack,1.0
19556,form-to-endpoint,webhook,slack,0.5
19557,morning-metrics,scheduleTrigger,googleSheets,1.0
19558,email-archiver,emailReadImap,readWriteFile,1.0
19559,rss-alert,rssFeedTrigger,googleSheets,0.5
19560,form-to-endpoint,webhook,httpRequest,1.0
19561,morning-metrics,scheduleTrigger,googleSheets,1.0
19562,email-archiver,emailReadImap,readWriteFile,1.0
19563,rss-alert,emailReadImap,slack,0.5
19564,form-to-endpoint,webhook,httpRequest,1.0
19565,morning-metrics,scheduleTrigger,googleSheets,1.0
19566,email-archiver,emailReadImap,readWriteFile,1.0
19567,rss-alert,rssFeedTrigger,slack,1.0
19568,form-to-endpoint,webhook,httpRequest,1.0
19569,morning-metrics,scheduleTrigger,googleSheets,1.0
19570,email-archiver,emailReadImap,readWriteFile,1.0
19571,rss-alert,rssFeedTrigger,slack,1.0
19572,form-to-endpoint,webhook,httpRequest,1.0
19573,morning-metrics,scheduleTrigger,googleSheets,1.0
19574,email-archiver,emailReadImap,httpRequest,0.5
19575,rss-alert,rssFeedTrigger,slack,1.0
19576,form-to-endpoint,webhook,httpRequest,1.0
19577,morning-metrics,scheduleTrigger,googleSheets,1.0
19578,email-archiver,emailReadImap,httpRequest,0.5
19579,rss-alert,rssFeedTrigger,httpRequest,0.5
19580,form-to-endpoint,webhook,httpRequest,1.0
19581,morning-metrics,scheduleTrigger,googleSheets,1.0
19582,email-archiver,emailReadImap,readWriteFile,1.0
19583,rss-alert,rssFeedTrigger,slack,1.0
19584,form-to-endpoint,webhook,httpRequest,1.0
19585,morning-metrics,scheduleTrigger,googleSheets,1.0
19586,email-archiver,emailReadImap,readWriteFile,1.0
19587,rss-alert,rssFeedTrigger,googleSheets,0.5
19588,form-to-endpoint,webhook,httpRequest,1.0
19589,morning-metrics,scheduleTrigger,googleSheets,1.0
19590,email-archiver,emailReadImap,readWriteFile,1.0
19591,rss-alert,rssFeedTrigger,slack,1.0
19592,form-to-endpoint,webhook,httpRequest,1.0
19593,morning-metrics,scheduleTrigger,googleSheets,1.0
19594,email-archiver,emailReadImap,readWriteFile,1.0
19595,rss-alert,rssFeedTrigger,slack,1.0
19596,form-to-endpoint,webhook,httpRequest,1.0
19597,morning-metrics,scheduleTrigger,googleSheets,1.0
19598,email-archiver,emailReadImap,readWriteFile,1.0
19599,rss-alert,rssFeedTrigger,slack,1.0
19600,form-to-endpoint,webhook,httpRequest,1.0
19601,morning-metrics,scheduleTrigger,googleSheets,1.0
19602,email-archiver,emailReadImap,readWriteFile,1.0
19603,rss-alert,rssFeedTrigger,slack,1.0
19604,form-to-endpoint,webhook,httpRequest,1.0
19605,morning-metrics,scheduleTrigger,googleSheets,1.0
19606,email-archiver,emailReadImap,googleSheets,0.5
19607,rss-alert,rssFeedTrigger,slack,1.0
19608,form-to-endpoint,webhook,httpRequest,1.0
19609,morning-metrics,scheduleTrigger,googleSheets,1.0
19610,email-archiver,emailReadImap,readWriteFile,1.0
19611,rss-alert,rssFeedTrigger,readWriteFile,0.5
19612,form-to-endpoint,webhook,httpRequest,1.0
19613,morning-metrics,scheduleTrigger,googleSheets,1.0
19614,email-archiver,emailReadImap,readWriteFile,1.0
19615,rss-alert,rssFeedTrigger,slack,1.0
19616,form-to-endpoint,webhook,httpRequest,1.0
19617,morning-metrics,scheduleTrigger,googleSheets,1.0
19618,email-archiver,emailReadImap,readWriteFile,1.0
19619,rss-alert,rssFeedTrigger,slack,1.0
19620,form-to-endpoint,webhook,httpRequest,1.0
19621,morning-metrics,scheduleTrigger,googleSheets,1.0
19622,email-archiver,emailReadImap,readWriteFile,1.0
19623,rss-alert,webhook,slack,0.5
19624,form-to-endpoint,webhook,httpRequest,1.0
19625,morning-metrics,scheduleTrigger,googleSheets,1.0
19626,email-archiver,emailReadImap,readWriteFile,1.0
19627,rss-alert,rssFeedTrigger,slack,1.0
19628,form-to-endpoint,webhook,httpRequest,1.0
19629,morning-metrics,scheduleTrigger,googleSheets,1.0
19630,email-archiver,emailReadImap,readWriteFile,1.0
19631,rss-alert,rssFeedTrigger,slack,1.0
19632,form-to-endpoint,rssFeedTrigger,httpRequest,0.5
19633,morning-metrics,scheduleTrigger,googleSheets,1.0
19634,email-archiver,emailReadImap,readWriteFile,1.0
19635,rss-alert,rssFeedTrigger,slack,1.0
19636,form-to-endpoint,webhook,httpRequest,1.0
19637,morning-metrics,emailReadImap,googleSheets,0.5
19638,email-archiver,emailReadImap,readWriteFile,1.0
19639,rss-alert,rssFeedTrigger,slack,1.0
19640,form-to-endpoint,webhook,httpRequest,1.0
19641,morning-metrics,scheduleTrigger,googleSheets,1.0
19642,email-archiver,webhook,readWriteFile,0.5
19643,rss-alert,rssFeedTrigger,slack,1.0
19644,form-to-endpoint,webhook,httpRequest,1.0
19645,morning-metrics,scheduleTrigger,googleSheets,1.0
19646,email-archiver,emailReadImap,readWriteFile,1.0
19647,rss-alert,rssFeedTrigger,slack,1.0
19648,form-to-endpoint,webhook,httpRequest,1.0
19649,morning-metrics,scheduleTrigger,googleSheets,1.0
19650,email-archiver,emailReadImap,readWriteFile,1.0
19651,rss-alert,rssFeedTrigger,slack,1.0
19652,form-to-endpoint,webhook,httpRequest,1.0
19653,morning-metrics,scheduleTrigger,googleSheets,1.0
19654,email-archiver,emailReadImap,readWriteFile,1.0
19655,rss-alert,rssFeedTrigger,slack,1.0
19656,form-to-endpoint,webhook,httpRequest,1.0
19657,morning-metrics,scheduleTrigger,googleSheets,1.0
19658,email-archiver,emailReadImap,readWriteFile,1.0
19659,rss-alert,rssFeedTrigger,slack,1.0
19660,form-to-endpoint,webhook,httpRequest,1.0
19661,morning-metrics,scheduleTrigger,googleSheets,1.0
19662,email-archiver,scheduleTrigger,readWriteFile,0.5
19663,rss-alert,webhook,slack,0.5
19664,form-to-endpoint,webhook,httpRequest,1.0
19665,morning-metrics,scheduleTrigger,googleSheets,1.0
19666,email-archiver,emailReadImap,readWriteFile,1.0
19667,rss-alert,rssFeedTrigger,slack,1.0
19668,form-to-endpoint,webhook,httpRequest,1.0
19669,morning-metrics,scheduleTrigger,googleSheets,1.0
19670,email-archiver,emailReadImap,readWriteFile,1.0
19671,rss-alert,rssFeedTrigger,slack,1.0
19672,form-to-endpoint,webhook,httpRequest,1.0
19673,morning-metrics,rssFeedTrigger,googleSheets,0.5
19674,email-archiver,emailReadImap,readWriteFile,1.0
19675,rss-alert,rssFeedTrigger,slack,1.0
19676,form-to-endpoint,webhook,httpRequest,1.0
19677,morning-metrics,scheduleTrigger,googleSheets,1.0
19678,email-archiver,emailReadImap,readWriteFile,1.0
19679,rss-alert,scheduleTrigger,slack,0.5
19680,form-to-endpoint,webhook,httpRequest,1.0
19681,morning-metrics,scheduleTrigger,googleSheets,1.0
19682,email-archiver,emailReadImap,readWriteFile,1.0
19683,rss-alert,rssFeedTrigger,slack,1.0
19684,form-to-endpoint,webhook,httpRequest,1.0
19685,morning-metrics,scheduleTrigger,googleSheets,1.0
19686,email-archiver,emailReadImap,readWriteFile,1.0
19687,rss-alert,rssFeedTrigger,slack,1.0
19688,form-to-endpoint,webhook,httpRequest,1.0
19689,morning-metrics,scheduleTrigger,googleSheets,1.0
19690,email-archiver,emailReadImap,readWriteFile,1.0
19691,rss-alert,rssFeedTrigger,slack,1.0
19692,form-to-endpoint,scheduleTrigger,httpRequest,0.5
19693,morning-metrics,scheduleTrigger,googleSheets,1.0
19694,email-archiver,emailReadImap,readWriteFile,1.0
19695,rss-alert,rssFeedTrigger,slack,1.0
19696,form-to-endpoint,webhook,httpRequest,1.0
19697,morning-metrics,scheduleTrigger,googleSheets,1.0
19698,email-archiver,emailReadImap,readWriteFile,1.0
19699,rss-alert,rssFeedTrigger,slack,1.0
19700,form-to-endpoint,webhook,httpRequest,1.0
19701,morning-metrics,scheduleTrigger,googleSheets,1.0
19702,email-archiver,emailReadImap,googleSheets,0.5
19703,rss-alert,rssFeedTrigger,slack,1.0
19704,form-to-endpoint,webhook,httpRequest,1.0
19705,morning-metrics,scheduleTrigger,googleSheets,1.0
19706,email-archiver,emailReadImap,readWriteFile,1.0
19707,rss-alert,rssFeedTrigger,slack,1.0
19708,form-to-endpoint,webhook,httpRequest,1.0
19709,morning-metrics,scheduleTrigger,googleSheets,1.0
19710,email-archiver,emailReadImap,readWriteFile,1.0
19711,rss-alert,rssFeedTrigger,slack,1.0
19712,form-to-endpoint,webhook,httpRequest,1.0
19713,morning-metrics,scheduleTrigger,googleSheets,1.0
19714,email-archiver,emailReadImap,readWriteFile,1.0
19715,rss-alert,rssFeedTrigger,slack,1.0
19716,form-to-endpoint,webhook,readWriteFile,0.5
19717,morning-metrics,scheduleTrigger,googleSheets,1.0
19718,email-archiver,emailReadImap,readWriteFile,1.0
19719,rss-alert,rssFeedTrigger,slack,1.0
19720,form-to-endpoint,webhook,httpRequest,1.0
19721,morning-metrics,emailReadImap,googleSheets,0.5
19722,email-archiver,emailReadImap,readWriteFile,1.0
19723,rss-alert,rssFeedTrigger,slack,1.0
19724,form-to-endpoint,webhook,httpRequest,1.0
19725,morning-metrics,scheduleTrigger,googleSheets,1.0
19726,email-archiver,emailReadImap,readWriteFile,1.0
19727,rss-alert,rssFeedTrigger,slack,1.0
19728,form-to-endpoint,webhook,httpRequest,1.0
19729,morning-metrics,scheduleTrigger,googleSheets,1.0
19730,email-archiver,emailReadImap,readWriteFile,1.0
19731,rss-alert,rssFeedTrigger,slack,1.0
19732,form-to-endpoint,webhook,httpRequest,1.0
19733,morning-metrics,scheduleTrigger,googleSheets,1.0
19734,email-archiver,emailReadImap,readWriteFile,1.0
19735,rss-alert,rssFeedTrigger,slack,1.0
19736,form-to-endpoint,webhook,httpRequest,1.0
19737,morning-metrics,scheduleTrigger,httpRequest,0.5
19738,email-archiver,scheduleTrigger,readWriteFile,0.5
19739,rss-alert,rssFeedTrigger,slack,1.0
19740,form-to-endpoint,webhook,httpRequest,1.0
19741,morning-metrics,scheduleTrigger,googleSheets,1.0
19742,email-archiver,emailReadImap,readWriteFile,1.0
19743,rss-alert,rssFeedTrigger,slack,1.0
19744,form-to-endpoint,webhook,httpRequest,1.0
19745,morning-metrics,scheduleTrigger,googleSheets,1.0
19746,email-archiver,emailReadImap,readWriteFile,1.0
19747,rss-alert,rssFeedTrigger,slack,1.0
19748,form-to-endpoint,webhook,googleSheets,0.5
19749,morning-metrics,scheduleTrigger,googleSheets,1.0
19750,email-archiver,emailReadImap,readWriteFile,1.0
19751,rss-alert,webhook,slack,0.5
19752,form-to-endpoint,webhook,httpRequest,1.0
19753,morning-metrics,webhook,googleSheets,0.5
19754,email-archiver,emailReadImap,readWriteFile,1.0
19755,rss-alert,rssFeedTrigger,slack,1.0
19756,form-to-endpoint,webhook,httpRequest,1.0
19757,morning-metrics,emailReadImap,googleSheets,0.5
19758,email-archiver,emailReadImap,readWriteFile,1.0
19759,rss-alert,rssFeedTrigger,slack,1.0
19760,form-to-endpoint,webhook,httpRequest,1.0
19761,morning-metrics,scheduleTrigger,googleSheets,1.0
19762,email-archiver,emailReadImap,readWriteFile,1.0
19763,rss-alert,rssFeedTrigger,slack,1.0
19764,form-to-endpoint,webhook,httpRequest,1.0
19765,morning-metrics,scheduleTrigger,googleSheets,1.0
19766,email-archiver,emailReadImap,readWriteFile,1.0
19767,rss-alert,scheduleTrigger,slack,0.5
19768,form-to-endpoint,webhook,httpRequest,1.0
19769,morning-metrics,scheduleTrigger,httpRequest,0.5
19770,email-archiver,emailReadImap,readWriteFile,1.0
19771,rss-alert,rssFeedTrigger,slack,1.0
19772,form-to-endpoint,webhook,httpRequest,1.0
19773,morning-metrics,scheduleTrigger,googleSheets,1.0
19774,email-archiver,emailReadImap,readWriteFile,1.0
19775,rss-alert,rssFeedTrigger,slack,1.0
19776,form-to-endpoint,webhook,httpRequest,1.0
19777,morning-metrics,scheduleTrigger,googleSheets,1.0
19778,email-archiver,emailReadImap,readWriteFile,1.0
19779,rss-alert,rssFeedTrigger,slack,1.0
19780,form-to-endpoint,emailReadImap,httpRequest,0.5
19781,morning-metrics,scheduleTrigger,googleSheets,1.0
19782,email-archiver,emailReadImap,readWriteFile,1.0
19783,rss-alert,rssFeedTrigger,slack,1.0
19784,form-to-endpoint,webhook,httpRequest,1.0
19785,morning-metrics,emailReadImap,googleSheets,0.5
19786,email-archiver,emailReadImap,readWriteFile,1.0
19787,rss-alert,rssFeedTrigger,slack,1.0
19788,form-to-endpoint,webhook,readWriteFile,0.5
19789,morning-metrics,scheduleTrigger,googleSheets,1.0
19790,email-archiver,emailReadImap,readWriteFile,1.0
19791,rss-alert,rssFeedTrigger,slack,1.0
19792,form-to-endpoint,webhook,readWriteFile,0.5
19793,morning-metrics,scheduleTrigger,googleSheets,1.0
19794,email-archiver,emailReadImap,readWriteFile,1.0
19795,rss-alert,rssFeedTrigger,slack,1.0
19796,form-to-endpoint,webhook,httpRequest,1.0
19797,morning-metrics,scheduleTrigger,googleSheets,1.0
19798,email-archiver,emailReadImap,readWriteFile,1.0
19799,rss-alert,rssFeedTrigger,slack,1.0
19800,form-to-endpoint,webhook,httpRequest,1.0
19801,morning-metrics,scheduleTrigger,readWriteFile,0.5
19802,email-archiver,emailReadImap,readWriteFile,1.0
19803,rss-alert,rssFeedTrigger,slack,1.0
19804,form-to-endpoint,webhook,httpRequest,1.0
19805,morning-metrics,scheduleTrigger,googleSheets,1.0
19806,email-archiver,emailReadImap,readWriteFile,1.0
19807,rss-alert,rssFeedTrigger,slack,1.0
19808,form-to-endpoint,webhook,httpRequest,1.0
19809,morning-metrics,scheduleTrigger,googleSheets,1.0
19810,email-archiver,emailReadImap,readWriteFile,1.0
19811,rss-alert,rssFeedTrigger,slack,1.0
19812,form-to-endpoint,webhook,httpRequest,1.0
19813,morning-metrics,scheduleTrigger,googleSheets,1.0
19814,email-archiver,emailReadImap,readWriteFile,1.0
19815,rss-alert,rssFeedTrigger,slack,1.0
19816,form-to-endpoint,webhook,httpRequest,1.0
19817,morning-metrics,webhook,httpRequest,0.0
19818,email-archiver,emailReadImap,slack,0.5
19819,rss-alert,rssFeedTrigger,slack,1.0
19820,form-to-endpoint,webhook,slack,0.5
19821,morning-metrics,scheduleTrigger,googleSheets,1.0
19822,email-archiver,emailReadImap,readWriteFile,1.0
19823,rss-alert,rssFeedTrigger,slack,1.0
19824,form-to-endpoint,webhook,slack,0.5
19825,morning-metrics,scheduleTrigger,googleSheets,1.0
19826,email-archiver,emailReadImap,readWriteFile,1.0
19827,rss-alert,rssFeedTrigger,slack,1.0
19828,form-to-endpoint,webhook,httpRequest,1.0
19829,morning-metrics,scheduleTrigger,googleSheets,1.0
19830,email-archiver,webhook,readWriteFile,0.5
19831,rss-alert,rssFeedTrigger,slack,1.0
19832,form-to-endpoint,webhook,httpRequest,1.0
19833,morning-metrics,scheduleTrigger,googleSheets,1.0
19834,email-archiver,emailReadImap,readWriteFile,1.0
19835,rss-alert,rssFeedTrigger,slack,1.0
19836,form-to-endpoint,emailReadImap,httpRequest,0.5
19837,morning-metrics,scheduleTrigger,googleSheets,1.0
19838,email-archiver,emailReadImap,readWriteFile,1.0
19839,rss-alert,rssFeedTrigger,slack,1.0
19840,form-to-endpoint,webhook,httpRequest,1.0
19841,morning-metrics,scheduleTrigger,googleSheets,1.0
19842,email-archiver,emailReadImap,readWriteFile,1.0
19843,rss-alert,rssFeedTrigger,slack,1.0
19844,form-to-endpoint,webhook,httpRequest,1.0
19845,morning-metrics,scheduleTrigger,googleSheets,1.0
19846,email-archiver,emailReadImap,readWriteFile,1.0
19847,rss-alert,rssFeedTrigger,slack,1.0
19848,form-to-endpoint,webhook,httpRequest,1.0
19849,morning-metrics,scheduleTrigger,googleSheets,1.0
19850,email-archiver,emailReadImap,readWriteFile,1.0
19851,rss-alert,rssFeedTrigger,slack,1.0
19852,form-to-endpoint,webhook,httpRequest,1.0
19853,morning-metrics,scheduleTrigger,googleSheets,1.0
19854,email-archiver,emailReadImap,readWriteFile,1.0
19855,rss-alert,rssFeedTrigger,slack,1.0
19856,form-to-endpoint,webhook,httpRequest,1.0
19857,morning-metrics,scheduleTrigger,readWriteFile,0.5
19858,email-archiver,webhook,readWriteFile,0.5
19859,rss-alert,rssFeedTrigger,slack,1.0
19860,form-to-endpoint,webhook,readWriteFile,0.5
19861,morning-metrics,scheduleTrigger,googleSheets,1.0
19862,email-archiver,emailReadImap,readWriteFile,1.0
19863,rss-alert,rssFeedTrigger,readWriteFile,0.5
19864,form-to-endpoint,webhook,httpRequest,1.0
19865,morning-metrics,scheduleTrigger,googleSheets,1.0
19866,email-archiver,emailReadImap,readWriteFile,1.0
19867,rss-alert,rssFeedTrigger,slack,1.0
19868,form-to-endpoint,webhook,httpRequest,1.0
19869,morning-metrics,scheduleTrigger,googleSheets,1.0
19870,email-archiver,emailReadImap,readWriteFile,1.0
19871,rss-alert,rssFeedTrigger,slack,1.0
19872,form-to-endpoint,webhook,httpRequest,1.0
19873,morning-metrics,scheduleTrigger,googleSheets,1.0
19874,email-archiver,emailReadImap,readWriteFile,1.0
19875,rss-alert,rssFeedTrigger,slack,1.0
19876,form-to-endpoint,webhook,readWriteFile,0.5
19877,morning-metrics,scheduleTrigger,googleSheets,1.0
19878,email-archiver,emailReadImap,readWriteFile,1.0
19879,rss-alert,rssFeedTrigger,slack,1.0
19880,form-to-endpoint,webhook,httpRequest,1.0
19881,morning-metrics,scheduleTrigger,googleSheets,1.0
19882,email-archiver,emailReadImap,readWriteFile,1.0
19883,rss-alert,rssFeedTrigger,googleSheets,0.5
19884,form-to-endpoint,webhook,httpRequest,1.0
19885,morning-metrics,scheduleTrigger,googleSheets,1.0
19886,email-archiver,emailReadImap,readWriteFile,1.0
19887,rss-alert,rssFeedTrigger,slack,1.0
19888,form-to-endpoint,webhook,httpRequest,1.0
19889,morning-metrics,scheduleTrigger,googleSheets,1.0
19890,email-archiver,emailReadImap,readWriteFile,1.0
19891,rss-alert,rssFeedTrigger,slack,1.0
19892,form-to-endpoint,webhook,slack,0.5
19893,morning-metrics,scheduleTrigger,googleSheets,1.0
19894,email-archiver,emailReadImap,readWriteFile,1.0
19895,rss-alert,rssFeedTrigger,slack,1.0
19896,form-to-endpoint,webhook,httpRequest,1.0
19897,morning-metrics,scheduleTrigger,googleSheets,1.0
19898,email-archiver,emailReadImap,readWriteFile,1.0
19899,rss-alert,rssFeedTrigger,httpRequest,0.5
19900,form-to-endpoint,webhook,httpRequest,1.0
19901,morning-metrics,scheduleTrigger,googleSheets,1.0
19902,email-archiver,emailReadImap,readWriteFile,1.0
19903,rss-alert,rssFeedTrigger,slack,1.0
19904,form-to-endpoint,webhook,httpRequest,1.0
19905,morning-metrics,scheduleTrigger,googleSheets,1.0
19906,email-archiver,emailReadImap,readWriteFile,1.0
19907,rss-alert,webhook,slack,0.5
19908,form-to-endpoint,webhook,httpRequest,1.0
19909,morning-metrics,scheduleTrigger,googleSheets,1.0
19910,email-archiver,emailReadImap,googleSheets,0.5
19911,rss-alert,rssFeedTrigger,slack,1.0
19912,form-to-endpoint,webhook,httpRequest,1.0
19913,morning-metrics,scheduleTrigger,googleSheets,1.0
19914,email-archiver,emailReadImap,readWriteFile,1.0
19915,rss-alert,rssFeedTrigger,slack,1.0
19916,form-to-endpoint,webhook,httpRequest,1.0
19917,morning-metrics,scheduleTrigger,googleSheets,1.0
19918,email-archiver,rssFeedTrigger,readWriteFile,0.5
19919,rss-alert,rssFeedTrigger,slack,1.0
19920,form-to-endpoint,webhook,httpRequest,1.0
19921,morning-metrics,scheduleTrigger,googleSheets,1.0
19922,email-archiver,emailReadImap,readWriteFile,1.0
19923,rss-alert,rssFeedTrigger,slack,1.0
19924,form-to-endpoint,webhook,httpRequest,1.0
19925,morning-metrics,scheduleTrigger,googleSheets,1.0
19926,email-archiver,emailReadImap,readWriteFile,1.0
19927,rss-alert,rssFeedTrigger,slack,1.0
19928,form-to-endpoint,webhook,httpRequest,1.0
19929,morning-metrics,scheduleTrigger,googleSheets,1.0
19930,email-archiver,emailReadImap,readWriteFile,1.0
19931,rss-alert,rssFeedTrigger,slack,1.0
19932,form-to-endpoint,webhook,httpRequest,1.0
19933,morning-metrics,scheduleTrigger,googleSheets,1.0
19934,email-archiver,emailReadImap,readWriteFile,1.0
19935,rss-alert,rssFeedTrigger,slack,1.0
19936,form-to-endpoint,webhook,httpRequest,1.0
19937,morning-metrics,scheduleTrigger,googleSheets,1.0
19938,email-archiver,emailReadImap,readWriteFile,1.0
19939,rss-alert,webhook,slack,0.5
19940,form-to-endpoint,webhook,httpRequest,1.0
19941,morning-metrics,scheduleTrigger,googleSheets,1.0
19942,email-archiver,emailReadImap,readWriteFile,1.0
19943,rss-alert,rssFeedTrigger,slack,1.0
19944,form-to-endpoint,webhook,httpRequest,1.0
19945,morning-metrics,scheduleTrigger,slack,0.5
19946,email-archiver,emailReadImap,readWriteFile,1.0
19947,rss-alert,rssFeedTrigger,slack,1.0
19948,form-to-endpoint,webhook,httpRequest,1.0
19949,morning-metrics,scheduleTrigger,googleSheets,1.0
19950,email-archiver,emailReadImap,readWriteFile,1.0
19951,rss-alert,rssFeedTrigger,slack,1.0
19952,form-to-endpoint,webhook,httpRequest,1.0
19953,morning-metrics,scheduleTrigger,googleSheets,1.0
19954,email-archiver,emailReadImap,readWriteFile,1.0
19955,rss-alert,rssFeedTrigger,slack,1.0
19956,form-to-endpoint,webhook,httpRequest,1.0
19957,morning-metrics,scheduleTrigger,googleSheets,1.0
19958,email-archiver,emailReadImap,readWriteFile,1.0
19959,rss-alert,rssFeedTrigger,slack,1.0
19960,form-to-endpoint,webhook,httpRequest,1.0
19961,morning-metrics,scheduleTrigger,googleSheets,1.0
19962,email-archiver,emailReadImap,readWriteFile,1.0
19963,rss-alert,rssFeedTrigger,slack,1.0
19964,form-to-endpoint,webhook,httpRequest,1.0
19965,morning-metrics,scheduleTrigger,googleSheets,1.0
19966,email-archiver,emailReadImap,readWriteFile,1.0
19967,rss-alert,rssFeedTrigger,slack,1.0
19968,form-to-endpoint,webhook,httpRequest,1.0
19969,morning-metrics,scheduleTrigger,googleSheets,1.0
19970,email-archiver,webhook,readWriteFile,0.5
19971,rss-alert,rssFeedTrigger,slack,1.0
19972,form-to-endpoint,webhook,httpRequest,1.0
19973,morning-metrics,scheduleTrigger,googleSheets,1.0
19974,email-archiver,emailReadImap,readWriteFile,1.0
19975,rss-alert,rssFeedTrigger,slack,1.0
19976,form-to-endpoint,webhook,httpRequest,1.0
19977,morning-metrics,scheduleTrigger,googleSheets,1.0
19978,email-archiver,emailReadImap,readWriteFile,1.0
19979,rss-alert,rssFeedTrigger,slack,1.0
19980,form-to-endpoint,webhook,httpRequest,1.0
19981,morning-metrics,scheduleTrigger,googleSheets,1.0
19982,email-archiver,emailReadImap,readWriteFile,1.0
19983,rss-alert,rssFeedTrigger,slack,1.0
19984,form-to-endpoint,webhook,httpRequest,1.0
19985,morning-metrics,scheduleTrigger,googleSheets,1.0
19986,email-archiver,emailReadImap,readWriteFile,1.0
19987,rss-alert,rssFeedTrigger,slack,1.0
19988,form-to-endpoint,webhook,httpRequest,1.0
19989,morning-metrics,webhook,googleSheets,0.5
19990,email-archiver,emailReadImap,googleSheets,0.5
19991,rss-alert,rssFeedTrigger,slack,1.0
19992,form-to-endpoint,webhook,httpRequest,1.0
19993,morning-metrics,scheduleTrigger,googleSheets,1.0
19994,email-archiver,emailReadImap,readWriteFile,1.0
19995,rss-alert,rssFeedTrigger,slack,1.0
19996,form-to-endpoint,webhook,httpRequest,1.0
19997,morning-metrics,scheduleTrigger,googleSheets,1.0
19998,email-archiver,emailReadImap,readWriteFile,1.0
19999,rss-alert,rssFeedTrigger,slack,1.0
